Workbook

Sheet 0. ГИРА
A1: Кадастр | B1: 1006 | C1: Месяц | D1: 45962 | E1: 45992 | F1: Потребл. | G1: 45962 | H1: 46023 | I1: Потребл. | J1: 45992 | K1: 46054 | L1: Потребл. | M1: 46023 | N1: 46082 | O1: Потребл. | P1: 46054 | Q1: 46113 | R1: Потребл. | S1: 46082 | T1: 46143 | U1: Потребл. | V1: 46113 | W1: 46174 | X1: Потребл. | Y1: 46143 | Z1: 46204 | AA1: Потребл. | AB1: 46174 | AC1: 46235 | AD1: Потребл. | AE1: 46204 | AF1: 46266 | AG1: Потребл. | AH1: 46235 | AI1: 46296 | AJ1: Потребл. | AK1: 46266 | AL1: 46327 | AM1: Потребл. | AN1: 46296 | AO1: 46357 | AP1: Потребл. | AQ1: 46327 | AR1: 46388 | AS1: Потребл. | AT1: 46357 | AU1: 46419 | AV1: Потребл. | AW1: 46388 | AX1: 46447 | AY1: Потребл. | AZ1: 46419 | BA1: 46478 | BB1: Потребл. | BC1: 46447 | BD1: 46508 | BE1: Потребл. | BF1: 46478 | BG1: 46539 | BH1: Потребл. | BI1: 46508 | BJ1: 46569 | BK1: Потребл. | BL1: 46539 | BM1: 46600 | BN1: Потребл. | BO1: 46569 | BP1: 46631 | BQ1: Потребл. | BR1: 46600 | BS1: 46661 | BT1: Потребл. | BU1: 46631 | BV1: 46692 | BW1: Потребл. | BX1: 46661 | BY1: 46722 | BZ1: Потребл. | CA1: 46692
A2: Потребитель | B2: ГИРА | D2: знач. | E2: знач. | F2: знач. | G2: руб. | H2: знач. | I2: знач. | J2: руб. | K2: знач. | L2: знач. | M2: руб. | N2: знач. | O2: знач. | P2: руб. | Q2: знач. | R2: знач. | S2: руб. | T2: знач. | U2: знач. | V2: руб. | W2: знач. | X2: знач. | Y2: руб. | Z2: знач. | AA2: знач. | AB2: руб. | AC2: знач. | AD2: знач. | AE2: руб. | AF2: знач. | AG2: знач. | AH2: руб. | AI2: знач. | AJ2: знач. | AK2: руб. | AL2: знач. | AM2: знач. | AN2: руб. | AO2: знач. | AP2: знач. | AQ2: руб. | AR2: знач. | AS2: знач. | AT2: руб. | AU2: знач. | AV2: знач. | AW2: руб. | AX2: знач. | AY2: знач. | AZ2: руб. | BA2: знач. | BB2: знач. | BC2: руб. | BD2: знач. | BE2: знач. | BF2: руб. | BG2: знач. | BH2: знач. | BI2: руб. | BJ2: знач. | BK2: знач. | BL2: руб. | BM2: знач. | BN2: знач. | BO2: руб. | BP2: знач. | BQ2: знач. | BR2: руб. | BS2: знач. | BT2: знач. | BU2: руб. | BV2: знач. | BW2: знач. | BX2: руб. | BY2: знач. | BZ2: знач. | CA2: руб.
A3: Площадь | B3: 487.45 | C3: Электричество | D3: 115000 | E3: 120000 | F3: 222222 | G3: 10000 | H3: 222222 | I3: =H3-E3 | J3: 20000 | K3: 350 | L3: =K3-H3 | M3: 10000 | O3: =N3-K3 | R3: =Q3-N3 | U3: =T3-Q3 | X3: =W3-T3 | AA3: =Z3-W3 | AD3: =AC3-Z3 | AG3: =AF3-AC3 | AJ3: =AI3-AF3 | AM3: =AL3-AI3 | AP3: =AO3-AL3 | AS3: =AR3-AO3 | AV3: =AU3-AR3 | AY3: =AX3-AU3 | BB3: =BA3-AX3 | BE3: =BD3-BA3 | BH3: =BG3-BD3 | BK3: =BJ3-BG3 | BN3: =BM3-BJ3 | BQ3: =BP3-BM3 | BT3: =BS3-BP3 | BW3: =BV3-BS3 | BZ3: =BY3-BV3
A4: ИНН | C4: Электричество тариф | G4: =G3/F3 | J4: =J3/I3 | M4: =M3/L3 | P4: =P3/O3 | S4: =S3/R3 | V4: =V3/U3 | Y4: =Y3/X3 | AB4: =AB3/AA3 | AE4: =AE3/AD3 | AH4: =AH3/AG3 | AK4: =AK3/AJ3 | AN4: =AN3/AM3 | AQ4: =AQ3/AP3 | AT4: =AT3/AS3 | AW4: =AW3/AV3 | AZ4: =AZ3/AY3 | BC4: =BC3/BB3 | BF4: =BF3/BE3 | BI4: =BI3/BH3 | BL4: =BL3/BK3 | BO4: =BO3/BN3 | BR4: =BR3/BQ3 | BU4: =BU3/BT3 | BX4: =BX3/BW3 | CA4: =CA3/BZ3
A5: Кол-во помещ | B5: 7 | C5: Водоканал холодная вода | D5: 115000 | E5: 120000 | F5: 222222 | G5: 15000 | H5: 222222 | I5: =H5-E5 | J5: 15000 | K5: 17912 | L5: =K5-H5 | M5: 212 | O5: =N5-K5 | R5: =Q5-N5 | U5: =T5-Q5 | X5: =W5-T5 | AA5: =Z5-W5 | AD5: =AC5-Z5 | AG5: =AF5-AC5 | AJ5: =AI5-AF5 | AM5: =AL5-AI5 | AP5: =AO5-AL5 | AS5: =AR5-AO5 | AV5: =AU5-AR5 | AY5: =AX5-AU5 | BB5: =BA5-AX5 | BE5: =BD5-BA5 | BH5: =BG5-BD5 | BK5: =BJ5-BG5 | BN5: =BM5-BJ5 | BQ5: =BP5-BM5 | BT5: =BS5-BP5 | BW5: =BV5-BS5 | BZ5: =BY5-BV5
C6: Водоканал холодная Тариф | G6: =G5/F5 | J6: =J5/I5 | M6: =M5/L5 | P6: =P5/O5 | S6: =S5/R5 | V6: =V5/U5 | Y6: =Y5/X5 | AB6: =AB5/AA5 | AE6: =AE5/AD5 | AH6: =AH5/AG5 | AK6: =AK5/AJ5 | AN6: =AN5/AM5 | AQ6: =AQ5/AP5 | AT6: =AT5/AS5 | AW6: =AW5/AV5 | AZ6: =AZ5/AY5 | BC6: =BC5/BB5 | BF6: =BF5/BE5 | BI6: =BI5/BH5 | BL6: =BL5/BK5 | BO6: =BO5/BN5 | BR6: =BR5/BQ5 | BU6: =BU5/BT5 | BX6: =BX5/BW5 | CA6: =CA5/BZ5
C7: Водоканал горячая вода | D7: 115000 | E7: 120000 | F7: 222222 | G7: 20000 | H7: 222222 | I7: =H7-E7 | J7: 20000 | K7: 17912 | L7: =K7-H7 | M7: 12 | O7: =N7-K7 | R7: =Q7-N7 | U7: =T7-Q7 | X7: =W7-T7 | AA7: =Z7-W7 | AD7: =AC7-Z7 | AG7: =AF7-AC7 | AJ7: =AI7-AF7 | AM7: =AL7-AI7 | AP7: =AO7-AL7 | AS7: =AR7-AO7 | AV7: =AU7-AR7 | AY7: =AX7-AU7 | BB7: =BA7-AX7 | BE7: =BD7-BA7 | BH7: =BG7-BD7 | BK7: =BJ7-BG7 | BN7: =BM7-BJ7 | BQ7: =BP7-BM7 | BT7: =BS7-BP7 | BW7: =BV7-BS7 | BZ7: =BY7-BV7
C8: Водоканал горячая Тариф | G8: =G7/F7 | J8: =J7/I7 | M8: =M7/L7 | P8: =P7/O7 | S8: =S7/R7 | V8: =V7/U7 | Y8: =Y7/X7 | AB8: =AB7/AA7 | AE8: =AE7/AD7 | AH8: =AH7/AG7 | AK8: =AK7/AJ7 | AN8: =AN7/AM7 | AQ8: =AQ7/AP7 | AT8: =AT7/AS7 | AW8: =AW7/AV7 | AZ8: =AZ7/AY7 | BC8: =BC7/BB7 | BF8: =BF7/BE7 | BI8: =BI7/BH7 | BL8: =BL7/BK7 | BO8: =BO7/BN7 | BR8: =BR7/BQ7 | BU8: =BU7/BT7 | BX8: =BX7/BW7 | CA8: =CA7/BZ7
C9: Тепло | F9: 222222 | G9: 12000 | H9: 222222 | I9: 1000 | J9: 12000 | K9: 2000 | M9: 10000
C10: Тепло тариф | G10: =G9/$B3 | J10: =J9/$B3 | M10: =M9/$B3 | P10: =P9/$B3 | S10: =S9/$B3 | V10: =V9/$B3 | Y10: =Y9/$B3 | AB10: =AB9/$B3 | AE10: =AE9/$B3 | AH10: =AH9/$B3 | AK10: =AK9/$B3 | AN10: =AN9/$B3 | AQ10: =AQ9/$B3 | AT10: =AT9/$B3 | AW10: =AW9/$B3 | AZ10: =AZ9/$B3 | BC10: =BC9/$B3 | BF10: =BF9/$B3 | BI10: =BI9/$B3 | BL10: =BL9/$B3 | BO10: =BO9/$B3 | BR10: =BR9/$B3 | BU10: =BU9/$B3 | BX10: =BX9/$B3 | CA10: =CA9/$B3
C11: Экспл. Услуги от УК | G11: 85000 | H11: 222222 | I11: =J11/(Реестр!A20) | J11: 85000 | L11: =M11/(Реестр!$A20) | M11: 50000 | O11: =P11/(Реестр!$A20) | R11: =S11/(Реестр!$A20) | U11: =V11/(Реестр!$A20) | X11: =Y11/(Реестр!$A20) | AA11: =AB11/(Реестр!$A20) | AD11: =AE11/(Реестр!$A20) | AG11: =AH11/(Реестр!$A20)
C12: Экспл. Услуги от УК тариф | G12: =G11/B5 | J12: =J11/$B3 | M12: =M11/$B3 | P12: =P11/$B3 | S12: =S11/$B3 | V12: =V11/$B3 | Y12: =Y11/$B3 | AB12: =AB11/$B3 | AE12: =AE11/$B3 | AH12: =AH11/$B3 | AK12: =AK11/$B3 | AN12: =AN11/$B3 | AQ12: =AQ11/$B3 | AT12: =AT11/$B3 | AW12: =AW11/$B3 | AZ12: =AZ11/$B3 | BC12: =BC11/$B3 | BF12: =BF11/$B3 | BI12: =BI11/$B3 | BL12: =BL11/$B3 | BO12: =BO11/$B3 | BR12: =BR11/$B3 | BU12: =BU11/$B3 | BX12: =BX11/$B3 | CA12: =CA11/$B3
B14: Физическое снятие показаний
B15: Из счёт фактуры должно подгятиваться
B16: Расчётные ячейки

Sheet К123,40
A1: ИНН | B1: =Реестр!D2 | C1: Месяц | D1: 45962 | E1: 45992 | F1: Потребл. | G1: 45962 | H1: 46023 | I1: Потребл. | J1: 45992 | K1: 46054 | L1: Потребл. | M1: 46023 | N1: 46082 | O1: Потребл. | P1: 46054 | Q1: 46113 | R1: Потребл. | S1: 46082 | T1: 46143 | U1: Потребл. | V1: 46113 | W1: 46174 | X1: Потребл. | Y1: 46143 | Z1: 46204 | AA1: Потребл. | AB1: 46174 | AC1: 46235 | AD1: Потребл. | AE1: 46204 | AF1: 46266 | AG1: Потребл. | AH1: 46235 | AI1: 46296 | AJ1: Потребл. | AK1: 46266 | AL1: 46327 | AM1: Потребл. | AN1: 46296 | AO1: 46357 | AP1: Потребл. | AQ1: 46327 | AR1: 46388 | AS1: Потребл. | AT1: 46357 | AU1: 46419 | AV1: Потребл. | AW1: 46388 | AX1: 46447 | AY1: Потребл. | AZ1: 46419 | BA1: 46478 | BB1: Потребл. | BC1: 46447 | BD1: 46508 | BE1: Потребл. | BF1: 46478 | BG1: 46539 | BH1: Потребл. | BI1: 46508 | BJ1: 46569 | BK1: Потребл. | BL1: 46539 | BM1: 46600 | BN1: Потребл. | BO1: 46569 | BP1: 46631 | BQ1: Потребл. | BR1: 46600 | BS1: 46661 | BT1: Потребл. | BU1: 46631 | BV1: 46692 | BW1: Потребл. | BX1: 46661 | BY1: 46722 | BZ1: Потребл. | CA1: 46692 | CB1: 46753 | CC1: Потребл. | CD1: 46722
A2: Кадастр | B2: =Реестр!B2 | D2: знач. | E2: знач. | F2: знач. | G2: руб. | H2: знач. | I2: знач. | J2: руб. | K2: знач. | L2: знач. | M2: руб. | N2: знач. | O2: знач | P2: руб. | Q2: знач. | R2: знач. | S2: руб. | T2: знач. | U2: знач. | V2: руб. | W2: знач. | X2: знач. | Y2: руб. | Z2: знач. | AA2: знач. | AB2: руб. | AC2: знач. | AD2: знач. | AE2: руб. | AF2: знач. | AG2: знач. | AH2: руб. | AI2: знач. | AJ2: знач. | AK2: руб. | AL2: знач. | AM2: знач. | AN2: руб. | AO2: знач. | AP2: знач. | AQ2: руб. | AR2: знач. | AS2: знач. | AT2: руб. | AU2: знач. | AV2: знач. | AW2: руб. | AX2: знач. | AY2: знач. | AZ2: руб. | BA2: знач. | BB2: знач. | BC2: руб. | BD2: знач. | BE2: знач. | BF2: руб. | BG2: знач. | BH2: знач. | BI2: руб. | BJ2: знач. | BK2: знач. | BL2: руб. | BM2: знач. | BN2: знач. | BO2: руб. | BP2: знач. | BQ2: знач. | BR2: руб. | BS2: знач. | BT2: знач. | BU2: руб. | BV2: знач. | BW2: знач. | BX2: руб. | BY2: знач. | BZ2: знач. | CA2: руб. | CB2: знач. | CC2: знач. | CD2: руб.
A3: Арендатор | B3: =Реестр!F2 | C3: Электричество | F3: =E3-D3 | G3: =F3*G4 | I3: =H3-E3 | J3: =I3*J4 | K3: 333333 | L3: =K3-H3 | M3: =L3*M4 | O3: =N3-K3 | P3: =O3*P4 | R3: =Q3-N3 | S3: =R3*S4 | U3: =T3-Q3 | V3: =U3*V4 | X3: =W3-T3 | Y3: =X3*Y4 | AA3: =Z3-W3 | AB3: =AA3*AB4 | AD3: =AC3-Z3 | AE3: =AD3*AE4 | AG3: =AF3-AC3 | AH3: =AG3*AH4 | AJ3: =AI3-AF3 | AK3: =AJ3*AK4 | AM3: =AL3-AI3 | AN3: =AM3*AN4 | AP3: =AO3-AL3 | AQ3: =AP3*AQ4 | AS3: =AR3-AO3 | AT3: =AS3*AT4 | AV3: =AU3-AR3 | AW3: =AV3*AW4 | AY3: =AX3-AU3 | AZ3: =AY3*AZ4 | BB3: =BA3-AX3 | BC3: =BB3*BC4 | BE3: =BD3-BA3 | BF3: =BE3*BF4 | BH3: =BG3-BD3 | BI3: =BH3*BI4 | BK3: =BJ3-BG3 | BL3: =BK3*BL4 | BN3: =BM3-BJ3 | BO3: =BN3*BO4 | BQ3: =BP3-BM3 | BR3: =BQ3*BR4 | BT3: =BS3-BP3 | BU3: =BT3*BU4 | BW3: =BV3-BS3 | BX3: =BW3*BX4 | BZ3: =BY3-BV3 | CA3: =BZ3*CA4 | CC3: =CB3-BY3 | CD3: =CC3*CD4
A4: Площадь | B4: =Реестр!H2 | C4: Электричество тариф | G4: ='0. ГИРА'!G4 | J4: ='0. ГИРА'!J4 | M4: ='0. ГИРА'!M4 | P4: ='0. ГИРА'!P4 | S4: ='0. ГИРА'!S4 | V4: ='0. ГИРА'!V4 | Y4: ='0. ГИРА'!Y4 | AB4: ='0. ГИРА'!AB4 | AE4: ='0. ГИРА'!AE4 | AH4: ='0. ГИРА'!AH4 | AK4: ='0. ГИРА'!AK4 | AN4: ='0. ГИРА'!AN4 | AQ4: ='0. ГИРА'!AQ4 | AT4: ='0. ГИРА'!AT4 | AW4: ='0. ГИРА'!AW4 | AZ4: ='0. ГИРА'!AZ4 | BC4: ='0. ГИРА'!BC4 | BF4: ='0. ГИРА'!BF4 | BI4: ='0. ГИРА'!BI4 | BL4: ='0. ГИРА'!BL4 | BO4: ='0. ГИРА'!BO4 | BR4: ='0. ГИРА'!BR4 | BU4: ='0. ГИРА'!BU4 | BX4: ='0. ГИРА'!BX4 | CA4: ='0. ГИРА'!CA4 | CD4: ='0. ГИРА'!CD4
C5: Водоканал холодная вода | F5: =E5-D5 | I5: =H5-E5 | K5: 11111 | L5: =K5-H5 | O5: =N5-K5 | R5: =Q5-N5 | U5: =T5-Q5 | X5: =W5-T5 | AA5: =Z5-W5 | AD5: =AC5-Z5 | AG5: =AF5-AC5 | AJ5: =AI5-AF5 | AM5: =AL5-AI5 | AP5: =AO5-AL5 | AS5: =AR5-AO5 | AV5: =AU5-AR5 | AY5: =AX5-AU5 | BB5: =BA5-AX5 | BE5: =BD5-BA5 | BH5: =BG5-BD5 | BK5: =BJ5-BG5 | BN5: =BM5-BJ5 | BQ5: =BP5-BM5 | BT5: =BS5-BP5 | BW5: =BV5-BS5 | BZ5: =BY5-BV5 | CC5: =CB5-BY5
A6: Имя 1 | B6: =Реестр!M2 | C6: Водоканал холодная Тариф | G6: ='0. ГИРА'!G6 | J6: ='0. ГИРА'!J6 | M6: ='0. ГИРА'!M6 | P6: ='0. ГИРА'!P6 | S6: ='0. ГИРА'!S6 | V6: ='0. ГИРА'!V6 | Y6: ='0. ГИРА'!Y6 | AB6: ='0. ГИРА'!AB6 | AE6: ='0. ГИРА'!AE6 | AH6: ='0. ГИРА'!AH6 | AK6: ='0. ГИРА'!AK6 | AN6: ='0. ГИРА'!AN6 | AQ6: ='0. ГИРА'!AQ6 | AT6: ='0. ГИРА'!AT6 | AW6: ='0. ГИРА'!AW6 | AZ6: ='0. ГИРА'!AZ6 | BC6: ='0. ГИРА'!BC6 | BF6: ='0. ГИРА'!BF6 | BI6: ='0. ГИРА'!BI6 | BL6: ='0. ГИРА'!BL6 | BO6: ='0. ГИРА'!BO6 | BR6: ='0. ГИРА'!BR6 | BU6: ='0. ГИРА'!BU6 | BX6: ='0. ГИРА'!BX6 | CA6: ='0. ГИРА'!CA6 | CD6: ='0. ГИРА'!CD6
A7: Контакт 1 | B7: =Реестр!N2 | C7: Водоканал горячая вода | F7: =E7-D7 | G7: =G8*F7 | I7: =H7-E7 | J7: =J8*I7 | K7: 22222 | L7: =K7-H7 | M7: =M8*L7 | O7: =N7-K7 | P7: =P8*O7 | R7: =Q7-N7 | S7: =S8*R7 | U7: =T7-Q7 | V7: =V8*U7 | X7: =W7-T7 | Y7: =Y8*X7 | AA7: =Z7-W7 | AB7: =AB8*AA7 | AD7: =AC7-Z7 | AE7: =AE8*AD7 | AG7: =AF7-AC7 | AH7: =AH8*AG7 | AJ7: =AI7-AF7 | AK7: =AK8*AJ7 | AM7: =AL7-AI7 | AN7: =AN8*AM7 | AP7: =AO7-AL7 | AQ7: =AQ8*AP7 | AS7: =AR7-AO7 | AT7: =AT8*AS7 | AV7: =AU7-AR7 | AW7: =AW8*AV7 | AY7: =AX7-AU7 | AZ7: =AZ8*AY7 | BB7: =BA7-AX7 | BC7: =BC8*BB7 | BE7: =BD7-BA7 | BF7: =BF8*BE7 | BH7: =BG7-BD7 | BI7: =BI8*BH7 | BK7: =BJ7-BG7 | BL7: =BL8*BK7 | BN7: =BM7-BJ7 | BO7: =BO8*BN7 | BQ7: =BP7-BM7 | BR7: =BR8*BQ7 | BT7: =BS7-BP7 | BU7: =BU8*BT7 | BW7: =BV7-BS7 | BX7: =BX8*BW7 | BZ7: =BY7-BV7 | CA7: =CA8*BZ7 | CC7: =CB7-BY7 | CD7: =CD8*CC7
A8: Имя 2 | B8: =Реестр!O2 | C8: Водоканал горячая Тариф | G8: ='0. ГИРА'!G8 | J8: ='0. ГИРА'!J8 | M8: ='0. ГИРА'!M8 | P8: ='0. ГИРА'!P8 | S8: ='0. ГИРА'!S8 | V8: ='0. ГИРА'!V8 | Y8: ='0. ГИРА'!Y8 | AB8: ='0. ГИРА'!AB8 | AE8: ='0. ГИРА'!AE8 | AH8: ='0. ГИРА'!AH8 | AK8: ='0. ГИРА'!AK8 | AN8: ='0. ГИРА'!AN8 | AQ8: ='0. ГИРА'!AQ8 | AT8: ='0. ГИРА'!AT8 | AW8: ='0. ГИРА'!AW8 | AZ8: ='0. ГИРА'!AZ8 | BC8: ='0. ГИРА'!BC8 | BF8: ='0. ГИРА'!BF8 | BI8: ='0. ГИРА'!BI8 | BL8: ='0. ГИРА'!BL8 | BO8: ='0. ГИРА'!BO8 | BR8: ='0. ГИРА'!BR8 | BU8: ='0. ГИРА'!BU8 | BX8: ='0. ГИРА'!BX8 | CA8: ='0. ГИРА'!CA8 | CD8: ='0. ГИРА'!CD8
A9: Контакт 2 | B9: =Реестр!P2 | C9: Тепло | F9: =E9-D9 | G9: =G10*B4 | I9: =H9-E9 | J9: =J10*E3 | L9: =K9-H9 | M9: =M10*H3 | O9: =N9-K9 | P9: =P10*K3 | R9: =Q9-N9 | S9: =S10*N3 | U9: =T9-Q9 | V9: =V10*Q3 | X9: =W9-T9 | Y9: =Y10*T3 | AA9: =Z9-W9 | AB9: =AB10*W3 | AD9: =AC9-Z9 | AE9: =AE10*Z3 | AG9: =AF9-AC9 | AH9: =AH10*AC3 | AJ9: =AI9-AF9 | AK9: =AK10*AF3 | AM9: =AL9-AI9 | AN9: =AN10*AI3 | AP9: =AO9-AL9 | AQ9: =AQ10*AL3 | AS9: =AR9-AO9 | AT9: =AT10*AO3 | AV9: =AU9-AR9 | AW9: =AW10*AR3 | AY9: =AX9-AU9 | AZ9: =AZ10*AU3 | BB9: =BA9-AX9 | BC9: =BC10*AX3 | BE9: =BD9-BA9 | BF9: =BF10*BA3 | BH9: =BG9-BD9 | BI9: =BI10*BD3 | BK9: =BJ9-BG9 | BL9: =BL10*BG3 | BN9: =BM9-BJ9 | BO9: =BO10*BJ3 | BQ9: =BP9-BM9 | BR9: =BR10*BM3 | BT9: =BS9-BP9 | BU9: =BU10*BP3 | BW9: =BV9-BS9 | BX9: =BX10*BS3 | BZ9: =BY9-BV9 | CA9: =CA10*BV3 | CC9: =CB9-BY9 | CD9: =CD10*BY3
C10: Тепло тариф | G10: ='0. ГИРА'!G10 | J10: ='0. ГИРА'!J10 | M10: ='0. ГИРА'!M10 | P10: ='0. ГИРА'!P10 | S10: ='0. ГИРА'!S10 | V10: ='0. ГИРА'!V10 | Y10: ='0. ГИРА'!Y10 | AB10: ='0. ГИРА'!AB10 | AE10: ='0. ГИРА'!AE10 | AH10: ='0. ГИРА'!AH10 | AK10: ='0. ГИРА'!AK10 | AN10: ='0. ГИРА'!AN10 | AQ10: ='0. ГИРА'!AQ10 | AT10: ='0. ГИРА'!AT10 | AW10: ='0. ГИРА'!AW10 | AZ10: ='0. ГИРА'!AZ10 | BC10: ='0. ГИРА'!BC10 | BF10: ='0. ГИРА'!BF10 | BI10: ='0. ГИРА'!BI10 | BL10: ='0. ГИРА'!BL10 | BO10: ='0. ГИРА'!BO10 | BR10: ='0. ГИРА'!BR10 | BU10: ='0. ГИРА'!BU10 | BX10: ='0. ГИРА'!BX10 | CA10: ='0. ГИРА'!CA10 | CD10: ='0. ГИРА'!CD10
A11: Номер счетчика | C11: Экспл. Услуги от УК | F11: =E11-D11 | I11: =H11-E11 | J11: =J12*E3 | L11: =K11-H11 | M11: =M12*H3 | O11: =N11-K11 | P11: =P12*K3 | R11: =Q11-N11 | S11: =S12*N3 | U11: =T11-Q11 | V11: =V12*Q3 | X11: =W11-T11 | Y11: =Y12*T3 | AA11: =Z11-W11 | AB11: =AB12*W3 | AD11: =AC11-Z11 | AE11: =AE12*Z3 | AG11: =AF11-AC11 | AH11: =AH12*AC3 | AJ11: =AI11-AF11 | AK11: =AK12*AF3 | AM11: =AL11-AI11 | AN11: =AN12*AI3 | AP11: =AO11-AL11 | AQ11: =AQ12*AL3 | AS11: =AR11-AO11 | AT11: =AT12*AO3 | AV11: =AU11-AR11 | AW11: =AW12*AR3 | AY11: =AX11-AU11 | AZ11: =AZ12*AU3 | BB11: =BA11-AX11 | BC11: =BC12*AX3 | BE11: =BD11-BA11 | BF11: =BF12*BA3 | BH11: =BG11-BD11 | BI11: =BI12*BD3 | BK11: =BJ11-BG11 | BL11: =BL12*BG3 | BN11: =BM11-BJ11 | BO11: =BO12*BJ3 | BQ11: =BP11-BM11 | BR11: =BR12*BM3 | BT11: =BS11-BP11 | BU11: =BU12*BP3 | BW11: =BV11-BS11 | BX11: =BX12*BS3 | BZ11: =BY11-BV11 | CA11: =CA12*BV3 | CC11: =CB11-BY11 | CD11: =CD12*BY3
C12: Экспл. Услуги от УК тариф | G12: ='0. ГИРА'!G12 | J12: ='0. ГИРА'!J12 | M12: ='0. ГИРА'!M12 | P12: ='0. ГИРА'!P12 | S12: ='0. ГИРА'!S12 | V12: ='0. ГИРА'!V12 | Y12: ='0. ГИРА'!Y12 | AB12: ='0. ГИРА'!AB12 | AE12: ='0. ГИРА'!AE12 | AH12: ='0. ГИРА'!AH12 | AK12: ='0. ГИРА'!AK12 | AN12: ='0. ГИРА'!AN12 | AQ12: ='0. ГИРА'!AQ12 | AT12: ='0. ГИРА'!AT12 | AW12: ='0. ГИРА'!AW12 | AZ12: ='0. ГИРА'!AZ12 | BC12: ='0. ГИРА'!BC12 | BF12: ='0. ГИРА'!BF12 | BI12: ='0. ГИРА'!BI12 | BL12: ='0. ГИРА'!BL12 | BO12: ='0. ГИРА'!BO12 | BR12: ='0. ГИРА'!BR12 | BU12: ='0. ГИРА'!BU12 | BX12: ='0. ГИРА'!BX12 | CA12: ='0. ГИРА'!CA12 | CD12: ='0. ГИРА'!CD12

Sheet К102,60
A1: ИНН | B1: =Реестр!D3 | C1: Месяц | D1: 45962 | E1: 45992 | F1: Потребл. | G1: 45962 | H1: 46023 | I1: Потребл. | J1: 45992 | K1: 46054 | L1: Потребл. | M1: 46023 | N1: 46082 | O1: Потребл. | P1: 46054 | Q1: 46113 | R1: Потребл. | S1: 46082 | T1: 46143 | U1: Потребл. | V1: 46113 | W1: 46174 | X1: Потребл. | Y1: 46143 | Z1: 46204 | AA1: Потребл. | AB1: 46174 | AC1: 46235 | AD1: Потребл. | AE1: 46204 | AF1: 46266 | AG1: Потребл. | AH1: 46235 | AI1: 46296 | AJ1: Потребл. | AK1: 46266 | AL1: 46327 | AM1: Потребл. | AN1: 46296 | AO1: 46357 | AP1: Потребл. | AQ1: 46327 | AR1: 46388 | AS1: Потребл. | AT1: 46357 | AU1: 46419 | AV1: Потребл. | AW1: 46388 | AX1: 46447 | AY1: Потребл. | AZ1: 46419 | BA1: 46478 | BB1: Потребл. | BC1: 46447 | BD1: 46508 | BE1: Потребл. | BF1: 46478 | BG1: 46539 | BH1: Потребл. | BI1: 46508 | BJ1: 46569 | BK1: Потребл. | BL1: 46539 | BM1: 46600 | BN1: Потребл. | BO1: 46569 | BP1: 46631 | BQ1: Потребл. | BR1: 46600 | BS1: 46661 | BT1: Потребл. | BU1: 46631 | BV1: 46692 | BW1: Потребл. | BX1: 46661 | BY1: 46722 | BZ1: Потребл. | CA1: 46692 | CB1: 46753 | CC1: Потребл. | CD1: 46722
A2: Кадастр | B2: =Реестр!B3 | D2: знач. | E2: знач. | F2: знач. | G2: руб. | H2: знач. | I2: знач. | J2: руб. | K2: знач. | L2: знач. | M2: руб. | N2: знач. | O2: знач | P2: руб. | Q2: знач. | R2: знач. | S2: руб. | T2: знач. | U2: знач. | V2: руб. | W2: знач. | X2: знач. | Y2: руб. | Z2: знач. | AA2: знач. | AB2: руб. | AC2: знач. | AD2: знач. | AE2: руб. | AF2: знач. | AG2: знач. | AH2: руб. | AI2: знач. | AJ2: знач. | AK2: руб. | AL2: знач. | AM2: знач. | AN2: руб. | AO2: знач. | AP2: знач. | AQ2: руб. | AR2: знач. | AS2: знач. | AT2: руб. | AU2: знач. | AV2: знач. | AW2: руб. | AX2: знач. | AY2: знач. | AZ2: руб. | BA2: знач. | BB2: знач. | BC2: руб. | BD2: знач. | BE2: знач. | BF2: руб. | BG2: знач. | BH2: знач. | BI2: руб. | BJ2: знач. | BK2: знач. | BL2: руб. | BM2: знач. | BN2: знач. | BO2: руб. | BP2: знач. | BQ2: знач. | BR2: руб. | BS2: знач. | BT2: знач. | BU2: руб. | BV2: знач. | BW2: знач. | BX2: руб. | BY2: знач. | BZ2: знач. | CA2: руб. | CB2: знач. | CC2: знач. | CD2: руб.
A3: Арендатор | B3: =Реестр!F3 | C3: Электричество | F3: =E3-D3 | G3: =F3*G4 | H3: 200000 | I3: =H3-E3 | J3: =I3*J4 | K3: 678766 | L3: =K3-H3 | M3: =L3*M4 | O3: =N3-K3 | P3: =O3*P4 | R3: =Q3-N3 | S3: =R3*S4 | U3: =T3-Q3 | V3: =U3*V4 | X3: =W3-T3 | Y3: =X3*Y4 | AA3: =Z3-W3 | AB3: =AA3*AB4 | AD3: =AC3-Z3 | AE3: =AD3*AE4 | AG3: =AF3-AC3 | AH3: =AG3*AH4 | AJ3: =AI3-AF3 | AK3: =AJ3*AK4 | AM3: =AL3-AI3 | AN3: =AM3*AN4 | AP3: =AO3-AL3 | AQ3: =AP3*AQ4 | AS3: =AR3-AO3 | AT3: =AS3*AT4 | AV3: =AU3-AR3 | AW3: =AV3*AW4 | AY3: =AX3-AU3 | AZ3: =AY3*AZ4 | BB3: =BA3-AX3 | BC3: =BB3*BC4 | BE3: =BD3-BA3 | BF3: =BE3*BF4 | BH3: =BG3-BD3 | BI3: =BH3*BI4 | BK3: =BJ3-BG3 | BL3: =BK3*BL4 | BN3: =BM3-BJ3 | BO3: =BN3*BO4 | BQ3: =BP3-BM3 | BR3: =BQ3*BR4 | BT3: =BS3-BP3 | BU3: =BT3*BU4 | BW3: =BV3-BS3 | BX3: =BW3*BX4 | BZ3: =BY3-BV3 | CA3: =BZ3*CA4 | CC3: =CB3-BY3 | CD3: =CC3*CD4
A4: Площадь | B4: =Реестр!H3 | C4: Электричество тариф | G4: ='0. ГИРА'!G4 | J4: ='0. ГИРА'!J4 | M4: ='0. ГИРА'!M4 | P4: ='0. ГИРА'!P4 | S4: ='0. ГИРА'!S4 | V4: ='0. ГИРА'!V4 | Y4: ='0. ГИРА'!Y4 | AB4: ='0. ГИРА'!AB4 | AE4: ='0. ГИРА'!AE4 | AH4: ='0. ГИРА'!AH4 | AK4: ='0. ГИРА'!AK4 | AN4: ='0. ГИРА'!AN4 | AQ4: ='0. ГИРА'!AQ4 | AT4: ='0. ГИРА'!AT4 | AW4: ='0. ГИРА'!AW4 | AZ4: ='0. ГИРА'!AZ4 | BC4: ='0. ГИРА'!BC4 | BF4: ='0. ГИРА'!BF4 | BI4: ='0. ГИРА'!BI4 | BL4: ='0. ГИРА'!BL4 | BO4: ='0. ГИРА'!BO4 | BR4: ='0. ГИРА'!BR4 | BU4: ='0. ГИРА'!BU4 | BX4: ='0. ГИРА'!BX4 | CA4: ='0. ГИРА'!CA4 | CD4: ='0. ГИРА'!CD4
C5: Водоканал холодная вода | F5: =E5-D5 | H5: 20000 | I5: =H5-E5 | J5: =I5*J6 | K5: 11111 | L5: =K5-H5 | M5: =L5*M6 | O5: =N5-K5 | R5: =Q5-N5 | U5: =T5-Q5 | X5: =W5-T5 | AA5: =Z5-W5 | AD5: =AC5-Z5 | AG5: =AF5-AC5 | AJ5: =AI5-AF5 | AM5: =AL5-AI5 | AP5: =AO5-AL5 | AS5: =AR5-AO5 | AV5: =AU5-AR5 | AY5: =AX5-AU5 | BB5: =BA5-AX5 | BE5: =BD5-BA5 | BH5: =BG5-BD5 | BK5: =BJ5-BG5 | BN5: =BM5-BJ5 | BQ5: =BP5-BM5 | BT5: =BS5-BP5 | BW5: =BV5-BS5 | BZ5: =BY5-BV5 | CC5: =CB5-BY5
A6: Имя 1 | B6: =Реестр!M3 | C6: Водоканал холодная Тариф | G6: ='0. ГИРА'!G6 | J6: ='0. ГИРА'!J6 | M6: ='0. ГИРА'!M6 | P6: ='0. ГИРА'!P6 | S6: ='0. ГИРА'!S6 | V6: ='0. ГИРА'!V6 | Y6: ='0. ГИРА'!Y6 | AB6: ='0. ГИРА'!AB6 | AE6: ='0. ГИРА'!AE6 | AH6: ='0. ГИРА'!AH6 | AK6: ='0. ГИРА'!AK6 | AN6: ='0. ГИРА'!AN6 | AQ6: ='0. ГИРА'!AQ6 | AT6: ='0. ГИРА'!AT6 | AW6: ='0. ГИРА'!AW6 | AZ6: ='0. ГИРА'!AZ6 | BC6: ='0. ГИРА'!BC6 | BF6: ='0. ГИРА'!BF6 | BI6: ='0. ГИРА'!BI6 | BL6: ='0. ГИРА'!BL6 | BO6: ='0. ГИРА'!BO6 | BR6: ='0. ГИРА'!BR6 | BU6: ='0. ГИРА'!BU6 | BX6: ='0. ГИРА'!BX6 | CA6: ='0. ГИРА'!CA6 | CD6: ='0. ГИРА'!CD6
A7: Контакт 1 | B7: =Реестр!N3 | C7: Водоканал горячая вода | F7: =E7-D7 | G7: =G8*F7 | H7: 20000 | I7: =H7-E7 | J7: =J8*I7 | K7: 67656 | L7: =K7-H7 | M7: =M8*L7 | O7: =N7-K7 | P7: =P8*O7 | R7: =Q7-N7 | S7: =S8*R7 | U7: =T7-Q7 | V7: =V8*U7 | X7: =W7-T7 | Y7: =Y8*X7 | AA7: =Z7-W7 | AB7: =AB8*AA7 | AD7: =AC7-Z7 | AE7: =AE8*AD7 | AG7: =AF7-AC7 | AH7: =AH8*AG7 | AJ7: =AI7-AF7 | AK7: =AK8*AJ7 | AM7: =AL7-AI7 | AN7: =AN8*AM7 | AP7: =AO7-AL7 | AQ7: =AQ8*AP7 | AS7: =AR7-AO7 | AT7: =AT8*AS7 | AV7: =AU7-AR7 | AW7: =AW8*AV7 | AY7: =AX7-AU7 | AZ7: =AZ8*AY7 | BB7: =BA7-AX7 | BC7: =BC8*BB7 | BE7: =BD7-BA7 | BF7: =BF8*BE7 | BH7: =BG7-BD7 | BI7: =BI8*BH7 | BK7: =BJ7-BG7 | BL7: =BL8*BK7 | BN7: =BM7-BJ7 | BO7: =BO8*BN7 | BQ7: =BP7-BM7 | BR7: =BR8*BQ7 | BT7: =BS7-BP7 | BU7: =BU8*BT7 | BW7: =BV7-BS7 | BX7: =BX8*BW7 | BZ7: =BY7-BV7 | CA7: =CA8*BZ7 | CC7: =CB7-BY7 | CD7: =CD8*CC7
A8: Имя 2 | B8: =Реестр!O3 | C8: Водоканал горячая Тариф | G8: ='0. ГИРА'!G8 | J8: ='0. ГИРА'!J8 | M8: ='0. ГИРА'!M8 | P8: ='0. ГИРА'!P8 | S8: ='0. ГИРА'!S8 | V8: ='0. ГИРА'!V8 | Y8: ='0. ГИРА'!Y8 | AB8: ='0. ГИРА'!AB8 | AE8: ='0. ГИРА'!AE8 | AH8: ='0. ГИРА'!AH8 | AK8: ='0. ГИРА'!AK8 | AN8: ='0. ГИРА'!AN8 | AQ8: ='0. ГИРА'!AQ8 | AT8: ='0. ГИРА'!AT8 | AW8: ='0. ГИРА'!AW8 | AZ8: ='0. ГИРА'!AZ8 | BC8: ='0. ГИРА'!BC8 | BF8: ='0. ГИРА'!BF8 | BI8: ='0. ГИРА'!BI8 | BL8: ='0. ГИРА'!BL8 | BO8: ='0. ГИРА'!BO8 | BR8: ='0. ГИРА'!BR8 | BU8: ='0. ГИРА'!BU8 | BX8: ='0. ГИРА'!BX8 | CA8: ='0. ГИРА'!CA8 | CD8: ='0. ГИРА'!CD8
A9: Контакт 2 | B9: =Реестр!P3 | C9: Тепло | F9: =E9-D9 | G9: =G10*B3 | I9: =H9-E9 | J9: =J10*E3 | K9: 1234 | L9: =K9-H9 | M9: 12 | O9: =N9-K9 | P9: =P10*K3 | R9: =Q9-N9 | S9: =S10*N3 | U9: =T9-Q9 | V9: =V10*Q3 | X9: =W9-T9 | Y9: =Y10*T3 | AA9: =Z9-W9 | AB9: =AB10*W3 | AD9: =AC9-Z9 | AE9: =AE10*Z3 | AG9: =AF9-AC9 | AH9: =AH10*AC3 | AJ9: =AI9-AF9 | AK9: =AK10*AF3 | AM9: =AL9-AI9 | AN9: =AN10*AI3 | AP9: =AO9-AL9 | AQ9: =AQ10*AL3 | AS9: =AR9-AO9 | AT9: =AT10*AO3 | AV9: =AU9-AR9 | AW9: =AW10*AR3 | AY9: =AX9-AU9 | AZ9: =AZ10*AU3 | BB9: =BA9-AX9 | BC9: =BC10*AX3 | BE9: =BD9-BA9 | BF9: =BF10*BA3 | BH9: =BG9-BD9 | BI9: =BI10*BD3 | BK9: =BJ9-BG9 | BL9: =BL10*BG3 | BN9: =BM9-BJ9 | BO9: =BO10*BJ3 | BQ9: =BP9-BM9 | BR9: =BR10*BM3 | BT9: =BS9-BP9 | BU9: =BU10*BP3 | BW9: =BV9-BS9 | BX9: =BX10*BS3 | BZ9: =BY9-BV9 | CA9: =CA10*BV3 | CC9: =CB9-BY9 | CD9: =CD10*BY3
C10: Тепло тариф | G10: ='0. ГИРА'!G10 | J10: ='0. ГИРА'!J10 | M10: ='0. ГИРА'!M10 | P10: ='0. ГИРА'!P10 | S10: ='0. ГИРА'!S10 | V10: ='0. ГИРА'!V10 | Y10: ='0. ГИРА'!Y10 | AB10: ='0. ГИРА'!AB10 | AE10: ='0. ГИРА'!AE10 | AH10: ='0. ГИРА'!AH10 | AK10: ='0. ГИРА'!AK10 | AN10: ='0. ГИРА'!AN10 | AQ10: ='0. ГИРА'!AQ10 | AT10: ='0. ГИРА'!AT10 | AW10: ='0. ГИРА'!AW10 | AZ10: ='0. ГИРА'!AZ10 | BC10: ='0. ГИРА'!BC10 | BF10: ='0. ГИРА'!BF10 | BI10: ='0. ГИРА'!BI10 | BL10: ='0. ГИРА'!BL10 | BO10: ='0. ГИРА'!BO10 | BR10: ='0. ГИРА'!BR10 | BU10: ='0. ГИРА'!BU10 | BX10: ='0. ГИРА'!BX10 | CA10: ='0. ГИРА'!CA10 | CD10: ='0. ГИРА'!CD10
A11: Номер счетчика | B11: 43432,34343 | C11: Экспл. Услуги от УК | F11: =E11-D11 | G11: ='0. ГИРА'!G12 | I11: =H11-G11 | J11: ='0. ГИРА'!J12 | L11: =K11-J11 | M11: ='0. ГИРА'!M12 | O11: =N11-M11 | P11: ='0. ГИРА'!P12 | R11: =Q11-P11 | S11: ='0. ГИРА'!S12 | U11: =T11-S11 | V11: ='0. ГИРА'!V12 | X11: =W11-T11 | Y11: =Y12*T3 | AA11: =Z11-W11 | AB11: =AB12*W3 | AD11: =AC11-Z11 | AE11: =AE12*Z3 | AG11: =AF11-AC11 | AH11: =AH12*AC3 | AJ11: =AI11-AF11 | AK11: =AK12*AF3 | AM11: =AL11-AI11 | AN11: =AN12*AI3 | AP11: =AO11-AL11 | AQ11: =AQ12*AL3 | AS11: =AR11-AO11 | AT11: =AT12*AO3 | AV11: =AU11-AR11 | AW11: =AW12*AR3 | AY11: =AX11-AU11 | AZ11: =AZ12*AU3 | BB11: =BA11-AX11 | BC11: =BC12*AX3 | BE11: =BD11-BA11 | BF11: =BF12*BA3 | BH11: =BG11-BD11 | BI11: =BI12*BD3 | BK11: =BJ11-BG11 | BL11: =BL12*BG3 | BN11: =BM11-BJ11 | BO11: =BO12*BJ3 | BQ11: =BP11-BM11 | BR11: =BR12*BM3 | BT11: =BS11-BP11 | BU11: =BU12*BP3 | BW11: =BV11-BS11 | BX11: =BX12*BS3 | BZ11: =BY11-BV11 | CA11: =CA12*BV3 | CC11: =CB11-BY11 | CD11: =CD12*BY3
C12: Экспл. Услуги от УК тариф | G12: ='0. ГИРА'!G12 | J12: ='0. ГИРА'!J12 | M12: ='0. ГИРА'!M12 | P12: ='0. ГИРА'!P12 | S12: ='0. ГИРА'!S12 | V12: ='0. ГИРА'!V12 | Y12: ='0. ГИРА'!Y12 | AB12: ='0. ГИРА'!AB12 | AE12: ='0. ГИРА'!AE12 | AH12: ='0. ГИРА'!AH12 | AK12: ='0. ГИРА'!AK12 | AN12: ='0. ГИРА'!AN12 | AQ12: ='0. ГИРА'!AQ12 | AT12: ='0. ГИРА'!AT12 | AW12: ='0. ГИРА'!AW12 | AZ12: ='0. ГИРА'!AZ12 | BC12: ='0. ГИРА'!BC12 | BF12: ='0. ГИРА'!BF12 | BI12: ='0. ГИРА'!BI12 | BL12: ='0. ГИРА'!BL12 | BO12: ='0. ГИРА'!BO12 | BR12: ='0. ГИРА'!BR12 | BU12: ='0. ГИРА'!BU12 | BX12: ='0. ГИРА'!BX12 | CA12: ='0. ГИРА'!CA12 | CD12: ='0. ГИРА'!CD12

Sheet К45,20
A1: ИНН | B1: =Реестр!D4 | C1: Месяц | D1: 45962 | E1: 45992 | F1: Потребл. | G1: 45962 | H1: 46023 | I1: Потребл. | J1: 45992 | K1: 46054 | L1: Потребл. | M1: 46023 | N1: 46082 | O1: Потребл. | P1: 46054 | Q1: 46113 | R1: Потребл. | S1: 46082 | T1: 46143 | U1: Потребл. | V1: 46113 | W1: 46174 | X1: Потребл. | Y1: 46143 | Z1: 46204 | AA1: Потребл. | AB1: 46174 | AC1: 46235 | AD1: Потребл. | AE1: 46204 | AF1: 46266 | AG1: Потребл. | AH1: 46235 | AI1: 46296 | AJ1: Потребл. | AK1: 46266 | AL1: 46327 | AM1: Потребл. | AN1: 46296 | AO1: 46357 | AP1: Потребл. | AQ1: 46327 | AR1: 46388 | AS1: Потребл. | AT1: 46357 | AU1: 46419 | AV1: Потребл. | AW1: 46388 | AX1: 46447 | AY1: Потребл. | AZ1: 46419 | BA1: 46478 | BB1: Потребл. | BC1: 46447 | BD1: 46508 | BE1: Потребл. | BF1: 46478 | BG1: 46539 | BH1: Потребл. | BI1: 46508 | BJ1: 46569 | BK1: Потребл. | BL1: 46539 | BM1: 46600 | BN1: Потребл. | BO1: 46569 | BP1: 46631 | BQ1: Потребл. | BR1: 46600 | BS1: 46661 | BT1: Потребл. | BU1: 46631 | BV1: 46692 | BW1: Потребл. | BX1: 46661 | BY1: 46722 | BZ1: Потребл. | CA1: 46692 | CB1: 46753 | CC1: Потребл. | CD1: 46722
A2: Кадастр | B2: =Реестр!B4 | D2: знач. | E2: знач. | F2: знач. | G2: руб. | H2: знач. | I2: знач. | J2: руб. | K2: знач. | L2: знач. | M2: руб. | N2: знач. | O2: знач | P2: руб. | Q2: знач. | R2: знач. | S2: руб. | T2: знач. | U2: знач. | V2: руб. | W2: знач. | X2: знач. | Y2: руб. | Z2: знач. | AA2: знач. | AB2: руб. | AC2: знач. | AD2: знач. | AE2: руб. | AF2: знач. | AG2: знач. | AH2: руб. | AI2: знач. | AJ2: знач. | AK2: руб. | AL2: знач. | AM2: знач. | AN2: руб. | AO2: знач. | AP2: знач. | AQ2: руб. | AR2: знач. | AS2: знач. | AT2: руб. | AU2: знач. | AV2: знач. | AW2: руб. | AX2: знач. | AY2: знач. | AZ2: руб. | BA2: знач. | BB2: знач. | BC2: руб. | BD2: знач. | BE2: знач. | BF2: руб. | BG2: знач. | BH2: знач. | BI2: руб. | BJ2: знач. | BK2: знач. | BL2: руб. | BM2: знач. | BN2: знач. | BO2: руб. | BP2: знач. | BQ2: знач. | BR2: руб. | BS2: знач. | BT2: знач. | BU2: руб. | BV2: знач. | BW2: знач. | BX2: руб. | BY2: знач. | BZ2: знач. | CA2: руб. | CB2: знач. | CC2: знач. | CD2: руб.
A3: Арендатор | B3: =Реестр!F4 | C3: Электричество | F3: =E3-D3 | G3: =F3*G4 | I3: =H3-E3 | J3: =I3*J4 | K3: 345678 | L3: =K3-H3 | M3: =L3*M4 | O3: =N3-K3 | P3: =O3*P4 | R3: =Q3-N3 | S3: =R3*S4 | U3: =T3-Q3 | V3: =U3*V4 | X3: =W3-T3 | Y3: =X3*Y4 | AA3: =Z3-W3 | AB3: =AA3*AB4 | AD3: =AC3-Z3 | AE3: =AD3*AE4 | AG3: =AF3-AC3 | AH3: =AG3*AH4 | AJ3: =AI3-AF3 | AK3: =AJ3*AK4 | AM3: =AL3-AI3 | AN3: =AM3*AN4 | AP3: =AO3-AL3 | AQ3: =AP3*AQ4 | AS3: =AR3-AO3 | AT3: =AS3*AT4 | AV3: =AU3-AR3 | AW3: =AV3*AW4 | AY3: =AX3-AU3 | AZ3: =AY3*AZ4 | BB3: =BA3-AX3 | BC3: =BB3*BC4 | BE3: =BD3-BA3 | BF3: =BE3*BF4 | BH3: =BG3-BD3 | BI3: =BH3*BI4 | BK3: =BJ3-BG3 | BL3: =BK3*BL4 | BN3: =BM3-BJ3 | BO3: =BN3*BO4 | BQ3: =BP3-BM3 | BR3: =BQ3*BR4 | BT3: =BS3-BP3 | BU3: =BT3*BU4 | BW3: =BV3-BS3 | BX3: =BW3*BX4 | BZ3: =BY3-BV3 | CA3: =BZ3*CA4 | CC3: =CB3-BY3 | CD3: =CC3*CD4
A4: Площадь | B4: =Реестр!H4 | C4: Электричество тариф | G4: ='0. ГИРА'!G4 | J4: ='0. ГИРА'!J4 | M4: ='0. ГИРА'!M4 | P4: ='0. ГИРА'!P4 | S4: ='0. ГИРА'!S4 | V4: ='0. ГИРА'!V4 | Y4: ='0. ГИРА'!Y4 | AB4: ='0. ГИРА'!AB4 | AE4: ='0. ГИРА'!AE4 | AH4: ='0. ГИРА'!AH4 | AK4: ='0. ГИРА'!AK4 | AN4: ='0. ГИРА'!AN4 | AQ4: ='0. ГИРА'!AQ4 | AT4: ='0. ГИРА'!AT4 | AW4: ='0. ГИРА'!AW4 | AZ4: ='0. ГИРА'!AZ4 | BC4: ='0. ГИРА'!BC4 | BF4: ='0. ГИРА'!BF4 | BI4: ='0. ГИРА'!BI4 | BL4: ='0. ГИРА'!BL4 | BO4: ='0. ГИРА'!BO4 | BR4: ='0. ГИРА'!BR4 | BU4: ='0. ГИРА'!BU4 | BX4: ='0. ГИРА'!BX4 | CA4: ='0. ГИРА'!CA4 | CD4: ='0. ГИРА'!CD4
C5: Водоканал холодная вода | F5: =E5-D5 | I5: =H5-E5 | K5: 579 | L5: =K5-H5 | O5: =N5-K5 | R5: =Q5-N5 | U5: =T5-Q5 | X5: =W5-T5 | AA5: =Z5-W5 | AD5: =AC5-Z5 | AG5: =AF5-AC5 | AJ5: =AI5-AF5 | AM5: =AL5-AI5 | AP5: =AO5-AL5 | AS5: =AR5-AO5 | AV5: =AU5-AR5 | AY5: =AX5-AU5 | BB5: =BA5-AX5 | BE5: =BD5-BA5 | BH5: =BG5-BD5 | BK5: =BJ5-BG5 | BN5: =BM5-BJ5 | BQ5: =BP5-BM5 | BT5: =BS5-BP5 | BW5: =BV5-BS5 | BZ5: =BY5-BV5 | CC5: =CB5-BY5
A6: Имя 1 | B6: =Реестр!M4 | C6: Водоканал холодная Тариф | G6: ='0. ГИРА'!G6 | J6: ='0. ГИРА'!J6 | M6: ='0. ГИРА'!M6 | P6: ='0. ГИРА'!P6 | S6: ='0. ГИРА'!S6 | V6: ='0. ГИРА'!V6 | Y6: ='0. ГИРА'!Y6 | AB6: ='0. ГИРА'!AB6 | AE6: ='0. ГИРА'!AE6 | AH6: ='0. ГИРА'!AH6 | AK6: ='0. ГИРА'!AK6 | AN6: ='0. ГИРА'!AN6 | AQ6: ='0. ГИРА'!AQ6 | AT6: ='0. ГИРА'!AT6 | AW6: ='0. ГИРА'!AW6 | AZ6: ='0. ГИРА'!AZ6 | BC6: ='0. ГИРА'!BC6 | BF6: ='0. ГИРА'!BF6 | BI6: ='0. ГИРА'!BI6 | BL6: ='0. ГИРА'!BL6 | BO6: ='0. ГИРА'!BO6 | BR6: ='0. ГИРА'!BR6 | BU6: ='0. ГИРА'!BU6 | BX6: ='0. ГИРА'!BX6 | CA6: ='0. ГИРА'!CA6 | CD6: ='0. ГИРА'!CD6
A7: Контакт 1 | B7: =Реестр!N4 | C7: Водоканал горячая вода | F7: =E7-D7 | G7: =G8*F7 | I7: =H7-E7 | J7: =J8*I7 | L7: =K7-H7 | M7: =M8*L7 | O7: =N7-K7 | P7: =P8*O7 | R7: =Q7-N7 | S7: =S8*R7 | U7: =T7-Q7 | V7: =V8*U7 | X7: =W7-T7 | Y7: =Y8*X7 | AA7: =Z7-W7 | AB7: =AB8*AA7 | AD7: =AC7-Z7 | AE7: =AE8*AD7 | AG7: =AF7-AC7 | AH7: =AH8*AG7 | AJ7: =AI7-AF7 | AK7: =AK8*AJ7 | AM7: =AL7-AI7 | AN7: =AN8*AM7 | AP7: =AO7-AL7 | AQ7: =AQ8*AP7 | AS7: =AR7-AO7 | AT7: =AT8*AS7 | AV7: =AU7-AR7 | AW7: =AW8*AV7 | AY7: =AX7-AU7 | AZ7: =AZ8*AY7 | BB7: =BA7-AX7 | BC7: =BC8*BB7 | BE7: =BD7-BA7 | BF7: =BF8*BE7 | BH7: =BG7-BD7 | BI7: =BI8*BH7 | BK7: =BJ7-BG7 | BL7: =BL8*BK7 | BN7: =BM7-BJ7 | BO7: =BO8*BN7 | BQ7: =BP7-BM7 | BR7: =BR8*BQ7 | BT7: =BS7-BP7 | BU7: =BU8*BT7 | BW7: =BV7-BS7 | BX7: =BX8*BW7 | BZ7: =BY7-BV7 | CA7: =CA8*BZ7 | CC7: =CB7-BY7 | CD7: =CD8*CC7
A8: Имя 2 | B8: =Реестр!O4 | C8: Водоканал горячая Тариф | G8: ='0. ГИРА'!G8 | J8: ='0. ГИРА'!J8 | M8: ='0. ГИРА'!M8 | P8: ='0. ГИРА'!P8 | S8: ='0. ГИРА'!S8 | V8: ='0. ГИРА'!V8 | Y8: ='0. ГИРА'!Y8 | AB8: ='0. ГИРА'!AB8 | AE8: ='0. ГИРА'!AE8 | AH8: ='0. ГИРА'!AH8 | AK8: ='0. ГИРА'!AK8 | AN8: ='0. ГИРА'!AN8 | AQ8: ='0. ГИРА'!AQ8 | AT8: ='0. ГИРА'!AT8 | AW8: ='0. ГИРА'!AW8 | AZ8: ='0. ГИРА'!AZ8 | BC8: ='0. ГИРА'!BC8 | BF8: ='0. ГИРА'!BF8 | BI8: ='0. ГИРА'!BI8 | BL8: ='0. ГИРА'!BL8 | BO8: ='0. ГИРА'!BO8 | BR8: ='0. ГИРА'!BR8 | BU8: ='0. ГИРА'!BU8 | BX8: ='0. ГИРА'!BX8 | CA8: ='0. ГИРА'!CA8 | CD8: ='0. ГИРА'!CD8
A9: Контакт 2 | B9: =Реестр!P4 | C9: Тепло | F9: =E9-D9 | G9: =G10*B3 | I9: =H9-E9 | J9: =J10*E3 | K9: 1234 | L9: =K9-H9 | M9: 12 | O9: =N9-K9 | P9: =P10*K3 | R9: =Q9-N9 | S9: =S10*N3 | U9: =T9-Q9 | V9: =V10*Q3 | X9: =W9-T9 | Y9: =Y10*T3 | AA9: =Z9-W9 | AB9: =AB10*W3 | AD9: =AC9-Z9 | AE9: =AE10*Z3 | AG9: =AF9-AC9 | AH9: =AH10*AC3 | AJ9: =AI9-AF9 | AK9: =AK10*AF3 | AM9: =AL9-AI9 | AN9: =AN10*AI3 | AP9: =AO9-AL9 | AQ9: =AQ10*AL3 | AS9: =AR9-AO9 | AT9: =AT10*AO3 | AV9: =AU9-AR9 | AW9: =AW10*AR3 | AY9: =AX9-AU9 | AZ9: =AZ10*AU3 | BB9: =BA9-AX9 | BC9: =BC10*AX3 | BE9: =BD9-BA9 | BF9: =BF10*BA3 | BH9: =BG9-BD9 | BI9: =BI10*BD3 | BK9: =BJ9-BG9 | BL9: =BL10*BG3 | BN9: =BM9-BJ9 | BO9: =BO10*BJ3 | BQ9: =BP9-BM9 | BR9: =BR10*BM3 | BT9: =BS9-BP9 | BU9: =BU10*BP3 | BW9: =BV9-BS9 | BX9: =BX10*BS3 | BZ9: =BY9-BV9 | CA9: =CA10*BV3 | CC9: =CB9-BY9 | CD9: =CD10*BY3
C10: Тепло тариф | G10: ='0. ГИРА'!G10 | J10: ='0. ГИРА'!J10 | M10: ='0. ГИРА'!M10 | P10: ='0. ГИРА'!P10 | S10: ='0. ГИРА'!S10 | V10: ='0. ГИРА'!V10 | Y10: ='0. ГИРА'!Y10 | AB10: ='0. ГИРА'!AB10 | AE10: ='0. ГИРА'!AE10 | AH10: ='0. ГИРА'!AH10 | AK10: ='0. ГИРА'!AK10 | AN10: ='0. ГИРА'!AN10 | AQ10: ='0. ГИРА'!AQ10 | AT10: ='0. ГИРА'!AT10 | AW10: ='0. ГИРА'!AW10 | AZ10: ='0. ГИРА'!AZ10 | BC10: ='0. ГИРА'!BC10 | BF10: ='0. ГИРА'!BF10 | BI10: ='0. ГИРА'!BI10 | BL10: ='0. ГИРА'!BL10 | BO10: ='0. ГИРА'!BO10 | BR10: ='0. ГИРА'!BR10 | BU10: ='0. ГИРА'!BU10 | BX10: ='0. ГИРА'!BX10 | CA10: ='0. ГИРА'!CA10 | CD10: ='0. ГИРА'!CD10
A11: Номер счетчика | B11: 677890 | C11: Экспл. Услуги от УК | F11: =E11-D11 | I11: =H11-E11 | J11: =J12*E3 | L11: =K11-H11 | M11: =M12*H3 | O11: =N11-K11 | P11: =P12*K3 | R11: =Q11-N11 | S11: =S12*N3 | U11: =T11-Q11 | V11: =V12*Q3 | X11: =W11-T11 | Y11: =Y12*T3 | AA11: =Z11-W11 | AB11: =AB12*W3 | AD11: =AC11-Z11 | AE11: =AE12*Z3 | AG11: =AF11-AC11 | AH11: =AH12*AC3 | AJ11: =AI11-AF11 | AK11: =AK12*AF3 | AM11: =AL11-AI11 | AN11: =AN12*AI3 | AP11: =AO11-AL11 | AQ11: =AQ12*AL3 | AS11: =AR11-AO11 | AT11: =AT12*AO3 | AV11: =AU11-AR11 | AW11: =AW12*AR3 | AY11: =AX11-AU11 | AZ11: =AZ12*AU3 | BB11: =BA11-AX11 | BC11: =BC12*AX3 | BE11: =BD11-BA11 | BF11: =BF12*BA3 | BH11: =BG11-BD11 | BI11: =BI12*BD3 | BK11: =BJ11-BG11 | BL11: =BL12*BG3 | BN11: =BM11-BJ11 | BO11: =BO12*BJ3 | BQ11: =BP11-BM11 | BR11: =BR12*BM3 | BT11: =BS11-BP11 | BU11: =BU12*BP3 | BW11: =BV11-BS11 | BX11: =BX12*BS3 | BZ11: =BY11-BV11 | CA11: =CA12*BV3 | CC11: =CB11-BY11 | CD11: =CD12*BY3
C12: Экспл. Услуги от УК тариф | G12: ='0. ГИРА'!G12 | J12: ='0. ГИРА'!J12 | M12: ='0. ГИРА'!M12 | P12: ='0. ГИРА'!P12 | S12: ='0. ГИРА'!S12 | V12: ='0. ГИРА'!V12 | Y12: ='0. ГИРА'!Y12 | AB12: ='0. ГИРА'!AB12 | AE12: ='0. ГИРА'!AE12 | AH12: ='0. ГИРА'!AH12 | AK12: ='0. ГИРА'!AK12 | AN12: ='0. ГИРА'!AN12 | AQ12: ='0. ГИРА'!AQ12 | AT12: ='0. ГИРА'!AT12 | AW12: ='0. ГИРА'!AW12 | AZ12: ='0. ГИРА'!AZ12 | BC12: ='0. ГИРА'!BC12 | BF12: ='0. ГИРА'!BF12 | BI12: ='0. ГИРА'!BI12 | BL12: ='0. ГИРА'!BL12 | BO12: ='0. ГИРА'!BO12 | BR12: ='0. ГИРА'!BR12 | BU12: ='0. ГИРА'!BU12 | BX12: ='0. ГИРА'!BX12 | CA12: ='0. ГИРА'!CA12 | CD12: ='0. ГИРА'!CD12

Sheet К43,30
A1: ИНН | B1: =Реестр!D5 | C1: Месяц | D1: 45962 | E1: 45992 | F1: Потребл. | G1: 45962 | H1: 46023 | I1: Потребл. | J1: 45992 | K1: 46054 | L1: Потребл. | M1: 46023 | N1: 46082 | O1: Потребл. | P1: 46054 | Q1: 46113 | R1: Потребл. | S1: 46082 | T1: 46143 | U1: Потребл. | V1: 46113 | W1: 46174 | X1: Потребл. | Y1: 46143 | Z1: 46204 | AA1: Потребл. | AB1: 46174 | AC1: 46235 | AD1: Потребл. | AE1: 46204 | AF1: 46266 | AG1: Потребл. | AH1: 46235 | AI1: 46296 | AJ1: Потребл. | AK1: 46266 | AL1: 46327 | AM1: Потребл. | AN1: 46296 | AO1: 46357 | AP1: Потребл. | AQ1: 46327 | AR1: 46388 | AS1: Потребл. | AT1: 46357 | AU1: 46419 | AV1: Потребл. | AW1: 46388 | AX1: 46447 | AY1: Потребл. | AZ1: 46419 | BA1: 46478 | BB1: Потребл. | BC1: 46447 | BD1: 46508 | BE1: Потребл. | BF1: 46478 | BG1: 46539 | BH1: Потребл. | BI1: 46508 | BJ1: 46569 | BK1: Потребл. | BL1: 46539 | BM1: 46600 | BN1: Потребл. | BO1: 46569 | BP1: 46631 | BQ1: Потребл. | BR1: 46600 | BS1: 46661 | BT1: Потребл. | BU1: 46631 | BV1: 46692 | BW1: Потребл. | BX1: 46661 | BY1: 46722 | BZ1: Потребл. | CA1: 46692 | CB1: 46753 | CC1: Потребл. | CD1: 46722
A2: Кадастр | B2: =Реестр!B5 | D2: знач. | E2: знач. | F2: знач. | G2: руб. | H2: знач. | I2: знач. | J2: руб. | K2: знач. | L2: знач. | M2: руб. | N2: знач. | O2: знач | P2: руб. | Q2: знач. | R2: знач. | S2: руб. | T2: знач. | U2: знач. | V2: руб. | W2: знач. | X2: знач. | Y2: руб. | Z2: знач. | AA2: знач. | AB2: руб. | AC2: знач. | AD2: знач. | AE2: руб. | AF2: знач. | AG2: знач. | AH2: руб. | AI2: знач. | AJ2: знач. | AK2: руб. | AL2: знач. | AM2: знач. | AN2: руб. | AO2: знач. | AP2: знач. | AQ2: руб. | AR2: знач. | AS2: знач. | AT2: руб. | AU2: знач. | AV2: знач. | AW2: руб. | AX2: знач. | AY2: знач. | AZ2: руб. | BA2: знач. | BB2: знач. | BC2: руб. | BD2: знач. | BE2: знач. | BF2: руб. | BG2: знач. | BH2: знач. | BI2: руб. | BJ2: знач. | BK2: знач. | BL2: руб. | BM2: знач. | BN2: знач. | BO2: руб. | BP2: знач. | BQ2: знач. | BR2: руб. | BS2: знач. | BT2: знач. | BU2: руб. | BV2: знач. | BW2: знач. | BX2: руб. | BY2: знач. | BZ2: знач. | CA2: руб. | CB2: знач. | CC2: знач. | CD2: руб.
A3: Арендатор | B3: =Реестр!F5 | C3: Электричество | F3: =E3-D3 | G3: =F3*G4 | I3: =H3-E3 | J3: =I3*J4 | L3: =K3-H3 | M3: =L3*M4 | O3: =N3-K3 | P3: =O3*P4 | R3: =Q3-N3 | S3: =R3*S4 | U3: =T3-Q3 | V3: =U3*V4 | X3: =W3-T3 | Y3: =X3*Y4 | AA3: =Z3-W3 | AB3: =AA3*AB4 | AD3: =AC3-Z3 | AE3: =AD3*AE4 | AG3: =AF3-AC3 | AH3: =AG3*AH4 | AJ3: =AI3-AF3 | AK3: =AJ3*AK4 | AM3: =AL3-AI3 | AN3: =AM3*AN4 | AP3: =AO3-AL3 | AQ3: =AP3*AQ4 | AS3: =AR3-AO3 | AT3: =AS3*AT4 | AV3: =AU3-AR3 | AW3: =AV3*AW4 | AY3: =AX3-AU3 | AZ3: =AY3*AZ4 | BB3: =BA3-AX3 | BC3: =BB3*BC4 | BE3: =BD3-BA3 | BF3: =BE3*BF4 | BH3: =BG3-BD3 | BI3: =BH3*BI4 | BK3: =BJ3-BG3 | BL3: =BK3*BL4 | BN3: =BM3-BJ3 | BO3: =BN3*BO4 | BQ3: =BP3-BM3 | BR3: =BQ3*BR4 | BT3: =BS3-BP3 | BU3: =BT3*BU4 | BW3: =BV3-BS3 | BX3: =BW3*BX4 | BZ3: =BY3-BV3 | CA3: =BZ3*CA4 | CC3: =CB3-BY3 | CD3: =CC3*CD4
A4: Площадь | B4: =Реестр!H5 | C4: Электричество тариф | G4: ='0. ГИРА'!G4 | J4: ='0. ГИРА'!J4 | M4: ='0. ГИРА'!M4 | P4: ='0. ГИРА'!P4 | S4: ='0. ГИРА'!S4 | V4: ='0. ГИРА'!V4 | Y4: ='0. ГИРА'!Y4 | AB4: ='0. ГИРА'!AB4 | AE4: ='0. ГИРА'!AE4 | AH4: ='0. ГИРА'!AH4 | AK4: ='0. ГИРА'!AK4 | AN4: ='0. ГИРА'!AN4 | AQ4: ='0. ГИРА'!AQ4 | AT4: ='0. ГИРА'!AT4 | AW4: ='0. ГИРА'!AW4 | AZ4: ='0. ГИРА'!AZ4 | BC4: ='0. ГИРА'!BC4 | BF4: ='0. ГИРА'!BF4 | BI4: ='0. ГИРА'!BI4 | BL4: ='0. ГИРА'!BL4 | BO4: ='0. ГИРА'!BO4 | BR4: ='0. ГИРА'!BR4 | BU4: ='0. ГИРА'!BU4 | BX4: ='0. ГИРА'!BX4 | CA4: ='0. ГИРА'!CA4 | CD4: ='0. ГИРА'!CD4
C5: Водоканал холодная вода | F5: =E5-D5 | I5: =H5-E5 | L5: =K5-H5 | O5: =N5-K5 | R5: =Q5-N5 | U5: =T5-Q5 | X5: =W5-T5 | AA5: =Z5-W5 | AD5: =AC5-Z5 | AG5: =AF5-AC5 | AJ5: =AI5-AF5 | AM5: =AL5-AI5 | AP5: =AO5-AL5 | AS5: =AR5-AO5 | AV5: =AU5-AR5 | AY5: =AX5-AU5 | BB5: =BA5-AX5 | BE5: =BD5-BA5 | BH5: =BG5-BD5 | BK5: =BJ5-BG5 | BN5: =BM5-BJ5 | BQ5: =BP5-BM5 | BT5: =BS5-BP5 | BW5: =BV5-BS5 | BZ5: =BY5-BV5 | CC5: =CB5-BY5
A6: Имя 1 | B6: =Реестр!M5 | C6: Водоканал холодная Тариф | G6: ='0. ГИРА'!G6 | J6: ='0. ГИРА'!J6 | M6: ='0. ГИРА'!M6 | P6: ='0. ГИРА'!P6 | S6: ='0. ГИРА'!S6 | V6: ='0. ГИРА'!V6 | Y6: ='0. ГИРА'!Y6 | AB6: ='0. ГИРА'!AB6 | AE6: ='0. ГИРА'!AE6 | AH6: ='0. ГИРА'!AH6 | AK6: ='0. ГИРА'!AK6 | AN6: ='0. ГИРА'!AN6 | AQ6: ='0. ГИРА'!AQ6 | AT6: ='0. ГИРА'!AT6 | AW6: ='0. ГИРА'!AW6 | AZ6: ='0. ГИРА'!AZ6 | BC6: ='0. ГИРА'!BC6 | BF6: ='0. ГИРА'!BF6 | BI6: ='0. ГИРА'!BI6 | BL6: ='0. ГИРА'!BL6 | BO6: ='0. ГИРА'!BO6 | BR6: ='0. ГИРА'!BR6 | BU6: ='0. ГИРА'!BU6 | BX6: ='0. ГИРА'!BX6 | CA6: ='0. ГИРА'!CA6 | CD6: ='0. ГИРА'!CD6
A7: Контакт 1 | B7: =Реестр!N5 | C7: Водоканал горячая вода | F7: =E7-D7 | G7: =G8*F7 | I7: =H7-E7 | J7: =J8*I7 | L7: =K7-H7 | M7: =M8*L7 | O7: =N7-K7 | P7: =P8*O7 | R7: =Q7-N7 | S7: =S8*R7 | U7: =T7-Q7 | V7: =V8*U7 | X7: =W7-T7 | Y7: =Y8*X7 | AA7: =Z7-W7 | AB7: =AB8*AA7 | AD7: =AC7-Z7 | AE7: =AE8*AD7 | AG7: =AF7-AC7 | AH7: =AH8*AG7 | AJ7: =AI7-AF7 | AK7: =AK8*AJ7 | AM7: =AL7-AI7 | AN7: =AN8*AM7 | AP7: =AO7-AL7 | AQ7: =AQ8*AP7 | AS7: =AR7-AO7 | AT7: =AT8*AS7 | AV7: =AU7-AR7 | AW7: =AW8*AV7 | AY7: =AX7-AU7 | AZ7: =AZ8*AY7 | BB7: =BA7-AX7 | BC7: =BC8*BB7 | BE7: =BD7-BA7 | BF7: =BF8*BE7 | BH7: =BG7-BD7 | BI7: =BI8*BH7 | BK7: =BJ7-BG7 | BL7: =BL8*BK7 | BN7: =BM7-BJ7 | BO7: =BO8*BN7 | BQ7: =BP7-BM7 | BR7: =BR8*BQ7 | BT7: =BS7-BP7 | BU7: =BU8*BT7 | BW7: =BV7-BS7 | BX7: =BX8*BW7 | BZ7: =BY7-BV7 | CA7: =CA8*BZ7 | CC7: =CB7-BY7 | CD7: =CD8*CC7
A8: Имя 2 | B8: =Реестр!O5 | C8: Водоканал горячая Тариф | G8: ='0. ГИРА'!G8 | J8: ='0. ГИРА'!J8 | M8: ='0. ГИРА'!M8 | P8: ='0. ГИРА'!P8 | S8: ='0. ГИРА'!S8 | V8: ='0. ГИРА'!V8 | Y8: ='0. ГИРА'!Y8 | AB8: ='0. ГИРА'!AB8 | AE8: ='0. ГИРА'!AE8 | AH8: ='0. ГИРА'!AH8 | AK8: ='0. ГИРА'!AK8 | AN8: ='0. ГИРА'!AN8 | AQ8: ='0. ГИРА'!AQ8 | AT8: ='0. ГИРА'!AT8 | AW8: ='0. ГИРА'!AW8 | AZ8: ='0. ГИРА'!AZ8 | BC8: ='0. ГИРА'!BC8 | BF8: ='0. ГИРА'!BF8 | BI8: ='0. ГИРА'!BI8 | BL8: ='0. ГИРА'!BL8 | BO8: ='0. ГИРА'!BO8 | BR8: ='0. ГИРА'!BR8 | BU8: ='0. ГИРА'!BU8 | BX8: ='0. ГИРА'!BX8 | CA8: ='0. ГИРА'!CA8 | CD8: ='0. ГИРА'!CD8
A9: Контакт 2 | B9: =Реестр!P5 | C9: Тепло | F9: =E9-D9 | G9: =G10*B3 | I9: =H9-E9 | J9: =J10*E3 | K9: 1234 | L9: =K9-H9 | M9: 12 | O9: =N9-K9 | P9: =P10*K3 | R9: =Q9-N9 | S9: =S10*N3 | U9: =T9-Q9 | V9: =V10*Q3 | X9: =W9-T9 | Y9: =Y10*T3 | AA9: =Z9-W9 | AB9: =AB10*W3 | AD9: =AC9-Z9 | AE9: =AE10*Z3 | AG9: =AF9-AC9 | AH9: =AH10*AC3 | AJ9: =AI9-AF9 | AK9: =AK10*AF3 | AM9: =AL9-AI9 | AN9: =AN10*AI3 | AP9: =AO9-AL9 | AQ9: =AQ10*AL3 | AS9: =AR9-AO9 | AT9: =AT10*AO3 | AV9: =AU9-AR9 | AW9: =AW10*AR3 | AY9: =AX9-AU9 | AZ9: =AZ10*AU3 | BB9: =BA9-AX9 | BC9: =BC10*AX3 | BE9: =BD9-BA9 | BF9: =BF10*BA3 | BH9: =BG9-BD9 | BI9: =BI10*BD3 | BK9: =BJ9-BG9 | BL9: =BL10*BG3 | BN9: =BM9-BJ9 | BO9: =BO10*BJ3 | BQ9: =BP9-BM9 | BR9: =BR10*BM3 | BT9: =BS9-BP9 | BU9: =BU10*BP3 | BW9: =BV9-BS9 | BX9: =BX10*BS3 | BZ9: =BY9-BV9 | CA9: =CA10*BV3 | CC9: =CB9-BY9 | CD9: =CD10*BY3
C10: Тепло тариф | G10: ='0. ГИРА'!G10 | J10: ='0. ГИРА'!J10 | M10: ='0. ГИРА'!M10 | P10: ='0. ГИРА'!P10 | S10: ='0. ГИРА'!S10 | V10: ='0. ГИРА'!V10 | Y10: ='0. ГИРА'!Y10 | AB10: ='0. ГИРА'!AB10 | AE10: ='0. ГИРА'!AE10 | AH10: ='0. ГИРА'!AH10 | AK10: ='0. ГИРА'!AK10 | AN10: ='0. ГИРА'!AN10 | AQ10: ='0. ГИРА'!AQ10 | AT10: ='0. ГИРА'!AT10 | AW10: ='0. ГИРА'!AW10 | AZ10: ='0. ГИРА'!AZ10 | BC10: ='0. ГИРА'!BC10 | BF10: ='0. ГИРА'!BF10 | BI10: ='0. ГИРА'!BI10 | BL10: ='0. ГИРА'!BL10 | BO10: ='0. ГИРА'!BO10 | BR10: ='0. ГИРА'!BR10 | BU10: ='0. ГИРА'!BU10 | BX10: ='0. ГИРА'!BX10 | CA10: ='0. ГИРА'!CA10 | CD10: ='0. ГИРА'!CD10
A11: Номер счетчика | B11: =Реестр!J5 | C11: Экспл. Услуги от УК | F11: =E11-D11 | I11: =H11-E11 | J11: =J12*E3 | L11: =K11-H11 | M11: =M12*H3 | O11: =N11-K11 | P11: =P12*K3 | R11: =Q11-N11 | S11: =S12*N3 | U11: =T11-Q11 | V11: =V12*Q3 | X11: =W11-T11 | Y11: =Y12*T3 | AA11: =Z11-W11 | AB11: =AB12*W3 | AD11: =AC11-Z11 | AE11: =AE12*Z3 | AG11: =AF11-AC11 | AH11: =AH12*AC3 | AJ11: =AI11-AF11 | AK11: =AK12*AF3 | AM11: =AL11-AI11 | AN11: =AN12*AI3 | AP11: =AO11-AL11 | AQ11: =AQ12*AL3 | AS11: =AR11-AO11 | AT11: =AT12*AO3 | AV11: =AU11-AR11 | AW11: =AW12*AR3 | AY11: =AX11-AU11 | AZ11: =AZ12*AU3 | BB11: =BA11-AX11 | BC11: =BC12*AX3 | BE11: =BD11-BA11 | BF11: =BF12*BA3 | BH11: =BG11-BD11 | BI11: =BI12*BD3 | BK11: =BJ11-BG11 | BL11: =BL12*BG3 | BN11: =BM11-BJ11 | BO11: =BO12*BJ3 | BQ11: =BP11-BM11 | BR11: =BR12*BM3 | BT11: =BS11-BP11 | BU11: =BU12*BP3 | BW11: =BV11-BS11 | BX11: =BX12*BS3 | BZ11: =BY11-BV11 | CA11: =CA12*BV3 | CC11: =CB11-BY11 | CD11: =CD12*BY3
C12: Экспл. Услуги от УК тариф | G12: ='0. ГИРА'!G12 | J12: ='0. ГИРА'!J12 | M12: ='0. ГИРА'!M12 | P12: ='0. ГИРА'!P12 | S12: ='0. ГИРА'!S12 | V12: ='0. ГИРА'!V12 | Y12: ='0. ГИРА'!Y12 | AB12: ='0. ГИРА'!AB12 | AE12: ='0. ГИРА'!AE12 | AH12: ='0. ГИРА'!AH12 | AK12: ='0. ГИРА'!AK12 | AN12: ='0. ГИРА'!AN12 | AQ12: ='0. ГИРА'!AQ12 | AT12: ='0. ГИРА'!AT12 | AW12: ='0. ГИРА'!AW12 | AZ12: ='0. ГИРА'!AZ12 | BC12: ='0. ГИРА'!BC12 | BF12: ='0. ГИРА'!BF12 | BI12: ='0. ГИРА'!BI12 | BL12: ='0. ГИРА'!BL12 | BO12: ='0. ГИРА'!BO12 | BR12: ='0. ГИРА'!BR12 | BU12: ='0. ГИРА'!BU12 | BX12: ='0. ГИРА'!BX12 | CA12: ='0. ГИРА'!CA12 | CD12: ='0. ГИРА'!CD12

Sheet К36,00
A1: ИНН | B1: =Реестр!D6 | C1: Месяц | D1: 45962 | E1: 45992 | F1: Потребл. | G1: 45962 | H1: 46023 | I1: Потребл. | J1: 45992 | K1: 46054 | L1: Потребл. | M1: 46023 | N1: 46082 | O1: Потребл. | P1: 46054 | Q1: 46113 | R1: Потребл. | S1: 46082 | T1: 46143 | U1: Потребл. | V1: 46113 | W1: 46174 | X1: Потребл. | Y1: 46143 | Z1: 46204 | AA1: Потребл. | AB1: 46174 | AC1: 46235 | AD1: Потребл. | AE1: 46204 | AF1: 46266 | AG1: Потребл. | AH1: 46235 | AI1: 46296 | AJ1: Потребл. | AK1: 46266 | AL1: 46327 | AM1: Потребл. | AN1: 46296 | AO1: 46357 | AP1: Потребл. | AQ1: 46327 | AR1: 46388 | AS1: Потребл. | AT1: 46357 | AU1: 46419 | AV1: Потребл. | AW1: 46388 | AX1: 46447 | AY1: Потребл. | AZ1: 46419 | BA1: 46478 | BB1: Потребл. | BC1: 46447 | BD1: 46508 | BE1: Потребл. | BF1: 46478 | BG1: 46539 | BH1: Потребл. | BI1: 46508 | BJ1: 46569 | BK1: Потребл. | BL1: 46539 | BM1: 46600 | BN1: Потребл. | BO1: 46569 | BP1: 46631 | BQ1: Потребл. | BR1: 46600 | BS1: 46661 | BT1: Потребл. | BU1: 46631 | BV1: 46692 | BW1: Потребл. | BX1: 46661 | BY1: 46722 | BZ1: Потребл. | CA1: 46692 | CB1: 46753 | CC1: Потребл. | CD1: 46722
A2: Кадастр | B2: =Реестр!B6 | D2: знач. | E2: знач. | F2: знач. | G2: руб. | H2: знач. | I2: знач. | J2: руб. | K2: знач. | L2: знач. | M2: руб. | N2: знач. | O2: знач | P2: руб. | Q2: знач. | R2: знач. | S2: руб. | T2: знач. | U2: знач. | V2: руб. | W2: знач. | X2: знач. | Y2: руб. | Z2: знач. | AA2: знач. | AB2: руб. | AC2: знач. | AD2: знач. | AE2: руб. | AF2: знач. | AG2: знач. | AH2: руб. | AI2: знач. | AJ2: знач. | AK2: руб. | AL2: знач. | AM2: знач. | AN2: руб. | AO2: знач. | AP2: знач. | AQ2: руб. | AR2: знач. | AS2: знач. | AT2: руб. | AU2: знач. | AV2: знач. | AW2: руб. | AX2: знач. | AY2: знач. | AZ2: руб. | BA2: знач. | BB2: знач. | BC2: руб. | BD2: знач. | BE2: знач. | BF2: руб. | BG2: знач. | BH2: знач. | BI2: руб. | BJ2: знач. | BK2: знач. | BL2: руб. | BM2: знач. | BN2: знач. | BO2: руб. | BP2: знач. | BQ2: знач. | BR2: руб. | BS2: знач. | BT2: знач. | BU2: руб. | BV2: знач. | BW2: знач. | BX2: руб. | BY2: знач. | BZ2: знач. | CA2: руб. | CB2: знач. | CC2: знач. | CD2: руб.
A3: Арендатор | B3: =Реестр!F6 | C3: Электричество | F3: =E3-D3 | G3: =F3*G4 | I3: =H3-E3 | J3: =I3*J4 | L3: =K3-H3 | M3: =L3*M4 | O3: =N3-K3 | P3: =O3*P4 | R3: =Q3-N3 | S3: =R3*S4 | U3: =T3-Q3 | V3: =U3*V4 | X3: =W3-T3 | Y3: =X3*Y4 | AA3: =Z3-W3 | AB3: =AA3*AB4 | AD3: =AC3-Z3 | AE3: =AD3*AE4 | AG3: =AF3-AC3 | AH3: =AG3*AH4 | AJ3: =AI3-AF3 | AK3: =AJ3*AK4 | AM3: =AL3-AI3 | AN3: =AM3*AN4 | AP3: =AO3-AL3 | AQ3: =AP3*AQ4 | AS3: =AR3-AO3 | AT3: =AS3*AT4 | AV3: =AU3-AR3 | AW3: =AV3*AW4 | AY3: =AX3-AU3 | AZ3: =AY3*AZ4 | BB3: =BA3-AX3 | BC3: =BB3*BC4 | BE3: =BD3-BA3 | BF3: =BE3*BF4 | BH3: =BG3-BD3 | BI3: =BH3*BI4 | BK3: =BJ3-BG3 | BL3: =BK3*BL4 | BN3: =BM3-BJ3 | BO3: =BN3*BO4 | BQ3: =BP3-BM3 | BR3: =BQ3*BR4 | BT3: =BS3-BP3 | BU3: =BT3*BU4 | BW3: =BV3-BS3 | BX3: =BW3*BX4 | BZ3: =BY3-BV3 | CA3: =BZ3*CA4 | CC3: =CB3-BY3 | CD3: =CC3*CD4
A4: Площадь | B4: =Реестр!H6 | C4: Электричество тариф | G4: ='0. ГИРА'!G4 | J4: ='0. ГИРА'!J4 | M4: ='0. ГИРА'!M4 | P4: ='0. ГИРА'!P4 | S4: ='0. ГИРА'!S4 | V4: ='0. ГИРА'!V4 | Y4: ='0. ГИРА'!Y4 | AB4: ='0. ГИРА'!AB4 | AE4: ='0. ГИРА'!AE4 | AH4: ='0. ГИРА'!AH4 | AK4: ='0. ГИРА'!AK4 | AN4: ='0. ГИРА'!AN4 | AQ4: ='0. ГИРА'!AQ4 | AT4: ='0. ГИРА'!AT4 | AW4: ='0. ГИРА'!AW4 | AZ4: ='0. ГИРА'!AZ4 | BC4: ='0. ГИРА'!BC4 | BF4: ='0. ГИРА'!BF4 | BI4: ='0. ГИРА'!BI4 | BL4: ='0. ГИРА'!BL4 | BO4: ='0. ГИРА'!BO4 | BR4: ='0. ГИРА'!BR4 | BU4: ='0. ГИРА'!BU4 | BX4: ='0. ГИРА'!BX4 | CA4: ='0. ГИРА'!CA4 | CD4: ='0. ГИРА'!CD4
C5: Водоканал холодная вода | F5: =E5-D5 | I5: =H5-E5 | L5: =K5-H5 | O5: =N5-K5 | R5: =Q5-N5 | U5: =T5-Q5 | X5: =W5-T5 | AA5: =Z5-W5 | AD5: =AC5-Z5 | AG5: =AF5-AC5 | AJ5: =AI5-AF5 | AM5: =AL5-AI5 | AP5: =AO5-AL5 | AS5: =AR5-AO5 | AV5: =AU5-AR5 | AY5: =AX5-AU5 | BB5: =BA5-AX5 | BE5: =BD5-BA5 | BH5: =BG5-BD5 | BK5: =BJ5-BG5 | BN5: =BM5-BJ5 | BQ5: =BP5-BM5 | BT5: =BS5-BP5 | BW5: =BV5-BS5 | BZ5: =BY5-BV5 | CC5: =CB5-BY5
A6: Имя 1 | B6: =Реестр!M6 | C6: Водоканал холодная Тариф | G6: ='0. ГИРА'!G6 | J6: ='0. ГИРА'!J6 | M6: ='0. ГИРА'!M6 | P6: ='0. ГИРА'!P6 | S6: ='0. ГИРА'!S6 | V6: ='0. ГИРА'!V6 | Y6: ='0. ГИРА'!Y6 | AB6: ='0. ГИРА'!AB6 | AE6: ='0. ГИРА'!AE6 | AH6: ='0. ГИРА'!AH6 | AK6: ='0. ГИРА'!AK6 | AN6: ='0. ГИРА'!AN6 | AQ6: ='0. ГИРА'!AQ6 | AT6: ='0. ГИРА'!AT6 | AW6: ='0. ГИРА'!AW6 | AZ6: ='0. ГИРА'!AZ6 | BC6: ='0. ГИРА'!BC6 | BF6: ='0. ГИРА'!BF6 | BI6: ='0. ГИРА'!BI6 | BL6: ='0. ГИРА'!BL6 | BO6: ='0. ГИРА'!BO6 | BR6: ='0. ГИРА'!BR6 | BU6: ='0. ГИРА'!BU6 | BX6: ='0. ГИРА'!BX6 | CA6: ='0. ГИРА'!CA6 | CD6: ='0. ГИРА'!CD6
A7: Контакт 1 | B7: =Реестр!N6 | C7: Водоканал горячая вода | F7: =E7-D7 | G7: =G8*F7 | I7: =H7-E7 | J7: =J8*I7 | L7: =K7-H7 | M7: =M8*L7 | O7: =N7-K7 | P7: =P8*O7 | R7: =Q7-N7 | S7: =S8*R7 | U7: =T7-Q7 | V7: =V8*U7 | X7: =W7-T7 | Y7: =Y8*X7 | AA7: =Z7-W7 | AB7: =AB8*AA7 | AD7: =AC7-Z7 | AE7: =AE8*AD7 | AG7: =AF7-AC7 | AH7: =AH8*AG7 | AJ7: =AI7-AF7 | AK7: =AK8*AJ7 | AM7: =AL7-AI7 | AN7: =AN8*AM7 | AP7: =AO7-AL7 | AQ7: =AQ8*AP7 | AS7: =AR7-AO7 | AT7: =AT8*AS7 | AV7: =AU7-AR7 | AW7: =AW8*AV7 | AY7: =AX7-AU7 | AZ7: =AZ8*AY7 | BB7: =BA7-AX7 | BC7: =BC8*BB7 | BE7: =BD7-BA7 | BF7: =BF8*BE7 | BH7: =BG7-BD7 | BI7: =BI8*BH7 | BK7: =BJ7-BG7 | BL7: =BL8*BK7 | BN7: =BM7-BJ7 | BO7: =BO8*BN7 | BQ7: =BP7-BM7 | BR7: =BR8*BQ7 | BT7: =BS7-BP7 | BU7: =BU8*BT7 | BW7: =BV7-BS7 | BX7: =BX8*BW7 | BZ7: =BY7-BV7 | CA7: =CA8*BZ7 | CC7: =CB7-BY7 | CD7: =CD8*CC7
A8: Имя 2 | B8: =Реестр!O6 | C8: Водоканал горячая Тариф | G8: ='0. ГИРА'!G8 | J8: ='0. ГИРА'!J8 | M8: ='0. ГИРА'!M8 | P8: ='0. ГИРА'!P8 | S8: ='0. ГИРА'!S8 | V8: ='0. ГИРА'!V8 | Y8: ='0. ГИРА'!Y8 | AB8: ='0. ГИРА'!AB8 | AE8: ='0. ГИРА'!AE8 | AH8: ='0. ГИРА'!AH8 | AK8: ='0. ГИРА'!AK8 | AN8: ='0. ГИРА'!AN8 | AQ8: ='0. ГИРА'!AQ8 | AT8: ='0. ГИРА'!AT8 | AW8: ='0. ГИРА'!AW8 | AZ8: ='0. ГИРА'!AZ8 | BC8: ='0. ГИРА'!BC8 | BF8: ='0. ГИРА'!BF8 | BI8: ='0. ГИРА'!BI8 | BL8: ='0. ГИРА'!BL8 | BO8: ='0. ГИРА'!BO8 | BR8: ='0. ГИРА'!BR8 | BU8: ='0. ГИРА'!BU8 | BX8: ='0. ГИРА'!BX8 | CA8: ='0. ГИРА'!CA8 | CD8: ='0. ГИРА'!CD8
A9: Контакт 2 | B9: =Реестр!P6 | C9: Тепло | F9: =E9-D9 | G9: =G10*B3 | I9: =H9-E9 | J9: =J10*E3 | L9: =K9-H9 | M9: =M10*H3 | O9: =N9-K9 | P9: =P10*K3 | R9: =Q9-N9 | S9: =S10*N3 | U9: =T9-Q9 | V9: =V10*Q3 | X9: =W9-T9 | Y9: =Y10*T3 | AA9: =Z9-W9 | AB9: =AB10*W3 | AD9: =AC9-Z9 | AE9: =AE10*Z3 | AG9: =AF9-AC9 | AH9: =AH10*AC3 | AJ9: =AI9-AF9 | AK9: =AK10*AF3 | AM9: =AL9-AI9 | AN9: =AN10*AI3 | AP9: =AO9-AL9 | AQ9: =AQ10*AL3 | AS9: =AR9-AO9 | AT9: =AT10*AO3 | AV9: =AU9-AR9 | AW9: =AW10*AR3 | AY9: =AX9-AU9 | AZ9: =AZ10*AU3 | BB9: =BA9-AX9 | BC9: =BC10*AX3 | BE9: =BD9-BA9 | BF9: =BF10*BA3 | BH9: =BG9-BD9 | BI9: =BI10*BD3 | BK9: =BJ9-BG9 | BL9: =BL10*BG3 | BN9: =BM9-BJ9 | BO9: =BO10*BJ3 | BQ9: =BP9-BM9 | BR9: =BR10*BM3 | BT9: =BS9-BP9 | BU9: =BU10*BP3 | BW9: =BV9-BS9 | BX9: =BX10*BS3 | BZ9: =BY9-BV9 | CA9: =CA10*BV3 | CC9: =CB9-BY9 | CD9: =CD10*BY3
C10: Тепло тариф | G10: ='0. ГИРА'!G10 | J10: ='0. ГИРА'!J10 | M10: ='0. ГИРА'!M10 | P10: ='0. ГИРА'!P10 | S10: ='0. ГИРА'!S10 | V10: ='0. ГИРА'!V10 | Y10: ='0. ГИРА'!Y10 | AB10: ='0. ГИРА'!AB10 | AE10: ='0. ГИРА'!AE10 | AH10: ='0. ГИРА'!AH10 | AK10: ='0. ГИРА'!AK10 | AN10: ='0. ГИРА'!AN10 | AQ10: ='0. ГИРА'!AQ10 | AT10: ='0. ГИРА'!AT10 | AW10: ='0. ГИРА'!AW10 | AZ10: ='0. ГИРА'!AZ10 | BC10: ='0. ГИРА'!BC10 | BF10: ='0. ГИРА'!BF10 | BI10: ='0. ГИРА'!BI10 | BL10: ='0. ГИРА'!BL10 | BO10: ='0. ГИРА'!BO10 | BR10: ='0. ГИРА'!BR10 | BU10: ='0. ГИРА'!BU10 | BX10: ='0. ГИРА'!BX10 | CA10: ='0. ГИРА'!CA10 | CD10: ='0. ГИРА'!CD10
A11: Номер счетчика | B11: 111 000111,000788,000191, 11111111, 11111110 | C11: Экспл. Услуги от УК | F11: =E11-D11 | I11: =H11-E11 | J11: =J12*E3 | L11: =K11-H11 | M11: =M12*H3 | O11: =N11-K11 | P11: =P12*K3 | R11: =Q11-N11 | S11: =S12*N3 | U11: =T11-Q11 | V11: =V12*Q3 | X11: =W11-T11 | Y11: =Y12*T3 | AA11: =Z11-W11 | AB11: =AB12*W3 | AD11: =AC11-Z11 | AE11: =AE12*Z3 | AG11: =AF11-AC11 | AH11: =AH12*AC3 | AJ11: =AI11-AF11 | AK11: =AK12*AF3 | AM11: =AL11-AI11 | AN11: =AN12*AI3 | AP11: =AO11-AL11 | AQ11: =AQ12*AL3 | AS11: =AR11-AO11 | AT11: =AT12*AO3 | AV11: =AU11-AR11 | AW11: =AW12*AR3 | AY11: =AX11-AU11 | AZ11: =AZ12*AU3 | BB11: =BA11-AX11 | BC11: =BC12*AX3 | BE11: =BD11-BA11 | BF11: =BF12*BA3 | BH11: =BG11-BD11 | BI11: =BI12*BD3 | BK11: =BJ11-BG11 | BL11: =BL12*BG3 | BN11: =BM11-BJ11 | BO11: =BO12*BJ3 | BQ11: =BP11-BM11 | BR11: =BR12*BM3 | BT11: =BS11-BP11 | BU11: =BU12*BP3 | BW11: =BV11-BS11 | BX11: =BX12*BS3 | BZ11: =BY11-BV11 | CA11: =CA12*BV3 | CC11: =CB11-BY11 | CD11: =CD12*BY3
C12: Экспл. Услуги от УК тариф | G12: ='0. ГИРА'!G12 | J12: ='0. ГИРА'!J12 | M12: ='0. ГИРА'!M12 | P12: ='0. ГИРА'!P12 | S12: ='0. ГИРА'!S12 | V12: ='0. ГИРА'!V12 | Y12: ='0. ГИРА'!Y12 | AB12: ='0. ГИРА'!AB12 | AE12: ='0. ГИРА'!AE12 | AH12: ='0. ГИРА'!AH12 | AK12: ='0. ГИРА'!AK12 | AN12: ='0. ГИРА'!AN12 | AQ12: ='0. ГИРА'!AQ12 | AT12: ='0. ГИРА'!AT12 | AW12: ='0. ГИРА'!AW12 | AZ12: ='0. ГИРА'!AZ12 | BC12: ='0. ГИРА'!BC12 | BF12: ='0. ГИРА'!BF12 | BI12: ='0. ГИРА'!BI12 | BL12: ='0. ГИРА'!BL12 | BO12: ='0. ГИРА'!BO12 | BR12: ='0. ГИРА'!BR12 | BU12: ='0. ГИРА'!BU12 | BX12: ='0. ГИРА'!BX12 | CA12: ='0. ГИРА'!CA12 | CD12: ='0. ГИРА'!CD12

Sheet К28,35
A1: ИНН | B1: =Реестр!D7 | C1: Месяц | D1: 45962 | E1: 45992 | F1: Потребл. | G1: 45962 | H1: 46023 | I1: Потребл. | J1: 45992 | K1: 46054 | L1: Потребл. | M1: 46023 | N1: 46082 | O1: Потребл. | P1: 46054 | Q1: 46113 | R1: Потребл. | S1: 46082 | T1: 46143 | U1: Потребл. | V1: 46113 | W1: 46174 | X1: Потребл. | Y1: 46143 | Z1: 46204 | AA1: Потребл. | AB1: 46174 | AC1: 46235 | AD1: Потребл. | AE1: 46204 | AF1: 46266 | AG1: Потребл. | AH1: 46235 | AI1: 46296 | AJ1: Потребл. | AK1: 46266 | AL1: 46327 | AM1: Потребл. | AN1: 46296 | AO1: 46357 | AP1: Потребл. | AQ1: 46327 | AR1: 46388 | AS1: Потребл. | AT1: 46357 | AU1: 46419 | AV1: Потребл. | AW1: 46388 | AX1: 46447 | AY1: Потребл. | AZ1: 46419 | BA1: 46478 | BB1: Потребл. | BC1: 46447 | BD1: 46508 | BE1: Потребл. | BF1: 46478 | BG1: 46539 | BH1: Потребл. | BI1: 46508 | BJ1: 46569 | BK1: Потребл. | BL1: 46539 | BM1: 46600 | BN1: Потребл. | BO1: 46569 | BP1: 46631 | BQ1: Потребл. | BR1: 46600 | BS1: 46661 | BT1: Потребл. | BU1: 46631 | BV1: 46692 | BW1: Потребл. | BX1: 46661 | BY1: 46722 | BZ1: Потребл. | CA1: 46692 | CB1: 46753 | CC1: Потребл. | CD1: 46722
A2: Кадастр | B2: =Реестр!B7 | D2: знач. | E2: знач. | F2: знач. | G2: руб. | H2: знач. | I2: знач. | J2: руб. | K2: знач. | L2: знач. | M2: руб. | N2: знач. | O2: знач | P2: руб. | Q2: знач. | R2: знач. | S2: руб. | T2: знач. | U2: знач. | V2: руб. | W2: знач. | X2: знач. | Y2: руб. | Z2: знач. | AA2: знач. | AB2: руб. | AC2: знач. | AD2: знач. | AE2: руб. | AF2: знач. | AG2: знач. | AH2: руб. | AI2: знач. | AJ2: знач. | AK2: руб. | AL2: знач. | AM2: знач. | AN2: руб. | AO2: знач. | AP2: знач. | AQ2: руб. | AR2: знач. | AS2: знач. | AT2: руб. | AU2: знач. | AV2: знач. | AW2: руб. | AX2: знач. | AY2: знач. | AZ2: руб. | BA2: знач. | BB2: знач. | BC2: руб. | BD2: знач. | BE2: знач. | BF2: руб. | BG2: знач. | BH2: знач. | BI2: руб. | BJ2: знач. | BK2: знач. | BL2: руб. | BM2: знач. | BN2: знач. | BO2: руб. | BP2: знач. | BQ2: знач. | BR2: руб. | BS2: знач. | BT2: знач. | BU2: руб. | BV2: знач. | BW2: знач. | BX2: руб. | BY2: знач. | BZ2: знач. | CA2: руб. | CB2: знач. | CC2: знач. | CD2: руб.
A3: Арендатор | B3: =Реестр!F7 | C3: Электричество | F3: =E3-D3 | G3: =F3*G4 | I3: =H3-E3 | J3: =I3*J4 | L3: =K3-H3 | M3: =L3*M4 | O3: =N3-K3 | P3: =O3*P4 | R3: =Q3-N3 | S3: =R3*S4 | U3: =T3-Q3 | V3: =U3*V4 | X3: =W3-T3 | Y3: =X3*Y4 | AA3: =Z3-W3 | AB3: =AA3*AB4 | AD3: =AC3-Z3 | AE3: =AD3*AE4 | AG3: =AF3-AC3 | AH3: =AG3*AH4 | AJ3: =AI3-AF3 | AK3: =AJ3*AK4 | AM3: =AL3-AI3 | AN3: =AM3*AN4 | AP3: =AO3-AL3 | AQ3: =AP3*AQ4 | AS3: =AR3-AO3 | AT3: =AS3*AT4 | AV3: =AU3-AR3 | AW3: =AV3*AW4 | AY3: =AX3-AU3 | AZ3: =AY3*AZ4 | BB3: =BA3-AX3 | BC3: =BB3*BC4 | BE3: =BD3-BA3 | BF3: =BE3*BF4 | BH3: =BG3-BD3 | BI3: =BH3*BI4 | BK3: =BJ3-BG3 | BL3: =BK3*BL4 | BN3: =BM3-BJ3 | BO3: =BN3*BO4 | BQ3: =BP3-BM3 | BR3: =BQ3*BR4 | BT3: =BS3-BP3 | BU3: =BT3*BU4 | BW3: =BV3-BS3 | BX3: =BW3*BX4 | BZ3: =BY3-BV3 | CA3: =BZ3*CA4 | CC3: =CB3-BY3 | CD3: =CC3*CD4
A4: Площадь | B4: =Реестр!H7 | C4: Электричество тариф | G4: ='0. ГИРА'!G4 | J4: ='0. ГИРА'!J4 | M4: ='0. ГИРА'!M4 | P4: ='0. ГИРА'!P4 | S4: ='0. ГИРА'!S4 | V4: ='0. ГИРА'!V4 | Y4: ='0. ГИРА'!Y4 | AB4: ='0. ГИРА'!AB4 | AE4: ='0. ГИРА'!AE4 | AH4: ='0. ГИРА'!AH4 | AK4: ='0. ГИРА'!AK4 | AN4: ='0. ГИРА'!AN4 | AQ4: ='0. ГИРА'!AQ4 | AT4: ='0. ГИРА'!AT4 | AW4: ='0. ГИРА'!AW4 | AZ4: ='0. ГИРА'!AZ4 | BC4: ='0. ГИРА'!BC4 | BF4: ='0. ГИРА'!BF4 | BI4: ='0. ГИРА'!BI4 | BL4: ='0. ГИРА'!BL4 | BO4: ='0. ГИРА'!BO4 | BR4: ='0. ГИРА'!BR4 | BU4: ='0. ГИРА'!BU4 | BX4: ='0. ГИРА'!BX4 | CA4: ='0. ГИРА'!CA4 | CD4: ='0. ГИРА'!CD4
C5: Водоканал холодная вода | F5: =E5-D5 | I5: =H5-E5 | L5: =K5-H5 | O5: =N5-K5 | R5: =Q5-N5 | U5: =T5-Q5 | X5: =W5-T5 | AA5: =Z5-W5 | AD5: =AC5-Z5 | AG5: =AF5-AC5 | AJ5: =AI5-AF5 | AM5: =AL5-AI5 | AP5: =AO5-AL5 | AS5: =AR5-AO5 | AV5: =AU5-AR5 | AY5: =AX5-AU5 | BB5: =BA5-AX5 | BE5: =BD5-BA5 | BH5: =BG5-BD5 | BK5: =BJ5-BG5 | BN5: =BM5-BJ5 | BQ5: =BP5-BM5 | BT5: =BS5-BP5 | BW5: =BV5-BS5 | BZ5: =BY5-BV5 | CC5: =CB5-BY5
A6: Имя 1 | B6: =Реестр!M7 | C6: Водоканал холодная Тариф | G6: ='0. ГИРА'!G6 | J6: ='0. ГИРА'!J6 | M6: ='0. ГИРА'!M6 | P6: ='0. ГИРА'!P6 | S6: ='0. ГИРА'!S6 | V6: ='0. ГИРА'!V6 | Y6: ='0. ГИРА'!Y6 | AB6: ='0. ГИРА'!AB6 | AE6: ='0. ГИРА'!AE6 | AH6: ='0. ГИРА'!AH6 | AK6: ='0. ГИРА'!AK6 | AN6: ='0. ГИРА'!AN6 | AQ6: ='0. ГИРА'!AQ6 | AT6: ='0. ГИРА'!AT6 | AW6: ='0. ГИРА'!AW6 | AZ6: ='0. ГИРА'!AZ6 | BC6: ='0. ГИРА'!BC6 | BF6: ='0. ГИРА'!BF6 | BI6: ='0. ГИРА'!BI6 | BL6: ='0. ГИРА'!BL6 | BO6: ='0. ГИРА'!BO6 | BR6: ='0. ГИРА'!BR6 | BU6: ='0. ГИРА'!BU6 | BX6: ='0. ГИРА'!BX6 | CA6: ='0. ГИРА'!CA6 | CD6: ='0. ГИРА'!CD6
A7: Контакт 1 | B7: =Реестр!N7 | C7: Водоканал горячая вода | F7: =E7-D7 | G7: =G8*F7 | I7: =H7-E7 | J7: =J8*I7 | L7: =K7-H7 | M7: =M8*L7 | O7: =N7-K7 | P7: =P8*O7 | R7: =Q7-N7 | S7: =S8*R7 | U7: =T7-Q7 | V7: =V8*U7 | X7: =W7-T7 | Y7: =Y8*X7 | AA7: =Z7-W7 | AB7: =AB8*AA7 | AD7: =AC7-Z7 | AE7: =AE8*AD7 | AG7: =AF7-AC7 | AH7: =AH8*AG7 | AJ7: =AI7-AF7 | AK7: =AK8*AJ7 | AM7: =AL7-AI7 | AN7: =AN8*AM7 | AP7: =AO7-AL7 | AQ7: =AQ8*AP7 | AS7: =AR7-AO7 | AT7: =AT8*AS7 | AV7: =AU7-AR7 | AW7: =AW8*AV7 | AY7: =AX7-AU7 | AZ7: =AZ8*AY7 | BB7: =BA7-AX7 | BC7: =BC8*BB7 | BE7: =BD7-BA7 | BF7: =BF8*BE7 | BH7: =BG7-BD7 | BI7: =BI8*BH7 | BK7: =BJ7-BG7 | BL7: =BL8*BK7 | BN7: =BM7-BJ7 | BO7: =BO8*BN7 | BQ7: =BP7-BM7 | BR7: =BR8*BQ7 | BT7: =BS7-BP7 | BU7: =BU8*BT7 | BW7: =BV7-BS7 | BX7: =BX8*BW7 | BZ7: =BY7-BV7 | CA7: =CA8*BZ7 | CC7: =CB7-BY7 | CD7: =CD8*CC7
A8: Имя 2 | B8: =Реестр!O7 | C8: Водоканал горячая Тариф | G8: ='0. ГИРА'!G8 | J8: ='0. ГИРА'!J8 | M8: ='0. ГИРА'!M8 | P8: ='0. ГИРА'!P8 | S8: ='0. ГИРА'!S8 | V8: ='0. ГИРА'!V8 | Y8: ='0. ГИРА'!Y8 | AB8: ='0. ГИРА'!AB8 | AE8: ='0. ГИРА'!AE8 | AH8: ='0. ГИРА'!AH8 | AK8: ='0. ГИРА'!AK8 | AN8: ='0. ГИРА'!AN8 | AQ8: ='0. ГИРА'!AQ8 | AT8: ='0. ГИРА'!AT8 | AW8: ='0. ГИРА'!AW8 | AZ8: ='0. ГИРА'!AZ8 | BC8: ='0. ГИРА'!BC8 | BF8: ='0. ГИРА'!BF8 | BI8: ='0. ГИРА'!BI8 | BL8: ='0. ГИРА'!BL8 | BO8: ='0. ГИРА'!BO8 | BR8: ='0. ГИРА'!BR8 | BU8: ='0. ГИРА'!BU8 | BX8: ='0. ГИРА'!BX8 | CA8: ='0. ГИРА'!CA8 | CD8: ='0. ГИРА'!CD8
A9: Контакт 2 | B9: =Реестр!P7 | C9: Тепло | F9: =E9-D9 | G9: =G10*B3 | I9: =H9-E9 | J9: =J10*E3 | L9: =K9-H9 | M9: =M10*H3 | O9: =N9-K9 | P9: =P10*K3 | R9: =Q9-N9 | S9: =S10*N3 | U9: =T9-Q9 | V9: =V10*Q3 | X9: =W9-T9 | Y9: =Y10*T3 | AA9: =Z9-W9 | AB9: =AB10*W3 | AD9: =AC9-Z9 | AE9: =AE10*Z3 | AG9: =AF9-AC9 | AH9: =AH10*AC3 | AJ9: =AI9-AF9 | AK9: =AK10*AF3 | AM9: =AL9-AI9 | AN9: =AN10*AI3 | AP9: =AO9-AL9 | AQ9: =AQ10*AL3 | AS9: =AR9-AO9 | AT9: =AT10*AO3 | AV9: =AU9-AR9 | AW9: =AW10*AR3 | AY9: =AX9-AU9 | AZ9: =AZ10*AU3 | BB9: =BA9-AX9 | BC9: =BC10*AX3 | BE9: =BD9-BA9 | BF9: =BF10*BA3 | BH9: =BG9-BD9 | BI9: =BI10*BD3 | BK9: =BJ9-BG9 | BL9: =BL10*BG3 | BN9: =BM9-BJ9 | BO9: =BO10*BJ3 | BQ9: =BP9-BM9 | BR9: =BR10*BM3 | BT9: =BS9-BP9 | BU9: =BU10*BP3 | BW9: =BV9-BS9 | BX9: =BX10*BS3 | BZ9: =BY9-BV9 | CA9: =CA10*BV3 | CC9: =CB9-BY9 | CD9: =CD10*BY3
C10: Тепло тариф | G10: ='0. ГИРА'!G10 | J10: ='0. ГИРА'!J10 | M10: ='0. ГИРА'!M10 | P10: ='0. ГИРА'!P10 | S10: ='0. ГИРА'!S10 | V10: ='0. ГИРА'!V10 | Y10: ='0. ГИРА'!Y10 | AB10: ='0. ГИРА'!AB10 | AE10: ='0. ГИРА'!AE10 | AH10: ='0. ГИРА'!AH10 | AK10: ='0. ГИРА'!AK10 | AN10: ='0. ГИРА'!AN10 | AQ10: ='0. ГИРА'!AQ10 | AT10: ='0. ГИРА'!AT10 | AW10: ='0. ГИРА'!AW10 | AZ10: ='0. ГИРА'!AZ10 | BC10: ='0. ГИРА'!BC10 | BF10: ='0. ГИРА'!BF10 | BI10: ='0. ГИРА'!BI10 | BL10: ='0. ГИРА'!BL10 | BO10: ='0. ГИРА'!BO10 | BR10: ='0. ГИРА'!BR10 | BU10: ='0. ГИРА'!BU10 | BX10: ='0. ГИРА'!BX10 | CA10: ='0. ГИРА'!CA10 | CD10: ='0. ГИРА'!CD10
C11: Экспл. Услуги от УК | F11: =E11-D11 | I11: =H11-E11 | J11: =J12*E3 | L11: =K11-H11 | M11: =M12*H3 | O11: =N11-K11 | P11: =P12*K3 | R11: =Q11-N11 | S11: =S12*N3 | U11: =T11-Q11 | V11: =V12*Q3 | X11: =W11-T11 | Y11: =Y12*T3 | AA11: =Z11-W11 | AB11: =AB12*W3 | AD11: =AC11-Z11 | AE11: =AE12*Z3 | AG11: =AF11-AC11 | AH11: =AH12*AC3 | AJ11: =AI11-AF11 | AK11: =AK12*AF3 | AM11: =AL11-AI11 | AN11: =AN12*AI3 | AP11: =AO11-AL11 | AQ11: =AQ12*AL3 | AS11: =AR11-AO11 | AT11: =AT12*AO3 | AV11: =AU11-AR11 | AW11: =AW12*AR3 | AY11: =AX11-AU11 | AZ11: =AZ12*AU3 | BB11: =BA11-AX11 | BC11: =BC12*AX3 | BE11: =BD11-BA11 | BF11: =BF12*BA3 | BH11: =BG11-BD11 | BI11: =BI12*BD3 | BK11: =BJ11-BG11 | BL11: =BL12*BG3 | BN11: =BM11-BJ11 | BO11: =BO12*BJ3 | BQ11: =BP11-BM11 | BR11: =BR12*BM3 | BT11: =BS11-BP11 | BU11: =BU12*BP3 | BW11: =BV11-BS11 | BX11: =BX12*BS3 | BZ11: =BY11-BV11 | CA11: =CA12*BV3 | CC11: =CB11-BY11 | CD11: =CD12*BY3
A12: Номер счетчика | B12: =Реестр!J7 | C12: Экспл. Услуги от УК тариф | G12: ='0. ГИРА'!G12 | J12: ='0. ГИРА'!J12 | M12: ='0. ГИРА'!M12 | P12: ='0. ГИРА'!P12 | S12: ='0. ГИРА'!S12 | V12: ='0. ГИРА'!V12 | Y12: ='0. ГИРА'!Y12 | AB12: ='0. ГИРА'!AB12 | AE12: ='0. ГИРА'!AE12 | AH12: ='0. ГИРА'!AH12 | AK12: ='0. ГИРА'!AK12 | AN12: ='0. ГИРА'!AN12 | AQ12: ='0. ГИРА'!AQ12 | AT12: ='0. ГИРА'!AT12 | AW12: ='0. ГИРА'!AW12 | AZ12: ='0. ГИРА'!AZ12 | BC12: ='0. ГИРА'!BC12 | BF12: ='0. ГИРА'!BF12 | BI12: ='0. ГИРА'!BI12 | BL12: ='0. ГИРА'!BL12 | BO12: ='0. ГИРА'!BO12 | BR12: ='0. ГИРА'!BR12 | BU12: ='0. ГИРА'!BU12 | BX12: ='0. ГИРА'!BX12 | CA12: ='0. ГИРА'!CA12 | CD12: ='0. ГИРА'!CD12

Sheet К23
A1: ИНН | B1: =Реестр!#REF! | C1: Месяц | D1: 45962 | E1: 45992 | F1: Потребл. | G1: 45962 | H1: 46023 | I1: Потребл. | J1: 45992 | K1: 46054 | L1: Потребл. | M1: 46023 | N1: 46082 | O1: Потребл. | P1: 46054 | Q1: 46113 | R1: Потребл. | S1: 46082 | T1: 46143 | U1: Потребл. | V1: 46113 | W1: 46174 | X1: Потребл. | Y1: 46143 | Z1: 46204 | AA1: Потребл. | AB1: 46174 | AC1: 46235 | AD1: Потребл. | AE1: 46204 | AF1: 46266 | AG1: Потребл. | AH1: 46235 | AI1: 46296 | AJ1: Потребл. | AK1: 46266 | AL1: 46327 | AM1: Потребл. | AN1: 46296 | AO1: 46357 | AP1: Потребл. | AQ1: 46327 | AR1: 46388 | AS1: Потребл. | AT1: 46357 | AU1: 46419 | AV1: Потребл. | AW1: 46388 | AX1: 46447 | AY1: Потребл. | AZ1: 46419 | BA1: 46478 | BB1: Потребл. | BC1: 46447 | BD1: 46508 | BE1: Потребл. | BF1: 46478 | BG1: 46539 | BH1: Потребл. | BI1: 46508 | BJ1: 46569 | BK1: Потребл. | BL1: 46539 | BM1: 46600 | BN1: Потребл. | BO1: 46569 | BP1: 46631 | BQ1: Потребл. | BR1: 46600 | BS1: 46661 | BT1: Потребл. | BU1: 46631 | BV1: 46692 | BW1: Потребл. | BX1: 46661 | BY1: 46722 | BZ1: Потребл. | CA1: 46692 | CB1: 46753 | CC1: Потребл. | CD1: 46722
A2: Кадастр | B2: =Реестр!#REF! | D2: знач. | E2: знач. | F2: знач. | G2: руб. | H2: знач. | I2: знач. | J2: руб. | K2: знач. | L2: знач. | M2: руб. | N2: знач. | O2: знач | P2: руб. | Q2: знач. | R2: знач. | S2: руб. | T2: знач. | U2: знач. | V2: руб. | W2: знач. | X2: знач. | Y2: руб. | Z2: знач. | AA2: знач. | AB2: руб. | AC2: знач. | AD2: знач. | AE2: руб. | AF2: знач. | AG2: знач. | AH2: руб. | AI2: знач. | AJ2: знач. | AK2: руб. | AL2: знач. | AM2: знач. | AN2: руб. | AO2: знач. | AP2: знач. | AQ2: руб. | AR2: знач. | AS2: знач. | AT2: руб. | AU2: знач. | AV2: знач. | AW2: руб. | AX2: знач. | AY2: знач. | AZ2: руб. | BA2: знач. | BB2: знач. | BC2: руб. | BD2: знач. | BE2: знач. | BF2: руб. | BG2: знач. | BH2: знач. | BI2: руб. | BJ2: знач. | BK2: знач. | BL2: руб. | BM2: знач. | BN2: знач. | BO2: руб. | BP2: знач. | BQ2: знач. | BR2: руб. | BS2: знач. | BT2: знач. | BU2: руб. | BV2: знач. | BW2: знач. | BX2: руб. | BY2: знач. | BZ2: знач. | CA2: руб. | CB2: знач. | CC2: знач. | CD2: руб.
A3: Арендатор | B3: =Реестр!#REF! | C3: Электричество | F3: =E3-D3 | G3: =F3*G4 | I3: =H3-E3 | J3: =I3*J4 | L3: =K3-H3 | M3: =L3*M4 | O3: =N3-K3 | P3: =O3*P4 | R3: =Q3-N3 | S3: =R3*S4 | U3: =T3-Q3 | V3: =U3*V4 | X3: =W3-T3 | Y3: =X3*Y4 | AA3: =Z3-W3 | AB3: =AA3*AB4 | AD3: =AC3-Z3 | AE3: =AD3*AE4 | AG3: =AF3-AC3 | AH3: =AG3*AH4 | AJ3: =AI3-AF3 | AK3: =AJ3*AK4 | AM3: =AL3-AI3 | AN3: =AM3*AN4 | AP3: =AO3-AL3 | AQ3: =AP3*AQ4 | AS3: =AR3-AO3 | AT3: =AS3*AT4 | AV3: =AU3-AR3 | AW3: =AV3*AW4 | AY3: =AX3-AU3 | AZ3: =AY3*AZ4 | BB3: =BA3-AX3 | BC3: =BB3*BC4 | BE3: =BD3-BA3 | BF3: =BE3*BF4 | BH3: =BG3-BD3 | BI3: =BH3*BI4 | BK3: =BJ3-BG3 | BL3: =BK3*BL4 | BN3: =BM3-BJ3 | BO3: =BN3*BO4 | BQ3: =BP3-BM3 | BR3: =BQ3*BR4 | BT3: =BS3-BP3 | BU3: =BT3*BU4 | BW3: =BV3-BS3 | BX3: =BW3*BX4 | BZ3: =BY3-BV3 | CA3: =BZ3*CA4 | CC3: =CB3-BY3 | CD3: =CC3*CD4
A4: Площадь | B4: =Реестр!#REF! | C4: Электричество тариф | G4: ='0. ГИРА'!G4 | J4: ='0. ГИРА'!J4 | M4: ='0. ГИРА'!M4 | P4: ='0. ГИРА'!P4 | S4: ='0. ГИРА'!S4 | V4: ='0. ГИРА'!V4 | Y4: ='0. ГИРА'!Y4 | AB4: ='0. ГИРА'!AB4 | AE4: ='0. ГИРА'!AE4 | AH4: ='0. ГИРА'!AH4 | AK4: ='0. ГИРА'!AK4 | AN4: ='0. ГИРА'!AN4 | AQ4: ='0. ГИРА'!AQ4 | AT4: ='0. ГИРА'!AT4 | AW4: ='0. ГИРА'!AW4 | AZ4: ='0. ГИРА'!AZ4 | BC4: ='0. ГИРА'!BC4 | BF4: ='0. ГИРА'!BF4 | BI4: ='0. ГИРА'!BI4 | BL4: ='0. ГИРА'!BL4 | BO4: ='0. ГИРА'!BO4 | BR4: ='0. ГИРА'!BR4 | BU4: ='0. ГИРА'!BU4 | BX4: ='0. ГИРА'!BX4 | CA4: ='0. ГИРА'!CA4 | CD4: ='0. ГИРА'!CD4
C5: Водоканал холодная вода | F5: =E5-D5 | H5: 22222 | I5: =H5-E5 | L5: =K5-H5 | O5: =N5-K5 | R5: =Q5-N5 | U5: =T5-Q5 | X5: =W5-T5 | AA5: =Z5-W5 | AD5: =AC5-Z5 | AG5: =AF5-AC5 | AJ5: =AI5-AF5 | AM5: =AL5-AI5 | AP5: =AO5-AL5 | AS5: =AR5-AO5 | AV5: =AU5-AR5 | AY5: =AX5-AU5 | BB5: =BA5-AX5 | BE5: =BD5-BA5 | BH5: =BG5-BD5 | BK5: =BJ5-BG5 | BN5: =BM5-BJ5 | BQ5: =BP5-BM5 | BT5: =BS5-BP5 | BW5: =BV5-BS5 | BZ5: =BY5-BV5 | CC5: =CB5-BY5
A6: Имя 1 | B6: =Реестр!#REF! | C6: Водоканал холодная Тариф | G6: ='0. ГИРА'!G6 | J6: ='0. ГИРА'!J6 | M6: ='0. ГИРА'!M6 | P6: ='0. ГИРА'!P6 | S6: ='0. ГИРА'!S6 | V6: ='0. ГИРА'!V6 | Y6: ='0. ГИРА'!Y6 | AB6: ='0. ГИРА'!AB6 | AE6: ='0. ГИРА'!AE6 | AH6: ='0. ГИРА'!AH6 | AK6: ='0. ГИРА'!AK6 | AN6: ='0. ГИРА'!AN6 | AQ6: ='0. ГИРА'!AQ6 | AT6: ='0. ГИРА'!AT6 | AW6: ='0. ГИРА'!AW6 | AZ6: ='0. ГИРА'!AZ6 | BC6: ='0. ГИРА'!BC6 | BF6: ='0. ГИРА'!BF6 | BI6: ='0. ГИРА'!BI6 | BL6: ='0. ГИРА'!BL6 | BO6: ='0. ГИРА'!BO6 | BR6: ='0. ГИРА'!BR6 | BU6: ='0. ГИРА'!BU6 | BX6: ='0. ГИРА'!BX6 | CA6: ='0. ГИРА'!CA6 | CD6: ='0. ГИРА'!CD6
A7: Контакт 1 | B7: =Реестр!#REF! | C7: Водоканал горячая вода | F7: =E7-D7 | G7: =G8*F7 | I7: =H7-E7 | J7: =J8*I7 | L7: =K7-H7 | M7: =M8*L7 | O7: =N7-K7 | P7: =P8*O7 | R7: =Q7-N7 | S7: =S8*R7 | U7: =T7-Q7 | V7: =V8*U7 | X7: =W7-T7 | Y7: =Y8*X7 | AA7: =Z7-W7 | AB7: =AB8*AA7 | AD7: =AC7-Z7 | AE7: =AE8*AD7 | AG7: =AF7-AC7 | AH7: =AH8*AG7 | AJ7: =AI7-AF7 | AK7: =AK8*AJ7 | AM7: =AL7-AI7 | AN7: =AN8*AM7 | AP7: =AO7-AL7 | AQ7: =AQ8*AP7 | AS7: =AR7-AO7 | AT7: =AT8*AS7 | AV7: =AU7-AR7 | AW7: =AW8*AV7 | AY7: =AX7-AU7 | AZ7: =AZ8*AY7 | BB7: =BA7-AX7 | BC7: =BC8*BB7 | BE7: =BD7-BA7 | BF7: =BF8*BE7 | BH7: =BG7-BD7 | BI7: =BI8*BH7 | BK7: =BJ7-BG7 | BL7: =BL8*BK7 | BN7: =BM7-BJ7 | BO7: =BO8*BN7 | BQ7: =BP7-BM7 | BR7: =BR8*BQ7 | BT7: =BS7-BP7 | BU7: =BU8*BT7 | BW7: =BV7-BS7 | BX7: =BX8*BW7 | BZ7: =BY7-BV7 | CA7: =CA8*BZ7 | CC7: =CB7-BY7 | CD7: =CD8*CC7
A8: Имя 2 | B8: =Реестр!#REF! | C8: Водоканал горячая Тариф | G8: ='0. ГИРА'!G8 | J8: ='0. ГИРА'!J8 | M8: ='0. ГИРА'!M8 | P8: ='0. ГИРА'!P8 | S8: ='0. ГИРА'!S8 | V8: ='0. ГИРА'!V8 | Y8: ='0. ГИРА'!Y8 | AB8: ='0. ГИРА'!AB8 | AE8: ='0. ГИРА'!AE8 | AH8: ='0. ГИРА'!AH8 | AK8: ='0. ГИРА'!AK8 | AN8: ='0. ГИРА'!AN8 | AQ8: ='0. ГИРА'!AQ8 | AT8: ='0. ГИРА'!AT8 | AW8: ='0. ГИРА'!AW8 | AZ8: ='0. ГИРА'!AZ8 | BC8: ='0. ГИРА'!BC8 | BF8: ='0. ГИРА'!BF8 | BI8: ='0. ГИРА'!BI8 | BL8: ='0. ГИРА'!BL8 | BO8: ='0. ГИРА'!BO8 | BR8: ='0. ГИРА'!BR8 | BU8: ='0. ГИРА'!BU8 | BX8: ='0. ГИРА'!BX8 | CA8: ='0. ГИРА'!CA8 | CD8: ='0. ГИРА'!CD8
A9: Контакт 2 | B9: =Реестр!#REF! | C9: Тепло | F9: =E9-D9 | G9: =G10*B3 | I9: =H9-E9 | J9: =J10*E3 | L9: =K9-H9 | M9: =M10*H3 | O9: =N9-K9 | P9: =P10*K3 | R9: =Q9-N9 | S9: =S10*N3 | U9: =T9-Q9 | V9: =V10*Q3 | X9: =W9-T9 | Y9: =Y10*T3 | AA9: =Z9-W9 | AB9: =AB10*W3 | AD9: =AC9-Z9 | AE9: =AE10*Z3 | AG9: =AF9-AC9 | AH9: =AH10*AC3 | AJ9: =AI9-AF9 | AK9: =AK10*AF3 | AM9: =AL9-AI9 | AN9: =AN10*AI3 | AP9: =AO9-AL9 | AQ9: =AQ10*AL3 | AS9: =AR9-AO9 | AT9: =AT10*AO3 | AV9: =AU9-AR9 | AW9: =AW10*AR3 | AY9: =AX9-AU9 | AZ9: =AZ10*AU3 | BB9: =BA9-AX9 | BC9: =BC10*AX3 | BE9: =BD9-BA9 | BF9: =BF10*BA3 | BH9: =BG9-BD9 | BI9: =BI10*BD3 | BK9: =BJ9-BG9 | BL9: =BL10*BG3 | BN9: =BM9-BJ9 | BO9: =BO10*BJ3 | BQ9: =BP9-BM9 | BR9: =BR10*BM3 | BT9: =BS9-BP9 | BU9: =BU10*BP3 | BW9: =BV9-BS9 | BX9: =BX10*BS3 | BZ9: =BY9-BV9 | CA9: =CA10*BV3 | CC9: =CB9-BY9 | CD9: =CD10*BY3
C10: Тепло тариф | G10: ='0. ГИРА'!G10 | J10: ='0. ГИРА'!J10 | M10: ='0. ГИРА'!M10 | P10: ='0. ГИРА'!P10 | S10: ='0. ГИРА'!S10 | V10: ='0. ГИРА'!V10 | Y10: ='0. ГИРА'!Y10 | AB10: ='0. ГИРА'!AB10 | AE10: ='0. ГИРА'!AE10 | AH10: ='0. ГИРА'!AH10 | AK10: ='0. ГИРА'!AK10 | AN10: ='0. ГИРА'!AN10 | AQ10: ='0. ГИРА'!AQ10 | AT10: ='0. ГИРА'!AT10 | AW10: ='0. ГИРА'!AW10 | AZ10: ='0. ГИРА'!AZ10 | BC10: ='0. ГИРА'!BC10 | BF10: ='0. ГИРА'!BF10 | BI10: ='0. ГИРА'!BI10 | BL10: ='0. ГИРА'!BL10 | BO10: ='0. ГИРА'!BO10 | BR10: ='0. ГИРА'!BR10 | BU10: ='0. ГИРА'!BU10 | BX10: ='0. ГИРА'!BX10 | CA10: ='0. ГИРА'!CA10 | CD10: ='0. ГИРА'!CD10
A11: Номер счетчика | B11: =Реестр!#REF! | C11: Экспл. Услуги от УК | F11: =E11-D11 | I11: =H11-E11 | J11: =J12*E3 | L11: =K11-H11 | M11: =M12*H3 | O11: =N11-K11 | P11: =P12*K3 | R11: =Q11-N11 | S11: =S12*N3 | U11: =T11-Q11 | V11: =V12*Q3 | X11: =W11-T11 | Y11: =Y12*T3 | AA11: =Z11-W11 | AB11: =AB12*W3 | AD11: =AC11-Z11 | AE11: =AE12*Z3 | AG11: =AF11-AC11 | AH11: =AH12*AC3 | AJ11: =AI11-AF11 | AK11: =AK12*AF3 | AM11: =AL11-AI11 | AN11: =AN12*AI3 | AP11: =AO11-AL11 | AQ11: =AQ12*AL3 | AS11: =AR11-AO11 | AT11: =AT12*AO3 | AV11: =AU11-AR11 | AW11: =AW12*AR3 | AY11: =AX11-AU11 | AZ11: =AZ12*AU3 | BB11: =BA11-AX11 | BC11: =BC12*AX3 | BE11: =BD11-BA11 | BF11: =BF12*BA3 | BH11: =BG11-BD11 | BI11: =BI12*BD3 | BK11: =BJ11-BG11 | BL11: =BL12*BG3 | BN11: =BM11-BJ11 | BO11: =BO12*BJ3 | BQ11: =BP11-BM11 | BR11: =BR12*BM3 | BT11: =BS11-BP11 | BU11: =BU12*BP3 | BW11: =BV11-BS11 | BX11: =BX12*BS3 | BZ11: =BY11-BV11 | CA11: =CA12*BV3 | CC11: =CB11-BY11 | CD11: =CD12*BY3
C12: Экспл. Услуги от УК тариф | G12: ='0. ГИРА'!G12 | J12: ='0. ГИРА'!J12 | M12: ='0. ГИРА'!M12 | P12: ='0. ГИРА'!P12 | S12: ='0. ГИРА'!S12 | V12: ='0. ГИРА'!V12 | Y12: ='0. ГИРА'!Y12 | AB12: ='0. ГИРА'!AB12 | AE12: ='0. ГИРА'!AE12 | AH12: ='0. ГИРА'!AH12 | AK12: ='0. ГИРА'!AK12 | AN12: ='0. ГИРА'!AN12 | AQ12: ='0. ГИРА'!AQ12 | AT12: ='0. ГИРА'!AT12 | AW12: ='0. ГИРА'!AW12 | AZ12: ='0. ГИРА'!AZ12 | BC12: ='0. ГИРА'!BC12 | BF12: ='0. ГИРА'!BF12 | BI12: ='0. ГИРА'!BI12 | BL12: ='0. ГИРА'!BL12 | BO12: ='0. ГИРА'!BO12 | BR12: ='0. ГИРА'!BR12 | BU12: ='0. ГИРА'!BU12 | BX12: ='0. ГИРА'!BX12 | CA12: ='0. ГИРА'!CA12 | CD12: ='0. ГИРА'!CD12

Sheet Реестр
A1: Договор | B1: Кадастр | C1: Помещение | D1: ИНН | E1: Форма бизнеса | F1: Арендатор | G1: Вид деятельности | H1: Площадь | I1: Листы | J1: Номер счетчика | K1: Акт п/п | L1: Счет | M1: Имя 1 | N1: Контакт 1 | O1: Имя 2 | P1: Контакт 2 | Q1: Собственник | R1: Фамилия | S1: Имя | T1: Отчество | V1: Срок аренды
A2: №99 12.02.2024 | B2: 1006:3090 | D2: 444 | E2: ИП | F2: Гареева А.В. | G2: Магазин обоев | H2: 123.4 | I2: К123,40 | K2: 45367 | L2: 767600 | M2: Альфия | N2: 89503228511 | O2: Карина | P2: 89372840305 | Q2: ООО ГИРА | R2: тестов | S2: тест | T2: тестович
A3: №11 07.02.2025 | B3: 1006:3090 | D3: 111 | E3: ИП | F3: Гарипов И.К. | G3: памятнки | H3: 102.6 | I3: К102,60 | K3: 45362 | L3: 50000 | M3: Ильнар | N3: 89053164414 | O3: - | P3: - | Q3: ООО ГИРА | R3: понов | S3: пон | T3: понович
A4: №56 02.02.2025 | B4: 1006:3090 | D4: 333 | E4: ООО | F4: Нал | G4: Врач | H4: 45.2 | I4: К45,20 | K4: 44631 | L4: 60000 | M4: - | N4: - | O4: - | P4: - | Q4: ООО ГИРА | R4: Крихтин | S4: Кирилл | T4: Валентинович
A5: №1 27.11.2025 | B5: 1006:3090 | D5: 555 | E5: ООО | F5: Мясоо | G5: Мясная | H5: 43.3 | I5: К43,30 | K5: 45333 | L5: 100000 | M5: - | N5: - | O5: - | P5: - | Q5: ООО ГИРА
A6: №73 27.11.2023 | B6: 1006:3090 | D6: 222 | E6: ИП | F6: Галяутдинова Н.А. | G6: Шоурум одежды | H6: 36 | I6: К36,00 | K6: 45275 | L6: 59998 | M6: Наталья | N6: 89655937317 | O6: - | P6: - | Q6: ИП Султанов Р.М
A7: №12 12.12.2000 | B7: 1006:3090 | C7: 1 | D7: 1111111111 | E7: пввпа | F7: зож | G7: 8888 | H7: K8888.0 | I7: К28,35 | K7: 36872 | L7: 89889 | M7: - | N7: 89393374081 | O7: - | P7: - | Q7: ООО ГИРА | R7: Шагиахметов | S7: Амин | T7: Айратович | V7: 12.12.2044
A8: №12 12.12.2026 | D8: 1234567890 | E8: ООО | F8: Ранель-Панель | G8: Панели | H8: 100 | I8: K100.0 | K8: 47099 | L8: 60000 | N8: 89393497741 | R8: Нагимов | S8: Ранель | T8: Алмазович | V8: 12.12.2028
A9: №16 13.10.2023 | D9: 987654321 | E9: ООО | F9: ВсемОкна | G9: Окна | H9: 120 | I9: K120.0 | K9: 45581 | L9: 60000 | N9: 89563251602 | R9: Иванов | S9: Максим | T9: Иванович | V9: 12.09.2028
A10: №19 13.02.2023 | D10: 0192837465 | E10: ИП | F10: ДомСтрой | G10: Строй-Материалы | H10: 130 | I10: K130.0 | K10: 46368 | L10: 60000 | N10: 89123456789 | R10: Сидоров | S10: Сергей | T10: Иванович | V10: 12.12.2028
A11: №12 20.10.2020 | D11: 0000011111 | E11: ООО | F11: 0000001111 | G11: чилл | H11: 2324 | I11: K2324.0 | K11: 41255 | N11: 89393374081 | R11: Шагиахметов | S11: Амин | T11: Айратович | V11: 20.12.2027
A12: №14 12.12.2002 | D12: 1111111000 | E12: ООО | F12: Пивозавр | G12: ггол | H12: 4332 | I12: K4332.0 | K12: 36872 | N12: 79393374081 | R12: Шагиахметов | S12: Амин | T12: Айратович | V12: 12.12.2030
A13: №88 12.02.2022 | D13: 3434343434 | E13: ООО | F13: Зиверт | G13: футбольные мячи | H13: 777 | I13: K777.0 | K13: 44177 | N13: 89393374088 | R13: Криштиан | S13: Роналдов | T13: Олегович | V13: 12.12.2050
A14: №1 12.12.2000 | D14: 9999999999 | E14: ООО | F14: ПИра | G14: автозапчасти | H14: 4445 | I14: K4445.0 | K14: 36872 | N14: 89393375050 | R14: Жушин | S14: Жжжужж | T14: Менгович | V14: 12.12.2070
A15: №33 12.12.2000 | D15: 222222233377 | E15: ООО | F15: ЗИПКА | G15: строители | H15: 898 | I15: K898.0 | K15: 40858 | N15: 89494478181 | R15: ВЕОЛОВИЧ | S15: Вилиан | T15: Альбертович | V15: 12.12.2060
A16: №14 12.12.2000 | D16: 9999999955 | E16: ООО | F16: Ibae | G16: Пекарня | H16: 3346 | I16: K3346.0 | K16: 36872 | N16: 89568880381 | R16: Ричиев | S16: Ричард | T16: Ричич | V16: 12.12.2070
A17: №12 20.10.2000 | D17: 8888888877 | E17: ООО | F17: Gucci | G17: футбольный магазин | H17: 666 | I17: K666.0 | K17: 36872 | N17: 88005553535 | R17: Марадона | S17: Диего | T17: Армандо | V17: 12.12.2043

Sheet Аренда
E1: 45962 | G1: 45992 | I1: 46023 | K1: 46054 | M1: 46082 | O1: 46113 | Q1: 46143 | S1: 46174 | U1: 46204 | W1: 46235 | Y1: 46266 | AA1: 46296 | AC1: 46327 | AE1: 46357 | AG1: 46388 | AI1: 46419 | AK1: 46447 | AM1: 46478 | AO1: 46508 | AQ1: 46539 | AS1: 46569 | AU1: 46600 | AW1: 46631 | AY1: 46661 | BA1: 46692
A2: ИНН | B2: Арендатор | C2: Площадь | D2: Ставка | E2: Сумма | F2: Ставка | G2: Сумма | H2: Ставка | I2: Сумма | J2: Ставка | K2: Сумма | L2: Ставка | M2: Сумма | N2: Ставка | O2: Сумма | P2: Ставка | Q2: Сумма | R2: Ставка | S2: Сумма | T2: Ставка | U2: Сумма | V2: Ставка | W2: Сумма | X2: Ставка | Y2: Сумма | Z2: Ставка | AA2: Сумма | AB2: Ставка | AC2: Сумма | AD2: Ставка | AE2: Сумма | AF2: Ставка | AG2: Сумма | AH2: Ставка | AI2: Сумма | AJ2: Ставка | AK2: Сумма | AL2: Ставка | AM2: Сумма | AN2: Ставка | AO2: Сумма | AP2: Ставка | AQ2: Сумма | AR2: Ставка | AS2: Сумма | AT2: Ставка | AU2: Сумма | AV2: Ставка | AW2: Сумма | AX2: Ставка | AY2: Сумма | AZ2: Ставка | BA2: Сумма
A3: =Реестр!D2 | B3: =Реестр!F2 | C3: =Реестр!H2 | D3: 1600 | E3: =D3*$C3 | F3: =D3 | G3: =$C3*F3 | I3: =$C3*H3 | J3: =H3 | K3: =$C3*J3 | L3: =J3 | M3: =$C3*L3 | N3: =L3 | O3: =$C3*N3 | P3: =N3 | Q3: =$C3*P3 | R3: =P3 | S3: =$C3*R3 | T3: =R3 | U3: =$C3*T3 | V3: =T3 | W3: =$C3*V3 | X3: =V3 | Y3: =$C3*X3 | Z3: =X3 | AA3: =$C3*Z3 | AB3: =Z3 | AC3: =$C3*AB3 | AD3: =AB3 | AE3: =$C3*AD3 | AG3: =$C3*AF3 | AH3: =AF3 | AI3: =$C3*AH3 | AJ3: =AH3 | AK3: =$C3*AJ3 | AL3: =AJ3 | AM3: =$C3*AL3 | AN3: =AL3 | AO3: =$C3*AN3 | AP3: =AN3 | AQ3: =$C3*AP3 | AR3: =AP3 | AS3: =$C3*AR3 | AT3: =AR3 | AU3: =$C3*AT3 | AV3: =AT3 | AW3: =$C3*AV3 | AX3: =AV3 | AY3: =$C3*AX3 | AZ3: =AX3 | BA3: =$C3*AZ3
A4: =Реестр!D3 | B4: =Реестр!F3 | C4: =Реестр!H3 | D4: 1800 | E4: =D4*$C4 | F4: =D4 | G4: =$C4*F4 | I4: =$C4*H4 | J4: =H4 | K4: =$C4*J4 | L4: =J4 | M4: =$C4*L4 | N4: =L4 | O4: =$C4*N4 | P4: =N4 | Q4: =$C4*P4 | R4: =P4 | S4: =$C4*R4 | T4: =R4 | U4: =$C4*T4 | V4: =T4 | W4: =$C4*V4 | X4: =V4 | Y4: =$C4*X4 | Z4: =X4 | AA4: =$C4*Z4 | AB4: =Z4 | AC4: =$C4*AB4 | AD4: =AB4 | AE4: =$C4*AD4 | AG4: =$C4*AF4 | AH4: =AF4 | AI4: =$C4*AH4 | AJ4: =AH4 | AK4: =$C4*AJ4 | AL4: =AJ4 | AM4: =$C4*AL4 | AN4: =AL4 | AO4: =$C4*AN4 | AP4: =AN4 | AQ4: =$C4*AP4 | AR4: =AP4 | AS4: =$C4*AR4 | AT4: =AR4 | AU4: =$C4*AT4 | AV4: =AT4 | AW4: =$C4*AV4 | AX4: =AV4 | AY4: =$C4*AX4 | AZ4: =AX4 | BA4: =$C4*AZ4
A5: =Реестр!D4 | B5: =Реестр!F4 | C5: =Реестр!H4 | E5: =D5*$C5 | F5: =D5 | G5: =$C5*F5 | I5: =$C5*H5 | J5: =H5 | K5: =$C5*J5 | L5: =J5 | M5: =$C5*L5 | N5: =L5 | O5: =$C5*N5 | P5: =N5 | Q5: =$C5*P5 | R5: =P5 | S5: =$C5*R5 | T5: =R5 | U5: =$C5*T5 | V5: =T5 | W5: =$C5*V5 | X5: =V5 | Y5: =$C5*X5 | Z5: =X5 | AA5: =$C5*Z5 | AB5: =Z5 | AC5: =$C5*AB5 | AD5: =AB5 | AE5: =$C5*AD5 | AG5: =$C5*AF5 | AH5: =AF5 | AI5: =$C5*AH5 | AJ5: =AH5 | AK5: =$C5*AJ5 | AL5: =AJ5 | AM5: =$C5*AL5 | AN5: =AL5 | AO5: =$C5*AN5 | AP5: =AN5 | AQ5: =$C5*AP5 | AR5: =AP5 | AS5: =$C5*AR5 | AT5: =AR5 | AU5: =$C5*AT5 | AV5: =AT5 | AW5: =$C5*AV5 | AX5: =AV5 | AY5: =$C5*AX5 | AZ5: =AX5 | BA5: =$C5*AZ5
A6: =Реестр!D5 | B6: =Реестр!F5 | C6: =Реестр!H5 | E6: =D6*$C6 | F6: =D6 | G6: =$C6*F6 | I6: =$C6*H6 | J6: =H6 | K6: =$C6*J6 | L6: =J6 | M6: =$C6*L6 | N6: =L6 | O6: =$C6*N6 | P6: =N6 | Q6: =$C6*P6 | R6: =P6 | S6: =$C6*R6 | T6: =R6 | U6: =$C6*T6 | V6: =T6 | W6: =$C6*V6 | X6: =V6 | Y6: =$C6*X6 | Z6: =X6 | AA6: =$C6*Z6 | AB6: =Z6 | AC6: =$C6*AB6 | AD6: =AB6 | AE6: =$C6*AD6 | AG6: =$C6*AF6 | AH6: =AF6 | AI6: =$C6*AH6 | AJ6: =AH6 | AK6: =$C6*AJ6 | AL6: =AJ6 | AM6: =$C6*AL6 | AN6: =AL6 | AO6: =$C6*AN6 | AP6: =AN6 | AQ6: =$C6*AP6 | AR6: =AP6 | AS6: =$C6*AR6 | AT6: =AR6 | AU6: =$C6*AT6 | AV6: =AT6 | AW6: =$C6*AV6 | AX6: =AV6 | AY6: =$C6*AX6 | AZ6: =AX6 | BA6: =$C6*AZ6
A7: =Реестр!D6 | B7: =Реестр!F6 | C7: =Реестр!H6 | D7: 2200 | E7: =D7*$C7 | F7: =D7 | G7: =$C7*F7 | I7: =$C7*H7 | J7: =H7 | K7: =$C7*J7 | L7: =J7 | M7: =$C7*L7 | N7: =L7 | O7: =$C7*N7 | P7: =N7 | Q7: =$C7*P7 | R7: =P7 | S7: =$C7*R7 | T7: =R7 | U7: =$C7*T7 | V7: =T7 | W7: =$C7*V7 | X7: =V7 | Y7: =$C7*X7 | Z7: =X7 | AA7: =$C7*Z7 | AB7: =Z7 | AC7: =$C7*AB7 | AD7: =AB7 | AE7: =$C7*AD7 | AG7: =$C7*AF7 | AH7: =AF7 | AI7: =$C7*AH7 | AJ7: =AH7 | AK7: =$C7*AJ7 | AL7: =AJ7 | AM7: =$C7*AL7 | AN7: =AL7 | AO7: =$C7*AN7 | AP7: =AN7 | AQ7: =$C7*AP7 | AR7: =AP7 | AS7: =$C7*AR7 | AT7: =AR7 | AU7: =$C7*AT7 | AV7: =AT7 | AW7: =$C7*AV7 | AX7: =AV7 | AY7: =$C7*AX7 | AZ7: =AX7 | BA7: =$C7*AZ7
A8: =Реестр!D7 | B8: =Реестр!F7 | C8: =Реестр!H7 | E8: =D8*$C8 | F8: =D8 | G8: =$C8*F8 | I8: =$C8*H8 | J8: =H8 | K8: =$C8*J8 | L8: =J8 | M8: =$C8*L8 | N8: =L8 | O8: =$C8*N8 | P8: =N8 | Q8: =$C8*P8 | R8: =P8 | S8: =$C8*R8 | T8: =R8 | U8: =$C8*T8 | V8: =T8 | W8: =$C8*V8 | X8: =V8 | Y8: =$C8*X8 | Z8: =X8 | AA8: =$C8*Z8 | AB8: =Z8 | AC8: =$C8*AB8 | AD8: =AB8 | AE8: =$C8*AD8 | AG8: =$C8*AF8 | AH8: =AF8 | AI8: =$C8*AH8 | AJ8: =AH8 | AK8: =$C8*AJ8 | AL8: =AJ8 | AM8: =$C8*AL8 | AN8: =AL8 | AO8: =$C8*AN8 | AP8: =AN8 | AQ8: =$C8*AP8 | AR8: =AP8 | AS8: =$C8*AR8 | AT8: =AR8 | AU8: =$C8*AT8 | AV8: =AT8 | AW8: =$C8*AV8 | AX8: =AV8 | AY8: =$C8*AX8 | AZ8: =AX8 | BA8: =$C8*AZ8
A9: =Реестр!#REF! | B9: =Реестр!#REF! | C9: =Реестр!#REF! | E9: =D9*$C9 | F9: =D9 | G9: =$C9*F9 | I9: =$C9*H9 | J9: =H9 | K9: =$C9*J9 | L9: =J9 | M9: =$C9*L9 | N9: =L9 | O9: =$C9*N9 | P9: =N9 | Q9: =$C9*P9 | R9: =P9 | S9: =$C9*R9 | T9: =R9 | U9: =$C9*T9 | V9: =T9 | W9: =$C9*V9 | X9: =V9 | Y9: =$C9*X9 | Z9: =X9 | AA9: =$C9*Z9 | AB9: =Z9 | AC9: =$C9*AB9 | AD9: =AB9 | AE9: =$C9*AD9 | AG9: =$C9*AF9 | AH9: =AF9 | AI9: =$C9*AH9 | AJ9: =AH9 | AK9: =$C9*AJ9 | AL9: =AJ9 | AM9: =$C9*AL9 | AN9: =AL9 | AO9: =$C9*AN9 | AP9: =AN9 | AQ9: =$C9*AP9 | AR9: =AP9 | AS9: =$C9*AR9 | AT9: =AR9 | AU9: =$C9*AT9 | AV9: =AT9 | AW9: =$C9*AV9 | AX9: =AV9 | AY9: =$C9*AX9 | AZ9: =AX9 | BA9: =$C9*AZ9
A15: 30 или 1 го выставляется до 5 го увед

Sheet ЛИСТШАБЛОН
A1: ИНН | B1: =[1]Реестр!D2 | C1: Месяц | D1: 45962 | E1: 45992 | F1: Потребл. | G1: 45962 | H1: 46023 | I1: Потребл. | J1: 45992 | K1: 46054 | L1: Потребл. | M1: 46023 | N1: 46082 | O1: Потребл. | P1: 46054 | Q1: 46113 | R1: Потребл. | S1: 46082 | T1: 46143 | U1: Потребл. | V1: 46113 | W1: 46174 | X1: Потребл. | Y1: 46143 | Z1: 46204 | AA1: Потребл. | AB1: 46174 | AC1: 46235 | AD1: Потребл. | AE1: 46204 | AF1: 46266 | AG1: Потребл. | AH1: 46235 | AI1: 46296 | AJ1: Потребл. | AK1: 46266 | AL1: 46327 | AM1: Потребл. | AN1: 46296 | AO1: 46357 | AP1: Потребл. | AQ1: 46327 | AR1: 46388 | AS1: Потребл. | AT1: 46357 | AU1: 46419 | AV1: Потребл. | AW1: 46388 | AX1: 46447 | AY1: Потребл. | AZ1: 46419 | BA1: 46478 | BB1: Потребл. | BC1: 46447 | BD1: 46508 | BE1: Потребл. | BF1: 46478 | BG1: 46539 | BH1: Потребл. | BI1: 46508 | BJ1: 46569 | BK1: Потребл. | BL1: 46539 | BM1: 46600 | BN1: Потребл. | BO1: 46569 | BP1: 46631 | BQ1: Потребл. | BR1: 46600 | BS1: 46661 | BT1: Потребл. | BU1: 46631 | BV1: 46692 | BW1: Потребл. | BX1: 46661 | BY1: 46722 | BZ1: Потребл. | CA1: 46692 | CB1: 46753 | CC1: Потребл. | CD1: 46722
A2: Кадастр | B2: =[2]Реестр!B2 | D2: знач. | E2: знач. | F2: знач. | G2: руб. | H2: знач. | I2: знач. | J2: руб. | K2: знач. | L2: знач. | M2: руб. | N2: знач. | O2: знач | P2: руб. | Q2: знач. | R2: знач. | S2: руб. | T2: знач. | U2: знач. | V2: руб. | W2: знач. | X2: знач. | Y2: руб. | Z2: знач. | AA2: знач. | AB2: руб. | AC2: знач. | AD2: знач. | AE2: руб. | AF2: знач. | AG2: знач. | AH2: руб. | AI2: знач. | AJ2: знач. | AK2: руб. | AL2: знач. | AM2: знач. | AN2: руб. | AO2: знач. | AP2: знач. | AQ2: руб. | AR2: знач. | AS2: знач. | AT2: руб. | AU2: знач. | AV2: знач. | AW2: руб. | AX2: знач. | AY2: знач. | AZ2: руб. | BA2: знач. | BB2: знач. | BC2: руб. | BD2: знач. | BE2: знач. | BF2: руб. | BG2: знач. | BH2: знач. | BI2: руб. | BJ2: знач. | BK2: знач. | BL2: руб. | BM2: знач. | BN2: знач. | BO2: руб. | BP2: знач. | BQ2: знач. | BR2: руб. | BS2: знач. | BT2: знач. | BU2: руб. | BV2: знач. | BW2: знач. | BX2: руб. | BY2: знач. | BZ2: знач. | CA2: руб. | CB2: знач. | CC2: знач. | CD2: руб.
A3: Арендатор | B3: =[2]Реестр!F2 | C3: Электричество | D3: 0 | E3: 0 | F3: =E3-D3 | G3: =F3*G4 | H3: 0 | I3: =H3-E3 | J3: =I3*J4 | K3: 0 | L3: =K3-H3 | M3: =L3*M4 | O3: =N3-K3 | P3: =O3*P4 | R3: =Q3-N3 | S3: =R3*S4 | U3: =T3-Q3 | V3: =U3*V4 | X3: =W3-T3 | Y3: =X3*Y4 | AA3: =Z3-W3 | AB3: =AA3*AB4 | AD3: =AC3-Z3 | AE3: =AD3*AE4 | AG3: =AF3-AC3 | AH3: =AG3*AH4 | AJ3: =AI3-AF3 | AK3: =AJ3*AK4 | AM3: =AL3-AI3 | AN3: =AM3*AN4 | AP3: =AO3-AL3 | AQ3: =AP3*AQ4 | AS3: =AR3-AO3 | AT3: =AS3*AT4 | AV3: =AU3-AR3 | AW3: =AV3*AW4 | AY3: =AX3-AU3 | AZ3: =AY3*AZ4 | BB3: =BA3-AX3 | BC3: =BB3*BC4 | BE3: =BD3-BA3 | BF3: =BE3*BF4 | BH3: =BG3-BD3 | BI3: =BH3*BI4 | BK3: =BJ3-BG3 | BL3: =BK3*BL4 | BN3: =BM3-BJ3 | BO3: =BN3*BO4 | BQ3: =BP3-BM3 | BR3: =BQ3*BR4 | BT3: =BS3-BP3 | BU3: =BT3*BU4 | BW3: =BV3-BS3 | BX3: =BW3*BX4 | BZ3: =BY3-BV3 | CA3: =BZ3*CA4 | CC3: =CB3-BY3 | CD3: =CC3*CD4
A4: Площадь | B4: =[2]Реестр!H2 | C4: Электричество тариф | G4: ='[1]0. ГИРА'!G4 | J4: ='[1]0. ГИРА'!J4 | M4: ='[1]0. ГИРА'!M4 | P4: ='[1]0. ГИРА'!P4 | S4: ='[1]0. ГИРА'!S4 | V4: ='[1]0. ГИРА'!V4 | Y4: ='[1]0. ГИРА'!Y4 | AB4: ='[1]0. ГИРА'!AB4 | AE4: ='[1]0. ГИРА'!AE4 | AH4: ='[1]0. ГИРА'!AH4 | AK4: ='[1]0. ГИРА'!AK4 | AN4: ='[1]0. ГИРА'!AN4 | AQ4: ='[1]0. ГИРА'!AQ4 | AT4: ='[1]0. ГИРА'!AT4 | AW4: ='[1]0. ГИРА'!AW4 | AZ4: ='[1]0. ГИРА'!AZ4 | BC4: ='[1]0. ГИРА'!BC4 | BF4: ='[1]0. ГИРА'!BF4 | BI4: ='[1]0. ГИРА'!BI4 | BL4: ='[1]0. ГИРА'!BL4 | BO4: ='[1]0. ГИРА'!BO4 | BR4: ='[1]0. ГИРА'!BR4 | BU4: ='[1]0. ГИРА'!BU4 | BX4: ='[1]0. ГИРА'!BX4 | CA4: ='[1]0. ГИРА'!CA4 | CD4: ='[1]0. ГИРА'!CD4
C5: Водоканал холодная вода | D5: 0 | E5: 0 | F5: =E5-D5 | H5: 0 | I5: =H5-E5 | J5: =I5*J6 | K5: 0 | L5: =K5-H5 | M5: =L5*M6 | O5: =N5-K5 | R5: =Q5-N5 | U5: =T5-Q5 | X5: =W5-T5 | AA5: =Z5-W5 | AD5: =AC5-Z5 | AG5: =AF5-AC5 | AJ5: =AI5-AF5 | AM5: =AL5-AI5 | AP5: =AO5-AL5 | AS5: =AR5-AO5 | AV5: =AU5-AR5 | AY5: =AX5-AU5 | BB5: =BA5-AX5 | BE5: =BD5-BA5 | BH5: =BG5-BD5 | BK5: =BJ5-BG5 | BN5: =BM5-BJ5 | BQ5: =BP5-BM5 | BT5: =BS5-BP5 | BW5: =BV5-BS5 | BZ5: =BY5-BV5 | CC5: =CB5-BY5
A6: Имя 1 | B6: =[1]Реестр!M2 | C6: Водоканал холодная Тариф | G6: ='[1]0. ГИРА'!G6 | J6: ='[1]0. ГИРА'!J6 | M6: ='[1]0. ГИРА'!M6 | P6: ='[1]0. ГИРА'!P6 | S6: ='[1]0. ГИРА'!S6 | V6: ='[1]0. ГИРА'!V6 | Y6: ='[1]0. ГИРА'!Y6 | AB6: ='[1]0. ГИРА'!AB6 | AE6: ='[1]0. ГИРА'!AE6 | AH6: ='[1]0. ГИРА'!AH6 | AK6: ='[1]0. ГИРА'!AK6 | AN6: ='[1]0. ГИРА'!AN6 | AQ6: ='[1]0. ГИРА'!AQ6 | AT6: ='[1]0. ГИРА'!AT6 | AW6: ='[1]0. ГИРА'!AW6 | AZ6: ='[1]0. ГИРА'!AZ6 | BC6: ='[1]0. ГИРА'!BC6 | BF6: ='[1]0. ГИРА'!BF6 | BI6: ='[1]0. ГИРА'!BI6 | BL6: ='[1]0. ГИРА'!BL6 | BO6: ='[1]0. ГИРА'!BO6 | BR6: ='[1]0. ГИРА'!BR6 | BU6: ='[1]0. ГИРА'!BU6 | BX6: ='[1]0. ГИРА'!BX6 | CA6: ='[1]0. ГИРА'!CA6 | CD6: ='[1]0. ГИРА'!CD6
A7: Контакт 1 | B7: =[1]Реестр!N2 | C7: Водоканал горячая вода | D7: 0 | E7: 0 | F7: =E7-D7 | G7: =G8*F7 | H7: 0 | I7: =H7-E7 | J7: =J8*I7 | K7: 0 | L7: =K7-H7 | M7: =M8*L7 | O7: =N7-K7 | P7: =P8*O7 | R7: =Q7-N7 | S7: =S8*R7 | U7: =T7-Q7 | V7: =V8*U7 | X7: =W7-T7 | Y7: =Y8*X7 | AA7: =Z7-W7 | AB7: =AB8*AA7 | AD7: =AC7-Z7 | AE7: =AE8*AD7 | AG7: =AF7-AC7 | AH7: =AH8*AG7 | AJ7: =AI7-AF7 | AK7: =AK8*AJ7 | AM7: =AL7-AI7 | AN7: =AN8*AM7 | AP7: =AO7-AL7 | AQ7: =AQ8*AP7 | AS7: =AR7-AO7 | AT7: =AT8*AS7 | AV7: =AU7-AR7 | AW7: =AW8*AV7 | AY7: =AX7-AU7 | AZ7: =AZ8*AY7 | BB7: =BA7-AX7 | BC7: =BC8*BB7 | BE7: =BD7-BA7 | BF7: =BF8*BE7 | BH7: =BG7-BD7 | BI7: =BI8*BH7 | BK7: =BJ7-BG7 | BL7: =BL8*BK7 | BN7: =BM7-BJ7 | BO7: =BO8*BN7 | BQ7: =BP7-BM7 | BR7: =BR8*BQ7 | BT7: =BS7-BP7 | BU7: =BU8*BT7 | BW7: =BV7-BS7 | BX7: =BX8*BW7 | BZ7: =BY7-BV7 | CA7: =CA8*BZ7 | CC7: =CB7-BY7 | CD7: =CD8*CC7
A8: Имя 2 | B8: =[1]Реестр!O2 | C8: Водоканал горячая Тариф | G8: ='[1]0. ГИРА'!G8 | J8: ='[1]0. ГИРА'!J8 | M8: ='[1]0. ГИРА'!M8 | P8: ='[1]0. ГИРА'!P8 | S8: ='[1]0. ГИРА'!S8 | V8: ='[1]0. ГИРА'!V8 | Y8: ='[1]0. ГИРА'!Y8 | AB8: ='[1]0. ГИРА'!AB8 | AE8: ='[1]0. ГИРА'!AE8 | AH8: ='[1]0. ГИРА'!AH8 | AK8: ='[1]0. ГИРА'!AK8 | AN8: ='[1]0. ГИРА'!AN8 | AQ8: ='[1]0. ГИРА'!AQ8 | AT8: ='[1]0. ГИРА'!AT8 | AW8: ='[1]0. ГИРА'!AW8 | AZ8: ='[1]0. ГИРА'!AZ8 | BC8: ='[1]0. ГИРА'!BC8 | BF8: ='[1]0. ГИРА'!BF8 | BI8: ='[1]0. ГИРА'!BI8 | BL8: ='[1]0. ГИРА'!BL8 | BO8: ='[1]0. ГИРА'!BO8 | BR8: ='[1]0. ГИРА'!BR8 | BU8: ='[1]0. ГИРА'!BU8 | BX8: ='[1]0. ГИРА'!BX8 | CA8: ='[1]0. ГИРА'!CA8 | CD8: ='[1]0. ГИРА'!CD8
A9: Контакт 2 | B9: =[1]Реестр!P2 | C9: Тепло | F9: =E9-D9 | G9: =G10*B4 | I9: =H9-E9 | J9: =J10*E3 | L9: =K9-H9 | M9: =M10*$B4 | O9: =N9-K9 | P9: =P10*K3 | R9: =Q9-N9 | S9: =S10*N3 | U9: =T9-Q9 | V9: =V10*Q3 | X9: =W9-T9 | Y9: =Y10*T3 | AA9: =Z9-W9 | AB9: =AB10*W3 | AD9: =AC9-Z9 | AE9: =AE10*Z3 | AG9: =AF9-AC9 | AH9: =AH10*AC3 | AJ9: =AI9-AF9 | AK9: =AK10*AF3 | AM9: =AL9-AI9 | AN9: =AN10*AI3 | AP9: =AO9-AL9 | AQ9: =AQ10*AL3 | AS9: =AR9-AO9 | AT9: =AT10*AO3 | AV9: =AU9-AR9 | AW9: =AW10*AR3 | AY9: =AX9-AU9 | AZ9: =AZ10*AU3 | BB9: =BA9-AX9 | BC9: =BC10*AX3 | BE9: =BD9-BA9 | BF9: =BF10*BA3 | BH9: =BG9-BD9 | BI9: =BI10*BD3 | BK9: =BJ9-BG9 | BL9: =BL10*BG3 | BN9: =BM9-BJ9 | BO9: =BO10*BJ3 | BQ9: =BP9-BM9 | BR9: =BR10*BM3 | BT9: =BS9-BP9 | BU9: =BU10*BP3 | BW9: =BV9-BS9 | BX9: =BX10*BS3 | BZ9: =BY9-BV9 | CA9: =CA10*BV3 | CC9: =CB9-BY9 | CD9: =CD10*BY3
C10: Тепло тариф | G10: ='[1]0. ГИРА'!G10 | J10: ='[1]0. ГИРА'!J10 | M10: ='[1]0. ГИРА'!M10 | P10: ='[1]0. ГИРА'!P10 | S10: ='[1]0. ГИРА'!S10 | V10: ='[1]0. ГИРА'!V10 | Y10: ='[1]0. ГИРА'!Y10 | AB10: ='[1]0. ГИРА'!AB10 | AE10: ='[1]0. ГИРА'!AE10 | AH10: ='[1]0. ГИРА'!AH10 | AK10: ='[1]0. ГИРА'!AK10 | AN10: ='[1]0. ГИРА'!AN10 | AQ10: ='[1]0. ГИРА'!AQ10 | AT10: ='[1]0. ГИРА'!AT10 | AW10: ='[1]0. ГИРА'!AW10 | AZ10: ='[1]0. ГИРА'!AZ10 | BC10: ='[1]0. ГИРА'!BC10 | BF10: ='[1]0. ГИРА'!BF10 | BI10: ='[1]0. ГИРА'!BI10 | BL10: ='[1]0. ГИРА'!BL10 | BO10: ='[1]0. ГИРА'!BO10 | BR10: ='[1]0. ГИРА'!BR10 | BU10: ='[1]0. ГИРА'!BU10 | BX10: ='[1]0. ГИРА'!BX10 | CA10: ='[1]0. ГИРА'!CA10 | CD10: ='[1]0. ГИРА'!CD10
A11: Номер счетчика | C11: Экспл. Услуги от УК | F11: =E11-D11 | G11: ='[1]0. ГИРА'!G12 | I11: =H11-G11 | J11: ='[1]0. ГИРА'!J12 | L11: =K11-J11 | M11: ='[1]0. ГИРА'!M12 | O11: =N11-M11 | P11: ='[1]0. ГИРА'!P12 | R11: =Q11-P11 | S11: ='[1]0. ГИРА'!S12 | U11: =T11-S11 | V11: ='[1]0. ГИРА'!V12 | X11: =W11-T11 | Y11: =Y12*T3 | AA11: =Z11-W11 | AB11: =AB12*W3 | AD11: =AC11-Z11 | AE11: =AE12*Z3 | AG11: =AF11-AC11 | AH11: =AH12*AC3 | AJ11: =AI11-AF11 | AK11: =AK12*AF3 | AM11: =AL11-AI11 | AN11: =AN12*AI3 | AP11: =AO11-AL11 | AQ11: =AQ12*AL3 | AS11: =AR11-AO11 | AT11: =AT12*AO3 | AV11: =AU11-AR11 | AW11: =AW12*AR3 | AY11: =AX11-AU11 | AZ11: =AZ12*AU3 | BB11: =BA11-AX11 | BC11: =BC12*AX3 | BE11: =BD11-BA11 | BF11: =BF12*BA3 | BH11: =BG11-BD11 | BI11: =BI12*BD3 | BK11: =BJ11-BG11 | BL11: =BL12*BG3 | BN11: =BM11-BJ11 | BO11: =BO12*BJ3 | BQ11: =BP11-BM11 | BR11: =BR12*BM3 | BT11: =BS11-BP11 | BU11: =BU12*BP3 | BW11: =BV11-BS11 | BX11: =BX12*BS3 | BZ11: =BY11-BV11 | CA11: =CA12*BV3 | CC11: =CB11-BY11 | CD11: =CD12*BY3
C12: Экспл. Услуги от УК тариф | G12: ='[1]0. ГИРА'!G12 | J12: ='[1]0. ГИРА'!J12 | M12: ='[1]0. ГИРА'!M12 | P12: ='[1]0. ГИРА'!P12 | S12: ='[1]0. ГИРА'!S12 | V12: ='[1]0. ГИРА'!V12 | Y12: ='[1]0. ГИРА'!Y12 | AB12: ='[1]0. ГИРА'!AB12 | AE12: ='[1]0. ГИРА'!AE12 | AH12: ='[1]0. ГИРА'!AH12 | AK12: ='[1]0. ГИРА'!AK12 | AN12: ='[1]0. ГИРА'!AN12 | AQ12: ='[1]0. ГИРА'!AQ12 | AT12: ='[1]0. ГИРА'!AT12 | AW12: ='[1]0. ГИРА'!AW12 | AZ12: ='[1]0. ГИРА'!AZ12 | BC12: ='[1]0. ГИРА'!BC12 | BF12: ='[1]0. ГИРА'!BF12 | BI12: ='[1]0. ГИРА'!BI12 | BL12: ='[1]0. ГИРА'!BL12 | BO12: ='[1]0. ГИРА'!BO12 | BR12: ='[1]0. ГИРА'!BR12 | BU12: ='[1]0. ГИРА'!BU12 | BX12: ='[1]0. ГИРА'!BX12 | CA12: ='[1]0. ГИРА'!CA12 | CD12: ='[1]0. ГИРА'!CD12

Sheet K666.0
A1: ИНН | B1: =[1]Реестр!D2 | C1: Месяц | D1: 45962 | E1: 45992 | F1: Потребл. | G1: 45962 | H1: 46023 | I1: Потребл. | J1: 45992 | K1: 46054 | L1: Потребл. | M1: 46023 | N1: 46082 | O1: Потребл. | P1: 46054 | Q1: 46113 | R1: Потребл. | S1: 46082 | T1: 46143 | U1: Потребл. | V1: 46113 | W1: 46174 | X1: Потребл. | Y1: 46143 | Z1: 46204 | AA1: Потребл. | AB1: 46174 | AC1: 46235 | AD1: Потребл. | AE1: 46204 | AF1: 46266 | AG1: Потребл. | AH1: 46235 | AI1: 46296 | AJ1: Потребл. | AK1: 46266 | AL1: 46327 | AM1: Потребл. | AN1: 46296 | AO1: 46357 | AP1: Потребл. | AQ1: 46327 | AR1: 46388 | AS1: Потребл. | AT1: 46357 | AU1: 46419 | AV1: Потребл. | AW1: 46388 | AX1: 46447 | AY1: Потребл. | AZ1: 46419 | BA1: 46478 | BB1: Потребл. | BC1: 46447 | BD1: 46508 | BE1: Потребл. | BF1: 46478 | BG1: 46539 | BH1: Потребл. | BI1: 46508 | BJ1: 46569 | BK1: Потребл. | BL1: 46539 | BM1: 46600 | BN1: Потребл. | BO1: 46569 | BP1: 46631 | BQ1: Потребл. | BR1: 46600 | BS1: 46661 | BT1: Потребл. | BU1: 46631 | BV1: 46692 | BW1: Потребл. | BX1: 46661 | BY1: 46722 | BZ1: Потребл. | CA1: 46692 | CB1: 46753 | CC1: Потребл. | CD1: 46722
A2: Кадастр | B2: =[2]Реестр!B2 | D2: знач. | E2: знач. | F2: знач. | G2: руб. | H2: знач. | I2: знач. | J2: руб. | K2: знач. | L2: знач. | M2: руб. | N2: знач. | O2: знач | P2: руб. | Q2: знач. | R2: знач. | S2: руб. | T2: знач. | U2: знач. | V2: руб. | W2: знач. | X2: знач. | Y2: руб. | Z2: знач. | AA2: знач. | AB2: руб. | AC2: знач. | AD2: знач. | AE2: руб. | AF2: знач. | AG2: знач. | AH2: руб. | AI2: знач. | AJ2: знач. | AK2: руб. | AL2: знач. | AM2: знач. | AN2: руб. | AO2: знач. | AP2: знач. | AQ2: руб. | AR2: знач. | AS2: знач. | AT2: руб. | AU2: знач. | AV2: знач. | AW2: руб. | AX2: знач. | AY2: знач. | AZ2: руб. | BA2: знач. | BB2: знач. | BC2: руб. | BD2: знач. | BE2: знач. | BF2: руб. | BG2: знач. | BH2: знач. | BI2: руб. | BJ2: знач. | BK2: знач. | BL2: руб. | BM2: знач. | BN2: знач. | BO2: руб. | BP2: знач. | BQ2: знач. | BR2: руб. | BS2: знач. | BT2: знач. | BU2: руб. | BV2: знач. | BW2: знач. | BX2: руб. | BY2: знач. | BZ2: знач. | CA2: руб. | CB2: знач. | CC2: знач. | CD2: руб.
A3: Арендатор | B3: =[2]Реестр!F2 | C3: Электричество | D3: 0 | E3: 0 | F3: =E3-D3 | G3: =F3*G4 | H3: 0 | I3: =H3-E3 | J3: =I3*J4 | K3: 0 | L3: =K3-H3 | M3: =L3*M4 | O3: =N3-K3 | P3: =O3*P4 | R3: =Q3-N3 | S3: =R3*S4 | U3: =T3-Q3 | V3: =U3*V4 | X3: =W3-T3 | Y3: =X3*Y4 | AA3: =Z3-W3 | AB3: =AA3*AB4 | AD3: =AC3-Z3 | AE3: =AD3*AE4 | AG3: =AF3-AC3 | AH3: =AG3*AH4 | AJ3: =AI3-AF3 | AK3: =AJ3*AK4 | AM3: =AL3-AI3 | AN3: =AM3*AN4 | AP3: =AO3-AL3 | AQ3: =AP3*AQ4 | AS3: =AR3-AO3 | AT3: =AS3*AT4 | AV3: =AU3-AR3 | AW3: =AV3*AW4 | AY3: =AX3-AU3 | AZ3: =AY3*AZ4 | BB3: =BA3-AX3 | BC3: =BB3*BC4 | BE3: =BD3-BA3 | BF3: =BE3*BF4 | BH3: =BG3-BD3 | BI3: =BH3*BI4 | BK3: =BJ3-BG3 | BL3: =BK3*BL4 | BN3: =BM3-BJ3 | BO3: =BN3*BO4 | BQ3: =BP3-BM3 | BR3: =BQ3*BR4 | BT3: =BS3-BP3 | BU3: =BT3*BU4 | BW3: =BV3-BS3 | BX3: =BW3*BX4 | BZ3: =BY3-BV3 | CA3: =BZ3*CA4 | CC3: =CB3-BY3 | CD3: =CC3*CD4
A4: Площадь | B4: =[2]Реестр!H2 | C4: Электричество тариф | G4: ='[1]0. ГИРА'!G4 | J4: ='[1]0. ГИРА'!J4 | M4: ='[1]0. ГИРА'!M4 | P4: ='[1]0. ГИРА'!P4 | S4: ='[1]0. ГИРА'!S4 | V4: ='[1]0. ГИРА'!V4 | Y4: ='[1]0. ГИРА'!Y4 | AB4: ='[1]0. ГИРА'!AB4 | AE4: ='[1]0. ГИРА'!AE4 | AH4: ='[1]0. ГИРА'!AH4 | AK4: ='[1]0. ГИРА'!AK4 | AN4: ='[1]0. ГИРА'!AN4 | AQ4: ='[1]0. ГИРА'!AQ4 | AT4: ='[1]0. ГИРА'!AT4 | AW4: ='[1]0. ГИРА'!AW4 | AZ4: ='[1]0. ГИРА'!AZ4 | BC4: ='[1]0. ГИРА'!BC4 | BF4: ='[1]0. ГИРА'!BF4 | BI4: ='[1]0. ГИРА'!BI4 | BL4: ='[1]0. ГИРА'!BL4 | BO4: ='[1]0. ГИРА'!BO4 | BR4: ='[1]0. ГИРА'!BR4 | BU4: ='[1]0. ГИРА'!BU4 | BX4: ='[1]0. ГИРА'!BX4 | CA4: ='[1]0. ГИРА'!CA4 | CD4: ='[1]0. ГИРА'!CD4
C5: Водоканал холодная вода | D5: 0 | E5: 0 | F5: =E5-D5 | H5: 0 | I5: =H5-E5 | J5: =I5*J6 | K5: 0 | L5: =K5-H5 | M5: =L5*M6 | O5: =N5-K5 | R5: =Q5-N5 | U5: =T5-Q5 | X5: =W5-T5 | AA5: =Z5-W5 | AD5: =AC5-Z5 | AG5: =AF5-AC5 | AJ5: =AI5-AF5 | AM5: =AL5-AI5 | AP5: =AO5-AL5 | AS5: =AR5-AO5 | AV5: =AU5-AR5 | AY5: =AX5-AU5 | BB5: =BA5-AX5 | BE5: =BD5-BA5 | BH5: =BG5-BD5 | BK5: =BJ5-BG5 | BN5: =BM5-BJ5 | BQ5: =BP5-BM5 | BT5: =BS5-BP5 | BW5: =BV5-BS5 | BZ5: =BY5-BV5 | CC5: =CB5-BY5
A6: Имя 1 | B6: =[1]Реестр!M2 | C6: Водоканал холодная Тариф | G6: ='[1]0. ГИРА'!G6 | J6: ='[1]0. ГИРА'!J6 | M6: ='[1]0. ГИРА'!M6 | P6: ='[1]0. ГИРА'!P6 | S6: ='[1]0. ГИРА'!S6 | V6: ='[1]0. ГИРА'!V6 | Y6: ='[1]0. ГИРА'!Y6 | AB6: ='[1]0. ГИРА'!AB6 | AE6: ='[1]0. ГИРА'!AE6 | AH6: ='[1]0. ГИРА'!AH6 | AK6: ='[1]0. ГИРА'!AK6 | AN6: ='[1]0. ГИРА'!AN6 | AQ6: ='[1]0. ГИРА'!AQ6 | AT6: ='[1]0. ГИРА'!AT6 | AW6: ='[1]0. ГИРА'!AW6 | AZ6: ='[1]0. ГИРА'!AZ6 | BC6: ='[1]0. ГИРА'!BC6 | BF6: ='[1]0. ГИРА'!BF6 | BI6: ='[1]0. ГИРА'!BI6 | BL6: ='[1]0. ГИРА'!BL6 | BO6: ='[1]0. ГИРА'!BO6 | BR6: ='[1]0. ГИРА'!BR6 | BU6: ='[1]0. ГИРА'!BU6 | BX6: ='[1]0. ГИРА'!BX6 | CA6: ='[1]0. ГИРА'!CA6 | CD6: ='[1]0. ГИРА'!CD6
A7: Контакт 1 | B7: =[1]Реестр!N2 | C7: Водоканал горячая вода | D7: 0 | E7: 0 | F7: =E7-D7 | G7: =G8*F7 | H7: 0 | I7: =H7-E7 | J7: =J8*I7 | K7: 0 | L7: =K7-H7 | M7: =M8*L7 | O7: =N7-K7 | P7: =P8*O7 | R7: =Q7-N7 | S7: =S8*R7 | U7: =T7-Q7 | V7: =V8*U7 | X7: =W7-T7 | Y7: =Y8*X7 | AA7: =Z7-W7 | AB7: =AB8*AA7 | AD7: =AC7-Z7 | AE7: =AE8*AD7 | AG7: =AF7-AC7 | AH7: =AH8*AG7 | AJ7: =AI7-AF7 | AK7: =AK8*AJ7 | AM7: =AL7-AI7 | AN7: =AN8*AM7 | AP7: =AO7-AL7 | AQ7: =AQ8*AP7 | AS7: =AR7-AO7 | AT7: =AT8*AS7 | AV7: =AU7-AR7 | AW7: =AW8*AV7 | AY7: =AX7-AU7 | AZ7: =AZ8*AY7 | BB7: =BA7-AX7 | BC7: =BC8*BB7 | BE7: =BD7-BA7 | BF7: =BF8*BE7 | BH7: =BG7-BD7 | BI7: =BI8*BH7 | BK7: =BJ7-BG7 | BL7: =BL8*BK7 | BN7: =BM7-BJ7 | BO7: =BO8*BN7 | BQ7: =BP7-BM7 | BR7: =BR8*BQ7 | BT7: =BS7-BP7 | BU7: =BU8*BT7 | BW7: =BV7-BS7 | BX7: =BX8*BW7 | BZ7: =BY7-BV7 | CA7: =CA8*BZ7 | CC7: =CB7-BY7 | CD7: =CD8*CC7
A8: Имя 2 | B8: =[1]Реестр!O2 | C8: Водоканал горячая Тариф | G8: ='[1]0. ГИРА'!G8 | J8: ='[1]0. ГИРА'!J8 | M8: ='[1]0. ГИРА'!M8 | P8: ='[1]0. ГИРА'!P8 | S8: ='[1]0. ГИРА'!S8 | V8: ='[1]0. ГИРА'!V8 | Y8: ='[1]0. ГИРА'!Y8 | AB8: ='[1]0. ГИРА'!AB8 | AE8: ='[1]0. ГИРА'!AE8 | AH8: ='[1]0. ГИРА'!AH8 | AK8: ='[1]0. ГИРА'!AK8 | AN8: ='[1]0. ГИРА'!AN8 | AQ8: ='[1]0. ГИРА'!AQ8 | AT8: ='[1]0. ГИРА'!AT8 | AW8: ='[1]0. ГИРА'!AW8 | AZ8: ='[1]0. ГИРА'!AZ8 | BC8: ='[1]0. ГИРА'!BC8 | BF8: ='[1]0. ГИРА'!BF8 | BI8: ='[1]0. ГИРА'!BI8 | BL8: ='[1]0. ГИРА'!BL8 | BO8: ='[1]0. ГИРА'!BO8 | BR8: ='[1]0. ГИРА'!BR8 | BU8: ='[1]0. ГИРА'!BU8 | BX8: ='[1]0. ГИРА'!BX8 | CA8: ='[1]0. ГИРА'!CA8 | CD8: ='[1]0. ГИРА'!CD8
A9: Контакт 2 | B9: =[1]Реестр!P2 | C9: Тепло | F9: =E9-D9 | G9: =G10*B4 | I9: =H9-E9 | J9: =J10*E3 | L9: =K9-H9 | M9: =M10*$B4 | O9: =N9-K9 | P9: =P10*K3 | R9: =Q9-N9 | S9: =S10*N3 | U9: =T9-Q9 | V9: =V10*Q3 | X9: =W9-T9 | Y9: =Y10*T3 | AA9: =Z9-W9 | AB9: =AB10*W3 | AD9: =AC9-Z9 | AE9: =AE10*Z3 | AG9: =AF9-AC9 | AH9: =AH10*AC3 | AJ9: =AI9-AF9 | AK9: =AK10*AF3 | AM9: =AL9-AI9 | AN9: =AN10*AI3 | AP9: =AO9-AL9 | AQ9: =AQ10*AL3 | AS9: =AR9-AO9 | AT9: =AT10*AO3 | AV9: =AU9-AR9 | AW9: =AW10*AR3 | AY9: =AX9-AU9 | AZ9: =AZ10*AU3 | BB9: =BA9-AX9 | BC9: =BC10*AX3 | BE9: =BD9-BA9 | BF9: =BF10*BA3 | BH9: =BG9-BD9 | BI9: =BI10*BD3 | BK9: =BJ9-BG9 | BL9: =BL10*BG3 | BN9: =BM9-BJ9 | BO9: =BO10*BJ3 | BQ9: =BP9-BM9 | BR9: =BR10*BM3 | BT9: =BS9-BP9 | BU9: =BU10*BP3 | BW9: =BV9-BS9 | BX9: =BX10*BS3 | BZ9: =BY9-BV9 | CA9: =CA10*BV3 | CC9: =CB9-BY9 | CD9: =CD10*BY3
C10: Тепло тариф | G10: ='[1]0. ГИРА'!G10 | J10: ='[1]0. ГИРА'!J10 | M10: ='[1]0. ГИРА'!M10 | P10: ='[1]0. ГИРА'!P10 | S10: ='[1]0. ГИРА'!S10 | V10: ='[1]0. ГИРА'!V10 | Y10: ='[1]0. ГИРА'!Y10 | AB10: ='[1]0. ГИРА'!AB10 | AE10: ='[1]0. ГИРА'!AE10 | AH10: ='[1]0. ГИРА'!AH10 | AK10: ='[1]0. ГИРА'!AK10 | AN10: ='[1]0. ГИРА'!AN10 | AQ10: ='[1]0. ГИРА'!AQ10 | AT10: ='[1]0. ГИРА'!AT10 | AW10: ='[1]0. ГИРА'!AW10 | AZ10: ='[1]0. ГИРА'!AZ10 | BC10: ='[1]0. ГИРА'!BC10 | BF10: ='[1]0. ГИРА'!BF10 | BI10: ='[1]0. ГИРА'!BI10 | BL10: ='[1]0. ГИРА'!BL10 | BO10: ='[1]0. ГИРА'!BO10 | BR10: ='[1]0. ГИРА'!BR10 | BU10: ='[1]0. ГИРА'!BU10 | BX10: ='[1]0. ГИРА'!BX10 | CA10: ='[1]0. ГИРА'!CA10 | CD10: ='[1]0. ГИРА'!CD10
A11: Номер счетчика | C11: Экспл. Услуги от УК | F11: =E11-D11 | G11: ='[1]0. ГИРА'!G12 | I11: =H11-G11 | J11: ='[1]0. ГИРА'!J12 | L11: =K11-J11 | M11: ='[1]0. ГИРА'!M12 | O11: =N11-M11 | P11: ='[1]0. ГИРА'!P12 | R11: =Q11-P11 | S11: ='[1]0. ГИРА'!S12 | U11: =T11-S11 | V11: ='[1]0. ГИРА'!V12 | X11: =W11-T11 | Y11: =Y12*T3 | AA11: =Z11-W11 | AB11: =AB12*W3 | AD11: =AC11-Z11 | AE11: =AE12*Z3 | AG11: =AF11-AC11 | AH11: =AH12*AC3 | AJ11: =AI11-AF11 | AK11: =AK12*AF3 | AM11: =AL11-AI11 | AN11: =AN12*AI3 | AP11: =AO11-AL11 | AQ11: =AQ12*AL3 | AS11: =AR11-AO11 | AT11: =AT12*AO3 | AV11: =AU11-AR11 | AW11: =AW12*AR3 | AY11: =AX11-AU11 | AZ11: =AZ12*AU3 | BB11: =BA11-AX11 | BC11: =BC12*AX3 | BE11: =BD11-BA11 | BF11: =BF12*BA3 | BH11: =BG11-BD11 | BI11: =BI12*BD3 | BK11: =BJ11-BG11 | BL11: =BL12*BG3 | BN11: =BM11-BJ11 | BO11: =BO12*BJ3 | BQ11: =BP11-BM11 | BR11: =BR12*BM3 | BT11: =BS11-BP11 | BU11: =BU12*BP3 | BW11: =BV11-BS11 | BX11: =BX12*BS3 | BZ11: =BY11-BV11 | CA11: =CA12*BV3 | CC11: =CB11-BY11 | CD11: =CD12*BY3
C12: Экспл. Услуги от УК тариф | G12: ='[1]0. ГИРА'!G12 | J12: ='[1]0. ГИРА'!J12 | M12: ='[1]0. ГИРА'!M12 | P12: ='[1]0. ГИРА'!P12 | S12: ='[1]0. ГИРА'!S12 | V12: ='[1]0. ГИРА'!V12 | Y12: ='[1]0. ГИРА'!Y12 | AB12: ='[1]0. ГИРА'!AB12 | AE12: ='[1]0. ГИРА'!AE12 | AH12: ='[1]0. ГИРА'!AH12 | AK12: ='[1]0. ГИРА'!AK12 | AN12: ='[1]0. ГИРА'!AN12 | AQ12: ='[1]0. ГИРА'!AQ12 | AT12: ='[1]0. ГИРА'!AT12 | AW12: ='[1]0. ГИРА'!AW12 | AZ12: ='[1]0. ГИРА'!AZ12 | BC12: ='[1]0. ГИРА'!BC12 | BF12: ='[1]0. ГИРА'!BF12 | BI12: ='[1]0. ГИРА'!BI12 | BL12: ='[1]0. ГИРА'!BL12 | BO12: ='[1]0. ГИРА'!BO12 | BR12: ='[1]0. ГИРА'!BR12 | BU12: ='[1]0. ГИРА'!BU12 | BX12: ='[1]0. ГИРА'!BX12 | CA12: ='[1]0. ГИРА'!CA12 | CD12: ='[1]0. ГИРА'!CD12

Sheet K8888.0
A1: ИНН | B1: =[1]Реестр!D2 | C1: Месяц | D1: 45962 | E1: 45992 | F1: Потребл. | G1: 45962 | H1: 46023 | I1: Потребл. | J1: 45992 | K1: 46054 | L1: Потребл. | M1: 46023 | N1: 46082 | O1: Потребл. | P1: 46054 | Q1: 46113 | R1: Потребл. | S1: 46082 | T1: 46143 | U1: Потребл. | V1: 46113 | W1: 46174 | X1: Потребл. | Y1: 46143 | Z1: 46204 | AA1: Потребл. | AB1: 46174 | AC1: 46235 | AD1: Потребл. | AE1: 46204 | AF1: 46266 | AG1: Потребл. | AH1: 46235 | AI1: 46296 | AJ1: Потребл. | AK1: 46266 | AL1: 46327 | AM1: Потребл. | AN1: 46296 | AO1: 46357 | AP1: Потребл. | AQ1: 46327 | AR1: 46388 | AS1: Потребл. | AT1: 46357 | AU1: 46419 | AV1: Потребл. | AW1: 46388 | AX1: 46447 | AY1: Потребл. | AZ1: 46419 | BA1: 46478 | BB1: Потребл. | BC1: 46447 | BD1: 46508 | BE1: Потребл. | BF1: 46478 | BG1: 46539 | BH1: Потребл. | BI1: 46508 | BJ1: 46569 | BK1: Потребл. | BL1: 46539 | BM1: 46600 | BN1: Потребл. | BO1: 46569 | BP1: 46631 | BQ1: Потребл. | BR1: 46600 | BS1: 46661 | BT1: Потребл. | BU1: 46631 | BV1: 46692 | BW1: Потребл. | BX1: 46661 | BY1: 46722 | BZ1: Потребл. | CA1: 46692 | CB1: 46753 | CC1: Потребл. | CD1: 46722
A2: Кадастр | B2: =[2]Реестр!B2 | D2: знач. | E2: знач. | F2: знач. | G2: руб. | H2: знач. | I2: знач. | J2: руб. | K2: знач. | L2: знач. | M2: руб. | N2: знач. | O2: знач | P2: руб. | Q2: знач. | R2: знач. | S2: руб. | T2: знач. | U2: знач. | V2: руб. | W2: знач. | X2: знач. | Y2: руб. | Z2: знач. | AA2: знач. | AB2: руб. | AC2: знач. | AD2: знач. | AE2: руб. | AF2: знач. | AG2: знач. | AH2: руб. | AI2: знач. | AJ2: знач. | AK2: руб. | AL2: знач. | AM2: знач. | AN2: руб. | AO2: знач. | AP2: знач. | AQ2: руб. | AR2: знач. | AS2: знач. | AT2: руб. | AU2: знач. | AV2: знач. | AW2: руб. | AX2: знач. | AY2: знач. | AZ2: руб. | BA2: знач. | BB2: знач. | BC2: руб. | BD2: знач. | BE2: знач. | BF2: руб. | BG2: знач. | BH2: знач. | BI2: руб. | BJ2: знач. | BK2: знач. | BL2: руб. | BM2: знач. | BN2: знач. | BO2: руб. | BP2: знач. | BQ2: знач. | BR2: руб. | BS2: знач. | BT2: знач. | BU2: руб. | BV2: знач. | BW2: знач. | BX2: руб. | BY2: знач. | BZ2: знач. | CA2: руб. | CB2: знач. | CC2: знач. | CD2: руб.
A3: Арендатор | B3: =[2]Реестр!F2 | C3: Электричество | D3: 0 | E3: 0 | F3: =E3-D3 | G3: =F3*G4 | H3: 0 | I3: =H3-E3 | J3: =I3*J4 | K3: 0 | L3: =K3-H3 | M3: =L3*M4 | O3: =N3-K3 | P3: =O3*P4 | R3: =Q3-N3 | S3: =R3*S4 | U3: =T3-Q3 | V3: =U3*V4 | X3: =W3-T3 | Y3: =X3*Y4 | AA3: =Z3-W3 | AB3: =AA3*AB4 | AD3: =AC3-Z3 | AE3: =AD3*AE4 | AG3: =AF3-AC3 | AH3: =AG3*AH4 | AJ3: =AI3-AF3 | AK3: =AJ3*AK4 | AM3: =AL3-AI3 | AN3: =AM3*AN4 | AP3: =AO3-AL3 | AQ3: =AP3*AQ4 | AS3: =AR3-AO3 | AT3: =AS3*AT4 | AV3: =AU3-AR3 | AW3: =AV3*AW4 | AY3: =AX3-AU3 | AZ3: =AY3*AZ4 | BB3: =BA3-AX3 | BC3: =BB3*BC4 | BE3: =BD3-BA3 | BF3: =BE3*BF4 | BH3: =BG3-BD3 | BI3: =BH3*BI4 | BK3: =BJ3-BG3 | BL3: =BK3*BL4 | BN3: =BM3-BJ3 | BO3: =BN3*BO4 | BQ3: =BP3-BM3 | BR3: =BQ3*BR4 | BT3: =BS3-BP3 | BU3: =BT3*BU4 | BW3: =BV3-BS3 | BX3: =BW3*BX4 | BZ3: =BY3-BV3 | CA3: =BZ3*CA4 | CC3: =CB3-BY3 | CD3: =CC3*CD4
A4: Площадь | B4: =[2]Реестр!H2 | C4: Электричество тариф | G4: ='[1]0. ГИРА'!G4 | J4: ='[1]0. ГИРА'!J4 | M4: ='[1]0. ГИРА'!M4 | P4: ='[1]0. ГИРА'!P4 | S4: ='[1]0. ГИРА'!S4 | V4: ='[1]0. ГИРА'!V4 | Y4: ='[1]0. ГИРА'!Y4 | AB4: ='[1]0. ГИРА'!AB4 | AE4: ='[1]0. ГИРА'!AE4 | AH4: ='[1]0. ГИРА'!AH4 | AK4: ='[1]0. ГИРА'!AK4 | AN4: ='[1]0. ГИРА'!AN4 | AQ4: ='[1]0. ГИРА'!AQ4 | AT4: ='[1]0. ГИРА'!AT4 | AW4: ='[1]0. ГИРА'!AW4 | AZ4: ='[1]0. ГИРА'!AZ4 | BC4: ='[1]0. ГИРА'!BC4 | BF4: ='[1]0. ГИРА'!BF4 | BI4: ='[1]0. ГИРА'!BI4 | BL4: ='[1]0. ГИРА'!BL4 | BO4: ='[1]0. ГИРА'!BO4 | BR4: ='[1]0. ГИРА'!BR4 | BU4: ='[1]0. ГИРА'!BU4 | BX4: ='[1]0. ГИРА'!BX4 | CA4: ='[1]0. ГИРА'!CA4 | CD4: ='[1]0. ГИРА'!CD4
C5: Водоканал холодная вода | D5: 0 | E5: 0 | F5: =E5-D5 | H5: 0 | I5: =H5-E5 | J5: =I5*J6 | K5: 0 | L5: =K5-H5 | M5: =L5*M6 | O5: =N5-K5 | R5: =Q5-N5 | U5: =T5-Q5 | X5: =W5-T5 | AA5: =Z5-W5 | AD5: =AC5-Z5 | AG5: =AF5-AC5 | AJ5: =AI5-AF5 | AM5: =AL5-AI5 | AP5: =AO5-AL5 | AS5: =AR5-AO5 | AV5: =AU5-AR5 | AY5: =AX5-AU5 | BB5: =BA5-AX5 | BE5: =BD5-BA5 | BH5: =BG5-BD5 | BK5: =BJ5-BG5 | BN5: =BM5-BJ5 | BQ5: =BP5-BM5 | BT5: =BS5-BP5 | BW5: =BV5-BS5 | BZ5: =BY5-BV5 | CC5: =CB5-BY5
A6: Имя 1 | B6: =[1]Реестр!M2 | C6: Водоканал холодная Тариф | G6: ='[1]0. ГИРА'!G6 | J6: ='[1]0. ГИРА'!J6 | M6: ='[1]0. ГИРА'!M6 | P6: ='[1]0. ГИРА'!P6 | S6: ='[1]0. ГИРА'!S6 | V6: ='[1]0. ГИРА'!V6 | Y6: ='[1]0. ГИРА'!Y6 | AB6: ='[1]0. ГИРА'!AB6 | AE6: ='[1]0. ГИРА'!AE6 | AH6: ='[1]0. ГИРА'!AH6 | AK6: ='[1]0. ГИРА'!AK6 | AN6: ='[1]0. ГИРА'!AN6 | AQ6: ='[1]0. ГИРА'!AQ6 | AT6: ='[1]0. ГИРА'!AT6 | AW6: ='[1]0. ГИРА'!AW6 | AZ6: ='[1]0. ГИРА'!AZ6 | BC6: ='[1]0. ГИРА'!BC6 | BF6: ='[1]0. ГИРА'!BF6 | BI6: ='[1]0. ГИРА'!BI6 | BL6: ='[1]0. ГИРА'!BL6 | BO6: ='[1]0. ГИРА'!BO6 | BR6: ='[1]0. ГИРА'!BR6 | BU6: ='[1]0. ГИРА'!BU6 | BX6: ='[1]0. ГИРА'!BX6 | CA6: ='[1]0. ГИРА'!CA6 | CD6: ='[1]0. ГИРА'!CD6
A7: Контакт 1 | B7: =[1]Реестр!N2 | C7: Водоканал горячая вода | D7: 0 | E7: 0 | F7: =E7-D7 | G7: =G8*F7 | H7: 0 | I7: =H7-E7 | J7: =J8*I7 | K7: 0 | L7: =K7-H7 | M7: =M8*L7 | O7: =N7-K7 | P7: =P8*O7 | R7: =Q7-N7 | S7: =S8*R7 | U7: =T7-Q7 | V7: =V8*U7 | X7: =W7-T7 | Y7: =Y8*X7 | AA7: =Z7-W7 | AB7: =AB8*AA7 | AD7: =AC7-Z7 | AE7: =AE8*AD7 | AG7: =AF7-AC7 | AH7: =AH8*AG7 | AJ7: =AI7-AF7 | AK7: =AK8*AJ7 | AM7: =AL7-AI7 | AN7: =AN8*AM7 | AP7: =AO7-AL7 | AQ7: =AQ8*AP7 | AS7: =AR7-AO7 | AT7: =AT8*AS7 | AV7: =AU7-AR7 | AW7: =AW8*AV7 | AY7: =AX7-AU7 | AZ7: =AZ8*AY7 | BB7: =BA7-AX7 | BC7: =BC8*BB7 | BE7: =BD7-BA7 | BF7: =BF8*BE7 | BH7: =BG7-BD7 | BI7: =BI8*BH7 | BK7: =BJ7-BG7 | BL7: =BL8*BK7 | BN7: =BM7-BJ7 | BO7: =BO8*BN7 | BQ7: =BP7-BM7 | BR7: =BR8*BQ7 | BT7: =BS7-BP7 | BU7: =BU8*BT7 | BW7: =BV7-BS7 | BX7: =BX8*BW7 | BZ7: =BY7-BV7 | CA7: =CA8*BZ7 | CC7: =CB7-BY7 | CD7: =CD8*CC7
A8: Имя 2 | B8: =[1]Реестр!O2 | C8: Водоканал горячая Тариф | G8: ='[1]0. ГИРА'!G8 | J8: ='[1]0. ГИРА'!J8 | M8: ='[1]0. ГИРА'!M8 | P8: ='[1]0. ГИРА'!P8 | S8: ='[1]0. ГИРА'!S8 | V8: ='[1]0. ГИРА'!V8 | Y8: ='[1]0. ГИРА'!Y8 | AB8: ='[1]0. ГИРА'!AB8 | AE8: ='[1]0. ГИРА'!AE8 | AH8: ='[1]0. ГИРА'!AH8 | AK8: ='[1]0. ГИРА'!AK8 | AN8: ='[1]0. ГИРА'!AN8 | AQ8: ='[1]0. ГИРА'!AQ8 | AT8: ='[1]0. ГИРА'!AT8 | AW8: ='[1]0. ГИРА'!AW8 | AZ8: ='[1]0. ГИРА'!AZ8 | BC8: ='[1]0. ГИРА'!BC8 | BF8: ='[1]0. ГИРА'!BF8 | BI8: ='[1]0. ГИРА'!BI8 | BL8: ='[1]0. ГИРА'!BL8 | BO8: ='[1]0. ГИРА'!BO8 | BR8: ='[1]0. ГИРА'!BR8 | BU8: ='[1]0. ГИРА'!BU8 | BX8: ='[1]0. ГИРА'!BX8 | CA8: ='[1]0. ГИРА'!CA8 | CD8: ='[1]0. ГИРА'!CD8
A9: Контакт 2 | B9: =[1]Реестр!P2 | C9: Тепло | F9: =E9-D9 | G9: =G10*B4 | I9: =H9-E9 | J9: =J10*E3 | L9: =K9-H9 | M9: =M10*$B4 | O9: =N9-K9 | P9: =P10*K3 | R9: =Q9-N9 | S9: =S10*N3 | U9: =T9-Q9 | V9: =V10*Q3 | X9: =W9-T9 | Y9: =Y10*T3 | AA9: =Z9-W9 | AB9: =AB10*W3 | AD9: =AC9-Z9 | AE9: =AE10*Z3 | AG9: =AF9-AC9 | AH9: =AH10*AC3 | AJ9: =AI9-AF9 | AK9: =AK10*AF3 | AM9: =AL9-AI9 | AN9: =AN10*AI3 | AP9: =AO9-AL9 | AQ9: =AQ10*AL3 | AS9: =AR9-AO9 | AT9: =AT10*AO3 | AV9: =AU9-AR9 | AW9: =AW10*AR3 | AY9: =AX9-AU9 | AZ9: =AZ10*AU3 | BB9: =BA9-AX9 | BC9: =BC10*AX3 | BE9: =BD9-BA9 | BF9: =BF10*BA3 | BH9: =BG9-BD9 | BI9: =BI10*BD3 | BK9: =BJ9-BG9 | BL9: =BL10*BG3 | BN9: =BM9-BJ9 | BO9: =BO10*BJ3 | BQ9: =BP9-BM9 | BR9: =BR10*BM3 | BT9: =BS9-BP9 | BU9: =BU10*BP3 | BW9: =BV9-BS9 | BX9: =BX10*BS3 | BZ9: =BY9-BV9 | CA9: =CA10*BV3 | CC9: =CB9-BY9 | CD9: =CD10*BY3
C10: Тепло тариф | G10: ='[1]0. ГИРА'!G10 | J10: ='[1]0. ГИРА'!J10 | M10: ='[1]0. ГИРА'!M10 | P10: ='[1]0. ГИРА'!P10 | S10: ='[1]0. ГИРА'!S10 | V10: ='[1]0. ГИРА'!V10 | Y10: ='[1]0. ГИРА'!Y10 | AB10: ='[1]0. ГИРА'!AB10 | AE10: ='[1]0. ГИРА'!AE10 | AH10: ='[1]0. ГИРА'!AH10 | AK10: ='[1]0. ГИРА'!AK10 | AN10: ='[1]0. ГИРА'!AN10 | AQ10: ='[1]0. ГИРА'!AQ10 | AT10: ='[1]0. ГИРА'!AT10 | AW10: ='[1]0. ГИРА'!AW10 | AZ10: ='[1]0. ГИРА'!AZ10 | BC10: ='[1]0. ГИРА'!BC10 | BF10: ='[1]0. ГИРА'!BF10 | BI10: ='[1]0. ГИРА'!BI10 | BL10: ='[1]0. ГИРА'!BL10 | BO10: ='[1]0. ГИРА'!BO10 | BR10: ='[1]0. ГИРА'!BR10 | BU10: ='[1]0. ГИРА'!BU10 | BX10: ='[1]0. ГИРА'!BX10 | CA10: ='[1]0. ГИРА'!CA10 | CD10: ='[1]0. ГИРА'!CD10
A11: Номер счетчика | C11: Экспл. Услуги от УК | F11: =E11-D11 | G11: ='[1]0. ГИРА'!G12 | I11: =H11-G11 | J11: ='[1]0. ГИРА'!J12 | L11: =K11-J11 | M11: ='[1]0. ГИРА'!M12 | O11: =N11-M11 | P11: ='[1]0. ГИРА'!P12 | R11: =Q11-P11 | S11: ='[1]0. ГИРА'!S12 | U11: =T11-S11 | V11: ='[1]0. ГИРА'!V12 | X11: =W11-T11 | Y11: =Y12*T3 | AA11: =Z11-W11 | AB11: =AB12*W3 | AD11: =AC11-Z11 | AE11: =AE12*Z3 | AG11: =AF11-AC11 | AH11: =AH12*AC3 | AJ11: =AI11-AF11 | AK11: =AK12*AF3 | AM11: =AL11-AI11 | AN11: =AN12*AI3 | AP11: =AO11-AL11 | AQ11: =AQ12*AL3 | AS11: =AR11-AO11 | AT11: =AT12*AO3 | AV11: =AU11-AR11 | AW11: =AW12*AR3 | AY11: =AX11-AU11 | AZ11: =AZ12*AU3 | BB11: =BA11-AX11 | BC11: =BC12*AX3 | BE11: =BD11-BA11 | BF11: =BF12*BA3 | BH11: =BG11-BD11 | BI11: =BI12*BD3 | BK11: =BJ11-BG11 | BL11: =BL12*BG3 | BN11: =BM11-BJ11 | BO11: =BO12*BJ3 | BQ11: =BP11-BM11 | BR11: =BR12*BM3 | BT11: =BS11-BP11 | BU11: =BU12*BP3 | BW11: =BV11-BS11 | BX11: =BX12*BS3 | BZ11: =BY11-BV11 | CA11: =CA12*BV3 | CC11: =CB11-BY11 | CD11: =CD12*BY3
C12: Экспл. Услуги от УК тариф | G12: ='[1]0. ГИРА'!G12 | J12: ='[1]0. ГИРА'!J12 | M12: ='[1]0. ГИРА'!M12 | P12: ='[1]0. ГИРА'!P12 | S12: ='[1]0. ГИРА'!S12 | V12: ='[1]0. ГИРА'!V12 | Y12: ='[1]0. ГИРА'!Y12 | AB12: ='[1]0. ГИРА'!AB12 | AE12: ='[1]0. ГИРА'!AE12 | AH12: ='[1]0. ГИРА'!AH12 | AK12: ='[1]0. ГИРА'!AK12 | AN12: ='[1]0. ГИРА'!AN12 | AQ12: ='[1]0. ГИРА'!AQ12 | AT12: ='[1]0. ГИРА'!AT12 | AW12: ='[1]0. ГИРА'!AW12 | AZ12: ='[1]0. ГИРА'!AZ12 | BC12: ='[1]0. ГИРА'!BC12 | BF12: ='[1]0. ГИРА'!BF12 | BI12: ='[1]0. ГИРА'!BI12 | BL12: ='[1]0. ГИРА'!BL12 | BO12: ='[1]0. ГИРА'!BO12 | BR12: ='[1]0. ГИРА'!BR12 | BU12: ='[1]0. ГИРА'!BU12 | BX12: ='[1]0. ГИРА'!BX12 | CA12: ='[1]0. ГИРА'!CA12 | CD12: ='[1]0. ГИРА'!CD12

Sheet K100.0
A1: ИНН | B1: =[1]Реестр!D2 | C1: Месяц | D1: 45962 | E1: 45992 | F1: Потребл. | G1: 45962 | H1: 46023 | I1: Потребл. | J1: 45992 | K1: 46054 | L1: Потребл. | M1: 46023 | N1: 46082 | O1: Потребл. | P1: 46054 | Q1: 46113 | R1: Потребл. | S1: 46082 | T1: 46143 | U1: Потребл. | V1: 46113 | W1: 46174 | X1: Потребл. | Y1: 46143 | Z1: 46204 | AA1: Потребл. | AB1: 46174 | AC1: 46235 | AD1: Потребл. | AE1: 46204 | AF1: 46266 | AG1: Потребл. | AH1: 46235 | AI1: 46296 | AJ1: Потребл. | AK1: 46266 | AL1: 46327 | AM1: Потребл. | AN1: 46296 | AO1: 46357 | AP1: Потребл. | AQ1: 46327 | AR1: 46388 | AS1: Потребл. | AT1: 46357 | AU1: 46419 | AV1: Потребл. | AW1: 46388 | AX1: 46447 | AY1: Потребл. | AZ1: 46419 | BA1: 46478 | BB1: Потребл. | BC1: 46447 | BD1: 46508 | BE1: Потребл. | BF1: 46478 | BG1: 46539 | BH1: Потребл. | BI1: 46508 | BJ1: 46569 | BK1: Потребл. | BL1: 46539 | BM1: 46600 | BN1: Потребл. | BO1: 46569 | BP1: 46631 | BQ1: Потребл. | BR1: 46600 | BS1: 46661 | BT1: Потребл. | BU1: 46631 | BV1: 46692 | BW1: Потребл. | BX1: 46661 | BY1: 46722 | BZ1: Потребл. | CA1: 46692 | CB1: 46753 | CC1: Потребл. | CD1: 46722
A2: Кадастр | B2: =[2]Реестр!B2 | D2: знач. | E2: знач. | F2: знач. | G2: руб. | H2: знач. | I2: знач. | J2: руб. | K2: знач. | L2: знач. | M2: руб. | N2: знач. | O2: знач | P2: руб. | Q2: знач. | R2: знач. | S2: руб. | T2: знач. | U2: знач. | V2: руб. | W2: знач. | X2: знач. | Y2: руб. | Z2: знач. | AA2: знач. | AB2: руб. | AC2: знач. | AD2: знач. | AE2: руб. | AF2: знач. | AG2: знач. | AH2: руб. | AI2: знач. | AJ2: знач. | AK2: руб. | AL2: знач. | AM2: знач. | AN2: руб. | AO2: знач. | AP2: знач. | AQ2: руб. | AR2: знач. | AS2: знач. | AT2: руб. | AU2: знач. | AV2: знач. | AW2: руб. | AX2: знач. | AY2: знач. | AZ2: руб. | BA2: знач. | BB2: знач. | BC2: руб. | BD2: знач. | BE2: знач. | BF2: руб. | BG2: знач. | BH2: знач. | BI2: руб. | BJ2: знач. | BK2: знач. | BL2: руб. | BM2: знач. | BN2: знач. | BO2: руб. | BP2: знач. | BQ2: знач. | BR2: руб. | BS2: знач. | BT2: знач. | BU2: руб. | BV2: знач. | BW2: знач. | BX2: руб. | BY2: знач. | BZ2: знач. | CA2: руб. | CB2: знач. | CC2: знач. | CD2: руб.
A3: Арендатор | B3: =[2]Реестр!F2 | C3: Электричество | D3: 0 | E3: 0 | F3: =E3-D3 | G3: =F3*G4 | H3: 245077 | I3: =H3-E3 | J3: =I3*J4 | K3: 123456 | L3: =K3-H3 | M3: =L3*M4 | O3: =N3-K3 | P3: =O3*P4 | R3: =Q3-N3 | S3: =R3*S4 | U3: =T3-Q3 | V3: =U3*V4 | X3: =W3-T3 | Y3: =X3*Y4 | AA3: =Z3-W3 | AB3: =AA3*AB4 | AD3: =AC3-Z3 | AE3: =AD3*AE4 | AG3: =AF3-AC3 | AH3: =AG3*AH4 | AJ3: =AI3-AF3 | AK3: =AJ3*AK4 | AM3: =AL3-AI3 | AN3: =AM3*AN4 | AP3: =AO3-AL3 | AQ3: =AP3*AQ4 | AS3: =AR3-AO3 | AT3: =AS3*AT4 | AV3: =AU3-AR3 | AW3: =AV3*AW4 | AY3: =AX3-AU3 | AZ3: =AY3*AZ4 | BB3: =BA3-AX3 | BC3: =BB3*BC4 | BE3: =BD3-BA3 | BF3: =BE3*BF4 | BH3: =BG3-BD3 | BI3: =BH3*BI4 | BK3: =BJ3-BG3 | BL3: =BK3*BL4 | BN3: =BM3-BJ3 | BO3: =BN3*BO4 | BQ3: =BP3-BM3 | BR3: =BQ3*BR4 | BT3: =BS3-BP3 | BU3: =BT3*BU4 | BW3: =BV3-BS3 | BX3: =BW3*BX4 | BZ3: =BY3-BV3 | CA3: =BZ3*CA4 | CC3: =CB3-BY3 | CD3: =CC3*CD4
A4: Площадь | B4: =[2]Реестр!H2 | C4: Электричество тариф | G4: ='[1]0. ГИРА'!G4 | J4: ='[1]0. ГИРА'!J4 | M4: ='[1]0. ГИРА'!M4 | P4: ='[1]0. ГИРА'!P4 | S4: ='[1]0. ГИРА'!S4 | V4: ='[1]0. ГИРА'!V4 | Y4: ='[1]0. ГИРА'!Y4 | AB4: ='[1]0. ГИРА'!AB4 | AE4: ='[1]0. ГИРА'!AE4 | AH4: ='[1]0. ГИРА'!AH4 | AK4: ='[1]0. ГИРА'!AK4 | AN4: ='[1]0. ГИРА'!AN4 | AQ4: ='[1]0. ГИРА'!AQ4 | AT4: ='[1]0. ГИРА'!AT4 | AW4: ='[1]0. ГИРА'!AW4 | AZ4: ='[1]0. ГИРА'!AZ4 | BC4: ='[1]0. ГИРА'!BC4 | BF4: ='[1]0. ГИРА'!BF4 | BI4: ='[1]0. ГИРА'!BI4 | BL4: ='[1]0. ГИРА'!BL4 | BO4: ='[1]0. ГИРА'!BO4 | BR4: ='[1]0. ГИРА'!BR4 | BU4: ='[1]0. ГИРА'!BU4 | BX4: ='[1]0. ГИРА'!BX4 | CA4: ='[1]0. ГИРА'!CA4 | CD4: ='[1]0. ГИРА'!CD4
C5: Водоканал холодная вода | D5: 0 | E5: 0 | F5: =E5-D5 | H5: 32477 | I5: =H5-E5 | J5: =I5*J6 | K5: 24690 | L5: =K5-H5 | M5: =L5*M6 | O5: =N5-K5 | R5: =Q5-N5 | U5: =T5-Q5 | X5: =W5-T5 | AA5: =Z5-W5 | AD5: =AC5-Z5 | AG5: =AF5-AC5 | AJ5: =AI5-AF5 | AM5: =AL5-AI5 | AP5: =AO5-AL5 | AS5: =AR5-AO5 | AV5: =AU5-AR5 | AY5: =AX5-AU5 | BB5: =BA5-AX5 | BE5: =BD5-BA5 | BH5: =BG5-BD5 | BK5: =BJ5-BG5 | BN5: =BM5-BJ5 | BQ5: =BP5-BM5 | BT5: =BS5-BP5 | BW5: =BV5-BS5 | BZ5: =BY5-BV5 | CC5: =CB5-BY5
A6: Имя 1 | B6: =[1]Реестр!M2 | C6: Водоканал холодная Тариф | G6: ='[1]0. ГИРА'!G6 | J6: ='[1]0. ГИРА'!J6 | M6: ='[1]0. ГИРА'!M6 | P6: ='[1]0. ГИРА'!P6 | S6: ='[1]0. ГИРА'!S6 | V6: ='[1]0. ГИРА'!V6 | Y6: ='[1]0. ГИРА'!Y6 | AB6: ='[1]0. ГИРА'!AB6 | AE6: ='[1]0. ГИРА'!AE6 | AH6: ='[1]0. ГИРА'!AH6 | AK6: ='[1]0. ГИРА'!AK6 | AN6: ='[1]0. ГИРА'!AN6 | AQ6: ='[1]0. ГИРА'!AQ6 | AT6: ='[1]0. ГИРА'!AT6 | AW6: ='[1]0. ГИРА'!AW6 | AZ6: ='[1]0. ГИРА'!AZ6 | BC6: ='[1]0. ГИРА'!BC6 | BF6: ='[1]0. ГИРА'!BF6 | BI6: ='[1]0. ГИРА'!BI6 | BL6: ='[1]0. ГИРА'!BL6 | BO6: ='[1]0. ГИРА'!BO6 | BR6: ='[1]0. ГИРА'!BR6 | BU6: ='[1]0. ГИРА'!BU6 | BX6: ='[1]0. ГИРА'!BX6 | CA6: ='[1]0. ГИРА'!CA6 | CD6: ='[1]0. ГИРА'!CD6
A7: Контакт 1 | B7: =[1]Реестр!N2 | C7: Водоканал горячая вода | D7: 0 | E7: 0 | F7: =E7-D7 | G7: =G8*F7 | H7: 17877 | I7: =H7-E7 | J7: =J8*I7 | K7: 12345 | L7: =K7-H7 | M7: =M8*L7 | O7: =N7-K7 | P7: =P8*O7 | R7: =Q7-N7 | S7: =S8*R7 | U7: =T7-Q7 | V7: =V8*U7 | X7: =W7-T7 | Y7: =Y8*X7 | AA7: =Z7-W7 | AB7: =AB8*AA7 | AD7: =AC7-Z7 | AE7: =AE8*AD7 | AG7: =AF7-AC7 | AH7: =AH8*AG7 | AJ7: =AI7-AF7 | AK7: =AK8*AJ7 | AM7: =AL7-AI7 | AN7: =AN8*AM7 | AP7: =AO7-AL7 | AQ7: =AQ8*AP7 | AS7: =AR7-AO7 | AT7: =AT8*AS7 | AV7: =AU7-AR7 | AW7: =AW8*AV7 | AY7: =AX7-AU7 | AZ7: =AZ8*AY7 | BB7: =BA7-AX7 | BC7: =BC8*BB7 | BE7: =BD7-BA7 | BF7: =BF8*BE7 | BH7: =BG7-BD7 | BI7: =BI8*BH7 | BK7: =BJ7-BG7 | BL7: =BL8*BK7 | BN7: =BM7-BJ7 | BO7: =BO8*BN7 | BQ7: =BP7-BM7 | BR7: =BR8*BQ7 | BT7: =BS7-BP7 | BU7: =BU8*BT7 | BW7: =BV7-BS7 | BX7: =BX8*BW7 | BZ7: =BY7-BV7 | CA7: =CA8*BZ7 | CC7: =CB7-BY7 | CD7: =CD8*CC7
A8: Имя 2 | B8: =[1]Реестр!O2 | C8: Водоканал горячая Тариф | G8: ='[1]0. ГИРА'!G8 | J8: ='[1]0. ГИРА'!J8 | M8: ='[1]0. ГИРА'!M8 | P8: ='[1]0. ГИРА'!P8 | S8: ='[1]0. ГИРА'!S8 | V8: ='[1]0. ГИРА'!V8 | Y8: ='[1]0. ГИРА'!Y8 | AB8: ='[1]0. ГИРА'!AB8 | AE8: ='[1]0. ГИРА'!AE8 | AH8: ='[1]0. ГИРА'!AH8 | AK8: ='[1]0. ГИРА'!AK8 | AN8: ='[1]0. ГИРА'!AN8 | AQ8: ='[1]0. ГИРА'!AQ8 | AT8: ='[1]0. ГИРА'!AT8 | AW8: ='[1]0. ГИРА'!AW8 | AZ8: ='[1]0. ГИРА'!AZ8 | BC8: ='[1]0. ГИРА'!BC8 | BF8: ='[1]0. ГИРА'!BF8 | BI8: ='[1]0. ГИРА'!BI8 | BL8: ='[1]0. ГИРА'!BL8 | BO8: ='[1]0. ГИРА'!BO8 | BR8: ='[1]0. ГИРА'!BR8 | BU8: ='[1]0. ГИРА'!BU8 | BX8: ='[1]0. ГИРА'!BX8 | CA8: ='[1]0. ГИРА'!CA8 | CD8: ='[1]0. ГИРА'!CD8
A9: Контакт 2 | B9: =[1]Реестр!P2 | C9: Тепло | F9: =E9-D9 | G9: =G10*B4 | I9: =H9-E9 | J9: =J10*E3 | K9: 1234 | L9: =K9-H9 | M9: 12 | O9: =N9-K9 | P9: =P10*K3 | R9: =Q9-N9 | S9: =S10*N3 | U9: =T9-Q9 | V9: =V10*Q3 | X9: =W9-T9 | Y9: =Y10*T3 | AA9: =Z9-W9 | AB9: =AB10*W3 | AD9: =AC9-Z9 | AE9: =AE10*Z3 | AG9: =AF9-AC9 | AH9: =AH10*AC3 | AJ9: =AI9-AF9 | AK9: =AK10*AF3 | AM9: =AL9-AI9 | AN9: =AN10*AI3 | AP9: =AO9-AL9 | AQ9: =AQ10*AL3 | AS9: =AR9-AO9 | AT9: =AT10*AO3 | AV9: =AU9-AR9 | AW9: =AW10*AR3 | AY9: =AX9-AU9 | AZ9: =AZ10*AU3 | BB9: =BA9-AX9 | BC9: =BC10*AX3 | BE9: =BD9-BA9 | BF9: =BF10*BA3 | BH9: =BG9-BD9 | BI9: =BI10*BD3 | BK9: =BJ9-BG9 | BL9: =BL10*BG3 | BN9: =BM9-BJ9 | BO9: =BO10*BJ3 | BQ9: =BP9-BM9 | BR9: =BR10*BM3 | BT9: =BS9-BP9 | BU9: =BU10*BP3 | BW9: =BV9-BS9 | BX9: =BX10*BS3 | BZ9: =BY9-BV9 | CA9: =CA10*BV3 | CC9: =CB9-BY9 | CD9: =CD10*BY3
C10: Тепло тариф | G10: ='[1]0. ГИРА'!G10 | J10: ='[1]0. ГИРА'!J10 | M10: ='[1]0. ГИРА'!M10 | P10: ='[1]0. ГИРА'!P10 | S10: ='[1]0. ГИРА'!S10 | V10: ='[1]0. ГИРА'!V10 | Y10: ='[1]0. ГИРА'!Y10 | AB10: ='[1]0. ГИРА'!AB10 | AE10: ='[1]0. ГИРА'!AE10 | AH10: ='[1]0. ГИРА'!AH10 | AK10: ='[1]0. ГИРА'!AK10 | AN10: ='[1]0. ГИРА'!AN10 | AQ10: ='[1]0. ГИРА'!AQ10 | AT10: ='[1]0. ГИРА'!AT10 | AW10: ='[1]0. ГИРА'!AW10 | AZ10: ='[1]0. ГИРА'!AZ10 | BC10: ='[1]0. ГИРА'!BC10 | BF10: ='[1]0. ГИРА'!BF10 | BI10: ='[1]0. ГИРА'!BI10 | BL10: ='[1]0. ГИРА'!BL10 | BO10: ='[1]0. ГИРА'!BO10 | BR10: ='[1]0. ГИРА'!BR10 | BU10: ='[1]0. ГИРА'!BU10 | BX10: ='[1]0. ГИРА'!BX10 | CA10: ='[1]0. ГИРА'!CA10 | CD10: ='[1]0. ГИРА'!CD10
A11: Номер счетчика | B11: 123 | C11: Экспл. Услуги от УК | F11: =E11-D11 | G11: ='[1]0. ГИРА'!G12 | I11: =H11-G11 | J11: ='[1]0. ГИРА'!J12 | L11: =K11-J11 | M11: ='[1]0. ГИРА'!M12 | O11: =N11-M11 | P11: ='[1]0. ГИРА'!P12 | R11: =Q11-P11 | S11: ='[1]0. ГИРА'!S12 | U11: =T11-S11 | V11: ='[1]0. ГИРА'!V12 | X11: =W11-T11 | Y11: =Y12*T3 | AA11: =Z11-W11 | AB11: =AB12*W3 | AD11: =AC11-Z11 | AE11: =AE12*Z3 | AG11: =AF11-AC11 | AH11: =AH12*AC3 | AJ11: =AI11-AF11 | AK11: =AK12*AF3 | AM11: =AL11-AI11 | AN11: =AN12*AI3 | AP11: =AO11-AL11 | AQ11: =AQ12*AL3 | AS11: =AR11-AO11 | AT11: =AT12*AO3 | AV11: =AU11-AR11 | AW11: =AW12*AR3 | AY11: =AX11-AU11 | AZ11: =AZ12*AU3 | BB11: =BA11-AX11 | BC11: =BC12*AX3 | BE11: =BD11-BA11 | BF11: =BF12*BA3 | BH11: =BG11-BD11 | BI11: =BI12*BD3 | BK11: =BJ11-BG11 | BL11: =BL12*BG3 | BN11: =BM11-BJ11 | BO11: =BO12*BJ3 | BQ11: =BP11-BM11 | BR11: =BR12*BM3 | BT11: =BS11-BP11 | BU11: =BU12*BP3 | BW11: =BV11-BS11 | BX11: =BX12*BS3 | BZ11: =BY11-BV11 | CA11: =CA12*BV3 | CC11: =CB11-BY11 | CD11: =CD12*BY3
C12: Экспл. Услуги от УК тариф | G12: ='[1]0. ГИРА'!G12 | J12: ='[1]0. ГИРА'!J12 | M12: ='[1]0. ГИРА'!M12 | P12: ='[1]0. ГИРА'!P12 | S12: ='[1]0. ГИРА'!S12 | V12: ='[1]0. ГИРА'!V12 | Y12: ='[1]0. ГИРА'!Y12 | AB12: ='[1]0. ГИРА'!AB12 | AE12: ='[1]0. ГИРА'!AE12 | AH12: ='[1]0. ГИРА'!AH12 | AK12: ='[1]0. ГИРА'!AK12 | AN12: ='[1]0. ГИРА'!AN12 | AQ12: ='[1]0. ГИРА'!AQ12 | AT12: ='[1]0. ГИРА'!AT12 | AW12: ='[1]0. ГИРА'!AW12 | AZ12: ='[1]0. ГИРА'!AZ12 | BC12: ='[1]0. ГИРА'!BC12 | BF12: ='[1]0. ГИРА'!BF12 | BI12: ='[1]0. ГИРА'!BI12 | BL12: ='[1]0. ГИРА'!BL12 | BO12: ='[1]0. ГИРА'!BO12 | BR12: ='[1]0. ГИРА'!BR12 | BU12: ='[1]0. ГИРА'!BU12 | BX12: ='[1]0. ГИРА'!BX12 | CA12: ='[1]0. ГИРА'!CA12 | CD12: ='[1]0. ГИРА'!CD12

Sheet K120.0
A1: ИНН | B1: =[1]Реестр!D2 | C1: Месяц | D1: 45962 | E1: 45992 | F1: Потребл. | G1: 45962 | H1: 46023 | I1: Потребл. | J1: 45992 | K1: 46054 | L1: Потребл. | M1: 46023 | N1: 46082 | O1: Потребл. | P1: 46054 | Q1: 46113 | R1: Потребл. | S1: 46082 | T1: 46143 | U1: Потребл. | V1: 46113 | W1: 46174 | X1: Потребл. | Y1: 46143 | Z1: 46204 | AA1: Потребл. | AB1: 46174 | AC1: 46235 | AD1: Потребл. | AE1: 46204 | AF1: 46266 | AG1: Потребл. | AH1: 46235 | AI1: 46296 | AJ1: Потребл. | AK1: 46266 | AL1: 46327 | AM1: Потребл. | AN1: 46296 | AO1: 46357 | AP1: Потребл. | AQ1: 46327 | AR1: 46388 | AS1: Потребл. | AT1: 46357 | AU1: 46419 | AV1: Потребл. | AW1: 46388 | AX1: 46447 | AY1: Потребл. | AZ1: 46419 | BA1: 46478 | BB1: Потребл. | BC1: 46447 | BD1: 46508 | BE1: Потребл. | BF1: 46478 | BG1: 46539 | BH1: Потребл. | BI1: 46508 | BJ1: 46569 | BK1: Потребл. | BL1: 46539 | BM1: 46600 | BN1: Потребл. | BO1: 46569 | BP1: 46631 | BQ1: Потребл. | BR1: 46600 | BS1: 46661 | BT1: Потребл. | BU1: 46631 | BV1: 46692 | BW1: Потребл. | BX1: 46661 | BY1: 46722 | BZ1: Потребл. | CA1: 46692 | CB1: 46753 | CC1: Потребл. | CD1: 46722
A2: Кадастр | B2: =[2]Реестр!B2 | D2: знач. | E2: знач. | F2: знач. | G2: руб. | H2: знач. | I2: знач. | J2: руб. | K2: знач. | L2: знач. | M2: руб. | N2: знач. | O2: знач | P2: руб. | Q2: знач. | R2: знач. | S2: руб. | T2: знач. | U2: знач. | V2: руб. | W2: знач. | X2: знач. | Y2: руб. | Z2: знач. | AA2: знач. | AB2: руб. | AC2: знач. | AD2: знач. | AE2: руб. | AF2: знач. | AG2: знач. | AH2: руб. | AI2: знач. | AJ2: знач. | AK2: руб. | AL2: знач. | AM2: знач. | AN2: руб. | AO2: знач. | AP2: знач. | AQ2: руб. | AR2: знач. | AS2: знач. | AT2: руб. | AU2: знач. | AV2: знач. | AW2: руб. | AX2: знач. | AY2: знач. | AZ2: руб. | BA2: знач. | BB2: знач. | BC2: руб. | BD2: знач. | BE2: знач. | BF2: руб. | BG2: знач. | BH2: знач. | BI2: руб. | BJ2: знач. | BK2: знач. | BL2: руб. | BM2: знач. | BN2: знач. | BO2: руб. | BP2: знач. | BQ2: знач. | BR2: руб. | BS2: знач. | BT2: знач. | BU2: руб. | BV2: знач. | BW2: знач. | BX2: руб. | BY2: знач. | BZ2: знач. | CA2: руб. | CB2: знач. | CC2: знач. | CD2: руб.
A3: Арендатор | B3: =[2]Реестр!F2 | C3: Электричество | D3: 0 | E3: 0 | F3: =E3-D3 | G3: =F3*G4 | H3: 0 | I3: =H3-E3 | J3: =I3*J4 | K3: 0 | L3: =K3-H3 | M3: =L3*M4 | O3: =N3-K3 | P3: =O3*P4 | R3: =Q3-N3 | S3: =R3*S4 | U3: =T3-Q3 | V3: =U3*V4 | X3: =W3-T3 | Y3: =X3*Y4 | AA3: =Z3-W3 | AB3: =AA3*AB4 | AD3: =AC3-Z3 | AE3: =AD3*AE4 | AG3: =AF3-AC3 | AH3: =AG3*AH4 | AJ3: =AI3-AF3 | AK3: =AJ3*AK4 | AM3: =AL3-AI3 | AN3: =AM3*AN4 | AP3: =AO3-AL3 | AQ3: =AP3*AQ4 | AS3: =AR3-AO3 | AT3: =AS3*AT4 | AV3: =AU3-AR3 | AW3: =AV3*AW4 | AY3: =AX3-AU3 | AZ3: =AY3*AZ4 | BB3: =BA3-AX3 | BC3: =BB3*BC4 | BE3: =BD3-BA3 | BF3: =BE3*BF4 | BH3: =BG3-BD3 | BI3: =BH3*BI4 | BK3: =BJ3-BG3 | BL3: =BK3*BL4 | BN3: =BM3-BJ3 | BO3: =BN3*BO4 | BQ3: =BP3-BM3 | BR3: =BQ3*BR4 | BT3: =BS3-BP3 | BU3: =BT3*BU4 | BW3: =BV3-BS3 | BX3: =BW3*BX4 | BZ3: =BY3-BV3 | CA3: =BZ3*CA4 | CC3: =CB3-BY3 | CD3: =CC3*CD4
A4: Площадь | B4: =[2]Реестр!H2 | C4: Электричество тариф | G4: ='[1]0. ГИРА'!G4 | J4: ='[1]0. ГИРА'!J4 | M4: ='[1]0. ГИРА'!M4 | P4: ='[1]0. ГИРА'!P4 | S4: ='[1]0. ГИРА'!S4 | V4: ='[1]0. ГИРА'!V4 | Y4: ='[1]0. ГИРА'!Y4 | AB4: ='[1]0. ГИРА'!AB4 | AE4: ='[1]0. ГИРА'!AE4 | AH4: ='[1]0. ГИРА'!AH4 | AK4: ='[1]0. ГИРА'!AK4 | AN4: ='[1]0. ГИРА'!AN4 | AQ4: ='[1]0. ГИРА'!AQ4 | AT4: ='[1]0. ГИРА'!AT4 | AW4: ='[1]0. ГИРА'!AW4 | AZ4: ='[1]0. ГИРА'!AZ4 | BC4: ='[1]0. ГИРА'!BC4 | BF4: ='[1]0. ГИРА'!BF4 | BI4: ='[1]0. ГИРА'!BI4 | BL4: ='[1]0. ГИРА'!BL4 | BO4: ='[1]0. ГИРА'!BO4 | BR4: ='[1]0. ГИРА'!BR4 | BU4: ='[1]0. ГИРА'!BU4 | BX4: ='[1]0. ГИРА'!BX4 | CA4: ='[1]0. ГИРА'!CA4 | CD4: ='[1]0. ГИРА'!CD4
C5: Водоканал холодная вода | D5: 0 | E5: 0 | F5: =E5-D5 | H5: 0 | I5: =H5-E5 | J5: =I5*J6 | K5: 0 | L5: =K5-H5 | M5: =L5*M6 | O5: =N5-K5 | R5: =Q5-N5 | U5: =T5-Q5 | X5: =W5-T5 | AA5: =Z5-W5 | AD5: =AC5-Z5 | AG5: =AF5-AC5 | AJ5: =AI5-AF5 | AM5: =AL5-AI5 | AP5: =AO5-AL5 | AS5: =AR5-AO5 | AV5: =AU5-AR5 | AY5: =AX5-AU5 | BB5: =BA5-AX5 | BE5: =BD5-BA5 | BH5: =BG5-BD5 | BK5: =BJ5-BG5 | BN5: =BM5-BJ5 | BQ5: =BP5-BM5 | BT5: =BS5-BP5 | BW5: =BV5-BS5 | BZ5: =BY5-BV5 | CC5: =CB5-BY5
A6: Имя 1 | B6: =[1]Реестр!M2 | C6: Водоканал холодная Тариф | G6: ='[1]0. ГИРА'!G6 | J6: ='[1]0. ГИРА'!J6 | M6: ='[1]0. ГИРА'!M6 | P6: ='[1]0. ГИРА'!P6 | S6: ='[1]0. ГИРА'!S6 | V6: ='[1]0. ГИРА'!V6 | Y6: ='[1]0. ГИРА'!Y6 | AB6: ='[1]0. ГИРА'!AB6 | AE6: ='[1]0. ГИРА'!AE6 | AH6: ='[1]0. ГИРА'!AH6 | AK6: ='[1]0. ГИРА'!AK6 | AN6: ='[1]0. ГИРА'!AN6 | AQ6: ='[1]0. ГИРА'!AQ6 | AT6: ='[1]0. ГИРА'!AT6 | AW6: ='[1]0. ГИРА'!AW6 | AZ6: ='[1]0. ГИРА'!AZ6 | BC6: ='[1]0. ГИРА'!BC6 | BF6: ='[1]0. ГИРА'!BF6 | BI6: ='[1]0. ГИРА'!BI6 | BL6: ='[1]0. ГИРА'!BL6 | BO6: ='[1]0. ГИРА'!BO6 | BR6: ='[1]0. ГИРА'!BR6 | BU6: ='[1]0. ГИРА'!BU6 | BX6: ='[1]0. ГИРА'!BX6 | CA6: ='[1]0. ГИРА'!CA6 | CD6: ='[1]0. ГИРА'!CD6
A7: Контакт 1 | B7: =[1]Реестр!N2 | C7: Водоканал горячая вода | D7: 0 | E7: 0 | F7: =E7-D7 | G7: =G8*F7 | H7: 0 | I7: =H7-E7 | J7: =J8*I7 | K7: 0 | L7: =K7-H7 | M7: =M8*L7 | O7: =N7-K7 | P7: =P8*O7 | R7: =Q7-N7 | S7: =S8*R7 | U7: =T7-Q7 | V7: =V8*U7 | X7: =W7-T7 | Y7: =Y8*X7 | AA7: =Z7-W7 | AB7: =AB8*AA7 | AD7: =AC7-Z7 | AE7: =AE8*AD7 | AG7: =AF7-AC7 | AH7: =AH8*AG7 | AJ7: =AI7-AF7 | AK7: =AK8*AJ7 | AM7: =AL7-AI7 | AN7: =AN8*AM7 | AP7: =AO7-AL7 | AQ7: =AQ8*AP7 | AS7: =AR7-AO7 | AT7: =AT8*AS7 | AV7: =AU7-AR7 | AW7: =AW8*AV7 | AY7: =AX7-AU7 | AZ7: =AZ8*AY7 | BB7: =BA7-AX7 | BC7: =BC8*BB7 | BE7: =BD7-BA7 | BF7: =BF8*BE7 | BH7: =BG7-BD7 | BI7: =BI8*BH7 | BK7: =BJ7-BG7 | BL7: =BL8*BK7 | BN7: =BM7-BJ7 | BO7: =BO8*BN7 | BQ7: =BP7-BM7 | BR7: =BR8*BQ7 | BT7: =BS7-BP7 | BU7: =BU8*BT7 | BW7: =BV7-BS7 | BX7: =BX8*BW7 | BZ7: =BY7-BV7 | CA7: =CA8*BZ7 | CC7: =CB7-BY7 | CD7: =CD8*CC7
A8: Имя 2 | B8: =[1]Реестр!O2 | C8: Водоканал горячая Тариф | G8: ='[1]0. ГИРА'!G8 | J8: ='[1]0. ГИРА'!J8 | M8: ='[1]0. ГИРА'!M8 | P8: ='[1]0. ГИРА'!P8 | S8: ='[1]0. ГИРА'!S8 | V8: ='[1]0. ГИРА'!V8 | Y8: ='[1]0. ГИРА'!Y8 | AB8: ='[1]0. ГИРА'!AB8 | AE8: ='[1]0. ГИРА'!AE8 | AH8: ='[1]0. ГИРА'!AH8 | AK8: ='[1]0. ГИРА'!AK8 | AN8: ='[1]0. ГИРА'!AN8 | AQ8: ='[1]0. ГИРА'!AQ8 | AT8: ='[1]0. ГИРА'!AT8 | AW8: ='[1]0. ГИРА'!AW8 | AZ8: ='[1]0. ГИРА'!AZ8 | BC8: ='[1]0. ГИРА'!BC8 | BF8: ='[1]0. ГИРА'!BF8 | BI8: ='[1]0. ГИРА'!BI8 | BL8: ='[1]0. ГИРА'!BL8 | BO8: ='[1]0. ГИРА'!BO8 | BR8: ='[1]0. ГИРА'!BR8 | BU8: ='[1]0. ГИРА'!BU8 | BX8: ='[1]0. ГИРА'!BX8 | CA8: ='[1]0. ГИРА'!CA8 | CD8: ='[1]0. ГИРА'!CD8
A9: Контакт 2 | B9: =[1]Реестр!P2 | C9: Тепло | F9: =E9-D9 | G9: =G10*B4 | I9: =H9-E9 | J9: =J10*E3 | K9: 1234 | L9: =K9-H9 | M9: 12 | O9: =N9-K9 | P9: =P10*K3 | R9: =Q9-N9 | S9: =S10*N3 | U9: =T9-Q9 | V9: =V10*Q3 | X9: =W9-T9 | Y9: =Y10*T3 | AA9: =Z9-W9 | AB9: =AB10*W3 | AD9: =AC9-Z9 | AE9: =AE10*Z3 | AG9: =AF9-AC9 | AH9: =AH10*AC3 | AJ9: =AI9-AF9 | AK9: =AK10*AF3 | AM9: =AL9-AI9 | AN9: =AN10*AI3 | AP9: =AO9-AL9 | AQ9: =AQ10*AL3 | AS9: =AR9-AO9 | AT9: =AT10*AO3 | AV9: =AU9-AR9 | AW9: =AW10*AR3 | AY9: =AX9-AU9 | AZ9: =AZ10*AU3 | BB9: =BA9-AX9 | BC9: =BC10*AX3 | BE9: =BD9-BA9 | BF9: =BF10*BA3 | BH9: =BG9-BD9 | BI9: =BI10*BD3 | BK9: =BJ9-BG9 | BL9: =BL10*BG3 | BN9: =BM9-BJ9 | BO9: =BO10*BJ3 | BQ9: =BP9-BM9 | BR9: =BR10*BM3 | BT9: =BS9-BP9 | BU9: =BU10*BP3 | BW9: =BV9-BS9 | BX9: =BX10*BS3 | BZ9: =BY9-BV9 | CA9: =CA10*BV3 | CC9: =CB9-BY9 | CD9: =CD10*BY3
C10: Тепло тариф | G10: ='[1]0. ГИРА'!G10 | J10: ='[1]0. ГИРА'!J10 | M10: ='[1]0. ГИРА'!M10 | P10: ='[1]0. ГИРА'!P10 | S10: ='[1]0. ГИРА'!S10 | V10: ='[1]0. ГИРА'!V10 | Y10: ='[1]0. ГИРА'!Y10 | AB10: ='[1]0. ГИРА'!AB10 | AE10: ='[1]0. ГИРА'!AE10 | AH10: ='[1]0. ГИРА'!AH10 | AK10: ='[1]0. ГИРА'!AK10 | AN10: ='[1]0. ГИРА'!AN10 | AQ10: ='[1]0. ГИРА'!AQ10 | AT10: ='[1]0. ГИРА'!AT10 | AW10: ='[1]0. ГИРА'!AW10 | AZ10: ='[1]0. ГИРА'!AZ10 | BC10: ='[1]0. ГИРА'!BC10 | BF10: ='[1]0. ГИРА'!BF10 | BI10: ='[1]0. ГИРА'!BI10 | BL10: ='[1]0. ГИРА'!BL10 | BO10: ='[1]0. ГИРА'!BO10 | BR10: ='[1]0. ГИРА'!BR10 | BU10: ='[1]0. ГИРА'!BU10 | BX10: ='[1]0. ГИРА'!BX10 | CA10: ='[1]0. ГИРА'!CA10 | CD10: ='[1]0. ГИРА'!CD10
A11: Номер счетчика | B11: 34556778 | C11: Экспл. Услуги от УК | F11: =E11-D11 | G11: ='[1]0. ГИРА'!G12 | I11: =H11-G11 | J11: ='[1]0. ГИРА'!J12 | L11: =K11-J11 | M11: ='[1]0. ГИРА'!M12 | O11: =N11-M11 | P11: ='[1]0. ГИРА'!P12 | R11: =Q11-P11 | S11: ='[1]0. ГИРА'!S12 | U11: =T11-S11 | V11: ='[1]0. ГИРА'!V12 | X11: =W11-T11 | Y11: =Y12*T3 | AA11: =Z11-W11 | AB11: =AB12*W3 | AD11: =AC11-Z11 | AE11: =AE12*Z3 | AG11: =AF11-AC11 | AH11: =AH12*AC3 | AJ11: =AI11-AF11 | AK11: =AK12*AF3 | AM11: =AL11-AI11 | AN11: =AN12*AI3 | AP11: =AO11-AL11 | AQ11: =AQ12*AL3 | AS11: =AR11-AO11 | AT11: =AT12*AO3 | AV11: =AU11-AR11 | AW11: =AW12*AR3 | AY11: =AX11-AU11 | AZ11: =AZ12*AU3 | BB11: =BA11-AX11 | BC11: =BC12*AX3 | BE11: =BD11-BA11 | BF11: =BF12*BA3 | BH11: =BG11-BD11 | BI11: =BI12*BD3 | BK11: =BJ11-BG11 | BL11: =BL12*BG3 | BN11: =BM11-BJ11 | BO11: =BO12*BJ3 | BQ11: =BP11-BM11 | BR11: =BR12*BM3 | BT11: =BS11-BP11 | BU11: =BU12*BP3 | BW11: =BV11-BS11 | BX11: =BX12*BS3 | BZ11: =BY11-BV11 | CA11: =CA12*BV3 | CC11: =CB11-BY11 | CD11: =CD12*BY3
C12: Экспл. Услуги от УК тариф | G12: ='[1]0. ГИРА'!G12 | J12: ='[1]0. ГИРА'!J12 | M12: ='[1]0. ГИРА'!M12 | P12: ='[1]0. ГИРА'!P12 | S12: ='[1]0. ГИРА'!S12 | V12: ='[1]0. ГИРА'!V12 | Y12: ='[1]0. ГИРА'!Y12 | AB12: ='[1]0. ГИРА'!AB12 | AE12: ='[1]0. ГИРА'!AE12 | AH12: ='[1]0. ГИРА'!AH12 | AK12: ='[1]0. ГИРА'!AK12 | AN12: ='[1]0. ГИРА'!AN12 | AQ12: ='[1]0. ГИРА'!AQ12 | AT12: ='[1]0. ГИРА'!AT12 | AW12: ='[1]0. ГИРА'!AW12 | AZ12: ='[1]0. ГИРА'!AZ12 | BC12: ='[1]0. ГИРА'!BC12 | BF12: ='[1]0. ГИРА'!BF12 | BI12: ='[1]0. ГИРА'!BI12 | BL12: ='[1]0. ГИРА'!BL12 | BO12: ='[1]0. ГИРА'!BO12 | BR12: ='[1]0. ГИРА'!BR12 | BU12: ='[1]0. ГИРА'!BU12 | BX12: ='[1]0. ГИРА'!BX12 | CA12: ='[1]0. ГИРА'!CA12 | CD12: ='[1]0. ГИРА'!CD12

Sheet K130.0
A1: ИНН | B1: =[1]Реестр!D2 | C1: Месяц | D1: 45962 | E1: 45992 | F1: Потребл. | G1: 45962 | H1: 46023 | I1: Потребл. | J1: 45992 | K1: 46054 | L1: Потребл. | M1: 46023 | N1: 46082 | O1: Потребл. | P1: 46054 | Q1: 46113 | R1: Потребл. | S1: 46082 | T1: 46143 | U1: Потребл. | V1: 46113 | W1: 46174 | X1: Потребл. | Y1: 46143 | Z1: 46204 | AA1: Потребл. | AB1: 46174 | AC1: 46235 | AD1: Потребл. | AE1: 46204 | AF1: 46266 | AG1: Потребл. | AH1: 46235 | AI1: 46296 | AJ1: Потребл. | AK1: 46266 | AL1: 46327 | AM1: Потребл. | AN1: 46296 | AO1: 46357 | AP1: Потребл. | AQ1: 46327 | AR1: 46388 | AS1: Потребл. | AT1: 46357 | AU1: 46419 | AV1: Потребл. | AW1: 46388 | AX1: 46447 | AY1: Потребл. | AZ1: 46419 | BA1: 46478 | BB1: Потребл. | BC1: 46447 | BD1: 46508 | BE1: Потребл. | BF1: 46478 | BG1: 46539 | BH1: Потребл. | BI1: 46508 | BJ1: 46569 | BK1: Потребл. | BL1: 46539 | BM1: 46600 | BN1: Потребл. | BO1: 46569 | BP1: 46631 | BQ1: Потребл. | BR1: 46600 | BS1: 46661 | BT1: Потребл. | BU1: 46631 | BV1: 46692 | BW1: Потребл. | BX1: 46661 | BY1: 46722 | BZ1: Потребл. | CA1: 46692 | CB1: 46753 | CC1: Потребл. | CD1: 46722
A2: Кадастр | B2: =[2]Реестр!B2 | D2: знач. | E2: знач. | F2: знач. | G2: руб. | H2: знач. | I2: знач. | J2: руб. | K2: знач. | L2: знач. | M2: руб. | N2: знач. | O2: знач | P2: руб. | Q2: знач. | R2: знач. | S2: руб. | T2: знач. | U2: знач. | V2: руб. | W2: знач. | X2: знач. | Y2: руб. | Z2: знач. | AA2: знач. | AB2: руб. | AC2: знач. | AD2: знач. | AE2: руб. | AF2: знач. | AG2: знач. | AH2: руб. | AI2: знач. | AJ2: знач. | AK2: руб. | AL2: знач. | AM2: знач. | AN2: руб. | AO2: знач. | AP2: знач. | AQ2: руб. | AR2: знач. | AS2: знач. | AT2: руб. | AU2: знач. | AV2: знач. | AW2: руб. | AX2: знач. | AY2: знач. | AZ2: руб. | BA2: знач. | BB2: знач. | BC2: руб. | BD2: знач. | BE2: знач. | BF2: руб. | BG2: знач. | BH2: знач. | BI2: руб. | BJ2: знач. | BK2: знач. | BL2: руб. | BM2: знач. | BN2: знач. | BO2: руб. | BP2: знач. | BQ2: знач. | BR2: руб. | BS2: знач. | BT2: знач. | BU2: руб. | BV2: знач. | BW2: знач. | BX2: руб. | BY2: знач. | BZ2: знач. | CA2: руб. | CB2: знач. | CC2: знач. | CD2: руб.
A3: Арендатор | B3: =[2]Реестр!F2 | C3: Электричество | D3: 0 | E3: 0 | F3: =E3-D3 | G3: =F3*G4 | H3: 0 | I3: =H3-E3 | J3: =I3*J4 | K3: 0 | L3: =K3-H3 | M3: =L3*M4 | O3: =N3-K3 | P3: =O3*P4 | R3: =Q3-N3 | S3: =R3*S4 | U3: =T3-Q3 | V3: =U3*V4 | X3: =W3-T3 | Y3: =X3*Y4 | AA3: =Z3-W3 | AB3: =AA3*AB4 | AD3: =AC3-Z3 | AE3: =AD3*AE4 | AG3: =AF3-AC3 | AH3: =AG3*AH4 | AJ3: =AI3-AF3 | AK3: =AJ3*AK4 | AM3: =AL3-AI3 | AN3: =AM3*AN4 | AP3: =AO3-AL3 | AQ3: =AP3*AQ4 | AS3: =AR3-AO3 | AT3: =AS3*AT4 | AV3: =AU3-AR3 | AW3: =AV3*AW4 | AY3: =AX3-AU3 | AZ3: =AY3*AZ4 | BB3: =BA3-AX3 | BC3: =BB3*BC4 | BE3: =BD3-BA3 | BF3: =BE3*BF4 | BH3: =BG3-BD3 | BI3: =BH3*BI4 | BK3: =BJ3-BG3 | BL3: =BK3*BL4 | BN3: =BM3-BJ3 | BO3: =BN3*BO4 | BQ3: =BP3-BM3 | BR3: =BQ3*BR4 | BT3: =BS3-BP3 | BU3: =BT3*BU4 | BW3: =BV3-BS3 | BX3: =BW3*BX4 | BZ3: =BY3-BV3 | CA3: =BZ3*CA4 | CC3: =CB3-BY3 | CD3: =CC3*CD4
A4: Площадь | B4: =[2]Реестр!H2 | C4: Электричество тариф | G4: ='[1]0. ГИРА'!G4 | J4: ='[1]0. ГИРА'!J4 | M4: ='[1]0. ГИРА'!M4 | P4: ='[1]0. ГИРА'!P4 | S4: ='[1]0. ГИРА'!S4 | V4: ='[1]0. ГИРА'!V4 | Y4: ='[1]0. ГИРА'!Y4 | AB4: ='[1]0. ГИРА'!AB4 | AE4: ='[1]0. ГИРА'!AE4 | AH4: ='[1]0. ГИРА'!AH4 | AK4: ='[1]0. ГИРА'!AK4 | AN4: ='[1]0. ГИРА'!AN4 | AQ4: ='[1]0. ГИРА'!AQ4 | AT4: ='[1]0. ГИРА'!AT4 | AW4: ='[1]0. ГИРА'!AW4 | AZ4: ='[1]0. ГИРА'!AZ4 | BC4: ='[1]0. ГИРА'!BC4 | BF4: ='[1]0. ГИРА'!BF4 | BI4: ='[1]0. ГИРА'!BI4 | BL4: ='[1]0. ГИРА'!BL4 | BO4: ='[1]0. ГИРА'!BO4 | BR4: ='[1]0. ГИРА'!BR4 | BU4: ='[1]0. ГИРА'!BU4 | BX4: ='[1]0. ГИРА'!BX4 | CA4: ='[1]0. ГИРА'!CA4 | CD4: ='[1]0. ГИРА'!CD4
C5: Водоканал холодная вода | D5: 0 | E5: 0 | F5: =E5-D5 | H5: 0 | I5: =H5-E5 | J5: =I5*J6 | K5: 0 | L5: =K5-H5 | M5: =L5*M6 | O5: =N5-K5 | R5: =Q5-N5 | U5: =T5-Q5 | X5: =W5-T5 | AA5: =Z5-W5 | AD5: =AC5-Z5 | AG5: =AF5-AC5 | AJ5: =AI5-AF5 | AM5: =AL5-AI5 | AP5: =AO5-AL5 | AS5: =AR5-AO5 | AV5: =AU5-AR5 | AY5: =AX5-AU5 | BB5: =BA5-AX5 | BE5: =BD5-BA5 | BH5: =BG5-BD5 | BK5: =BJ5-BG5 | BN5: =BM5-BJ5 | BQ5: =BP5-BM5 | BT5: =BS5-BP5 | BW5: =BV5-BS5 | BZ5: =BY5-BV5 | CC5: =CB5-BY5
A6: Имя 1 | B6: =[1]Реестр!M2 | C6: Водоканал холодная Тариф | G6: ='[1]0. ГИРА'!G6 | J6: ='[1]0. ГИРА'!J6 | M6: ='[1]0. ГИРА'!M6 | P6: ='[1]0. ГИРА'!P6 | S6: ='[1]0. ГИРА'!S6 | V6: ='[1]0. ГИРА'!V6 | Y6: ='[1]0. ГИРА'!Y6 | AB6: ='[1]0. ГИРА'!AB6 | AE6: ='[1]0. ГИРА'!AE6 | AH6: ='[1]0. ГИРА'!AH6 | AK6: ='[1]0. ГИРА'!AK6 | AN6: ='[1]0. ГИРА'!AN6 | AQ6: ='[1]0. ГИРА'!AQ6 | AT6: ='[1]0. ГИРА'!AT6 | AW6: ='[1]0. ГИРА'!AW6 | AZ6: ='[1]0. ГИРА'!AZ6 | BC6: ='[1]0. ГИРА'!BC6 | BF6: ='[1]0. ГИРА'!BF6 | BI6: ='[1]0. ГИРА'!BI6 | BL6: ='[1]0. ГИРА'!BL6 | BO6: ='[1]0. ГИРА'!BO6 | BR6: ='[1]0. ГИРА'!BR6 | BU6: ='[1]0. ГИРА'!BU6 | BX6: ='[1]0. ГИРА'!BX6 | CA6: ='[1]0. ГИРА'!CA6 | CD6: ='[1]0. ГИРА'!CD6
A7: Контакт 1 | B7: =[1]Реестр!N2 | C7: Водоканал горячая вода | D7: 0 | E7: 0 | F7: =E7-D7 | G7: =G8*F7 | H7: 0 | I7: =H7-E7 | J7: =J8*I7 | K7: 0 | L7: =K7-H7 | M7: =M8*L7 | O7: =N7-K7 | P7: =P8*O7 | R7: =Q7-N7 | S7: =S8*R7 | U7: =T7-Q7 | V7: =V8*U7 | X7: =W7-T7 | Y7: =Y8*X7 | AA7: =Z7-W7 | AB7: =AB8*AA7 | AD7: =AC7-Z7 | AE7: =AE8*AD7 | AG7: =AF7-AC7 | AH7: =AH8*AG7 | AJ7: =AI7-AF7 | AK7: =AK8*AJ7 | AM7: =AL7-AI7 | AN7: =AN8*AM7 | AP7: =AO7-AL7 | AQ7: =AQ8*AP7 | AS7: =AR7-AO7 | AT7: =AT8*AS7 | AV7: =AU7-AR7 | AW7: =AW8*AV7 | AY7: =AX7-AU7 | AZ7: =AZ8*AY7 | BB7: =BA7-AX7 | BC7: =BC8*BB7 | BE7: =BD7-BA7 | BF7: =BF8*BE7 | BH7: =BG7-BD7 | BI7: =BI8*BH7 | BK7: =BJ7-BG7 | BL7: =BL8*BK7 | BN7: =BM7-BJ7 | BO7: =BO8*BN7 | BQ7: =BP7-BM7 | BR7: =BR8*BQ7 | BT7: =BS7-BP7 | BU7: =BU8*BT7 | BW7: =BV7-BS7 | BX7: =BX8*BW7 | BZ7: =BY7-BV7 | CA7: =CA8*BZ7 | CC7: =CB7-BY7 | CD7: =CD8*CC7
A8: Имя 2 | B8: =[1]Реестр!O2 | C8: Водоканал горячая Тариф | G8: ='[1]0. ГИРА'!G8 | J8: ='[1]0. ГИРА'!J8 | M8: ='[1]0. ГИРА'!M8 | P8: ='[1]0. ГИРА'!P8 | S8: ='[1]0. ГИРА'!S8 | V8: ='[1]0. ГИРА'!V8 | Y8: ='[1]0. ГИРА'!Y8 | AB8: ='[1]0. ГИРА'!AB8 | AE8: ='[1]0. ГИРА'!AE8 | AH8: ='[1]0. ГИРА'!AH8 | AK8: ='[1]0. ГИРА'!AK8 | AN8: ='[1]0. ГИРА'!AN8 | AQ8: ='[1]0. ГИРА'!AQ8 | AT8: ='[1]0. ГИРА'!AT8 | AW8: ='[1]0. ГИРА'!AW8 | AZ8: ='[1]0. ГИРА'!AZ8 | BC8: ='[1]0. ГИРА'!BC8 | BF8: ='[1]0. ГИРА'!BF8 | BI8: ='[1]0. ГИРА'!BI8 | BL8: ='[1]0. ГИРА'!BL8 | BO8: ='[1]0. ГИРА'!BO8 | BR8: ='[1]0. ГИРА'!BR8 | BU8: ='[1]0. ГИРА'!BU8 | BX8: ='[1]0. ГИРА'!BX8 | CA8: ='[1]0. ГИРА'!CA8 | CD8: ='[1]0. ГИРА'!CD8
A9: Контакт 2 | B9: =[1]Реестр!P2 | C9: Тепло | F9: =E9-D9 | G9: =G10*B4 | I9: =H9-E9 | J9: =J10*E3 | K9: 1234 | L9: =K9-H9 | M9: 12 | O9: =N9-K9 | P9: =P10*K3 | R9: =Q9-N9 | S9: =S10*N3 | U9: =T9-Q9 | V9: =V10*Q3 | X9: =W9-T9 | Y9: =Y10*T3 | AA9: =Z9-W9 | AB9: =AB10*W3 | AD9: =AC9-Z9 | AE9: =AE10*Z3 | AG9: =AF9-AC9 | AH9: =AH10*AC3 | AJ9: =AI9-AF9 | AK9: =AK10*AF3 | AM9: =AL9-AI9 | AN9: =AN10*AI3 | AP9: =AO9-AL9 | AQ9: =AQ10*AL3 | AS9: =AR9-AO9 | AT9: =AT10*AO3 | AV9: =AU9-AR9 | AW9: =AW10*AR3 | AY9: =AX9-AU9 | AZ9: =AZ10*AU3 | BB9: =BA9-AX9 | BC9: =BC10*AX3 | BE9: =BD9-BA9 | BF9: =BF10*BA3 | BH9: =BG9-BD9 | BI9: =BI10*BD3 | BK9: =BJ9-BG9 | BL9: =BL10*BG3 | BN9: =BM9-BJ9 | BO9: =BO10*BJ3 | BQ9: =BP9-BM9 | BR9: =BR10*BM3 | BT9: =BS9-BP9 | BU9: =BU10*BP3 | BW9: =BV9-BS9 | BX9: =BX10*BS3 | BZ9: =BY9-BV9 | CA9: =CA10*BV3 | CC9: =CB9-BY9 | CD9: =CD10*BY3
C10: Тепло тариф | G10: ='[1]0. ГИРА'!G10 | J10: ='[1]0. ГИРА'!J10 | M10: ='[1]0. ГИРА'!M10 | P10: ='[1]0. ГИРА'!P10 | S10: ='[1]0. ГИРА'!S10 | V10: ='[1]0. ГИРА'!V10 | Y10: ='[1]0. ГИРА'!Y10 | AB10: ='[1]0. ГИРА'!AB10 | AE10: ='[1]0. ГИРА'!AE10 | AH10: ='[1]0. ГИРА'!AH10 | AK10: ='[1]0. ГИРА'!AK10 | AN10: ='[1]0. ГИРА'!AN10 | AQ10: ='[1]0. ГИРА'!AQ10 | AT10: ='[1]0. ГИРА'!AT10 | AW10: ='[1]0. ГИРА'!AW10 | AZ10: ='[1]0. ГИРА'!AZ10 | BC10: ='[1]0. ГИРА'!BC10 | BF10: ='[1]0. ГИРА'!BF10 | BI10: ='[1]0. ГИРА'!BI10 | BL10: ='[1]0. ГИРА'!BL10 | BO10: ='[1]0. ГИРА'!BO10 | BR10: ='[1]0. ГИРА'!BR10 | BU10: ='[1]0. ГИРА'!BU10 | BX10: ='[1]0. ГИРА'!BX10 | CA10: ='[1]0. ГИРА'!CA10 | CD10: ='[1]0. ГИРА'!CD10
A11: Номер счетчика | C11: Экспл. Услуги от УК | F11: =E11-D11 | G11: ='[1]0. ГИРА'!G12 | I11: =H11-G11 | J11: ='[1]0. ГИРА'!J12 | L11: =K11-J11 | M11: ='[1]0. ГИРА'!M12 | O11: =N11-M11 | P11: ='[1]0. ГИРА'!P12 | R11: =Q11-P11 | S11: ='[1]0. ГИРА'!S12 | U11: =T11-S11 | V11: ='[1]0. ГИРА'!V12 | X11: =W11-T11 | Y11: =Y12*T3 | AA11: =Z11-W11 | AB11: =AB12*W3 | AD11: =AC11-Z11 | AE11: =AE12*Z3 | AG11: =AF11-AC11 | AH11: =AH12*AC3 | AJ11: =AI11-AF11 | AK11: =AK12*AF3 | AM11: =AL11-AI11 | AN11: =AN12*AI3 | AP11: =AO11-AL11 | AQ11: =AQ12*AL3 | AS11: =AR11-AO11 | AT11: =AT12*AO3 | AV11: =AU11-AR11 | AW11: =AW12*AR3 | AY11: =AX11-AU11 | AZ11: =AZ12*AU3 | BB11: =BA11-AX11 | BC11: =BC12*AX3 | BE11: =BD11-BA11 | BF11: =BF12*BA3 | BH11: =BG11-BD11 | BI11: =BI12*BD3 | BK11: =BJ11-BG11 | BL11: =BL12*BG3 | BN11: =BM11-BJ11 | BO11: =BO12*BJ3 | BQ11: =BP11-BM11 | BR11: =BR12*BM3 | BT11: =BS11-BP11 | BU11: =BU12*BP3 | BW11: =BV11-BS11 | BX11: =BX12*BS3 | BZ11: =BY11-BV11 | CA11: =CA12*BV3 | CC11: =CB11-BY11 | CD11: =CD12*BY3
C12: Экспл. Услуги от УК тариф | G12: ='[1]0. ГИРА'!G12 | J12: ='[1]0. ГИРА'!J12 | M12: ='[1]0. ГИРА'!M12 | P12: ='[1]0. ГИРА'!P12 | S12: ='[1]0. ГИРА'!S12 | V12: ='[1]0. ГИРА'!V12 | Y12: ='[1]0. ГИРА'!Y12 | AB12: ='[1]0. ГИРА'!AB12 | AE12: ='[1]0. ГИРА'!AE12 | AH12: ='[1]0. ГИРА'!AH12 | AK12: ='[1]0. ГИРА'!AK12 | AN12: ='[1]0. ГИРА'!AN12 | AQ12: ='[1]0. ГИРА'!AQ12 | AT12: ='[1]0. ГИРА'!AT12 | AW12: ='[1]0. ГИРА'!AW12 | AZ12: ='[1]0. ГИРА'!AZ12 | BC12: ='[1]0. ГИРА'!BC12 | BF12: ='[1]0. ГИРА'!BF12 | BI12: ='[1]0. ГИРА'!BI12 | BL12: ='[1]0. ГИРА'!BL12 | BO12: ='[1]0. ГИРА'!BO12 | BR12: ='[1]0. ГИРА'!BR12 | BU12: ='[1]0. ГИРА'!BU12 | BX12: ='[1]0. ГИРА'!BX12 | CA12: ='[1]0. ГИРА'!CA12 | CD12: ='[1]0. ГИРА'!CD12

Sheet K2324.0
A1: ИНН | B1: =[1]Реестр!D2 | C1: Месяц | D1: 45962 | E1: 45992 | F1: Потребл. | G1: 45962 | H1: 46023 | I1: Потребл. | J1: 45992 | K1: 46054 | L1: Потребл. | M1: 46023 | N1: 46082 | O1: Потребл. | P1: 46054 | Q1: 46113 | R1: Потребл. | S1: 46082 | T1: 46143 | U1: Потребл. | V1: 46113 | W1: 46174 | X1: Потребл. | Y1: 46143 | Z1: 46204 | AA1: Потребл. | AB1: 46174 | AC1: 46235 | AD1: Потребл. | AE1: 46204 | AF1: 46266 | AG1: Потребл. | AH1: 46235 | AI1: 46296 | AJ1: Потребл. | AK1: 46266 | AL1: 46327 | AM1: Потребл. | AN1: 46296 | AO1: 46357 | AP1: Потребл. | AQ1: 46327 | AR1: 46388 | AS1: Потребл. | AT1: 46357 | AU1: 46419 | AV1: Потребл. | AW1: 46388 | AX1: 46447 | AY1: Потребл. | AZ1: 46419 | BA1: 46478 | BB1: Потребл. | BC1: 46447 | BD1: 46508 | BE1: Потребл. | BF1: 46478 | BG1: 46539 | BH1: Потребл. | BI1: 46508 | BJ1: 46569 | BK1: Потребл. | BL1: 46539 | BM1: 46600 | BN1: Потребл. | BO1: 46569 | BP1: 46631 | BQ1: Потребл. | BR1: 46600 | BS1: 46661 | BT1: Потребл. | BU1: 46631 | BV1: 46692 | BW1: Потребл. | BX1: 46661 | BY1: 46722 | BZ1: Потребл. | CA1: 46692 | CB1: 46753 | CC1: Потребл. | CD1: 46722
A2: Кадастр | B2: =[2]Реестр!B2 | D2: знач. | E2: знач. | F2: знач. | G2: руб. | H2: знач. | I2: знач. | J2: руб. | K2: знач. | L2: знач. | M2: руб. | N2: знач. | O2: знач | P2: руб. | Q2: знач. | R2: знач. | S2: руб. | T2: знач. | U2: знач. | V2: руб. | W2: знач. | X2: знач. | Y2: руб. | Z2: знач. | AA2: знач. | AB2: руб. | AC2: знач. | AD2: знач. | AE2: руб. | AF2: знач. | AG2: знач. | AH2: руб. | AI2: знач. | AJ2: знач. | AK2: руб. | AL2: знач. | AM2: знач. | AN2: руб. | AO2: знач. | AP2: знач. | AQ2: руб. | AR2: знач. | AS2: знач. | AT2: руб. | AU2: знач. | AV2: знач. | AW2: руб. | AX2: знач. | AY2: знач. | AZ2: руб. | BA2: знач. | BB2: знач. | BC2: руб. | BD2: знач. | BE2: знач. | BF2: руб. | BG2: знач. | BH2: знач. | BI2: руб. | BJ2: знач. | BK2: знач. | BL2: руб. | BM2: знач. | BN2: знач. | BO2: руб. | BP2: знач. | BQ2: знач. | BR2: руб. | BS2: знач. | BT2: знач. | BU2: руб. | BV2: знач. | BW2: знач. | BX2: руб. | BY2: знач. | BZ2: знач. | CA2: руб. | CB2: знач. | CC2: знач. | CD2: руб.
A3: Арендатор | B3: =[2]Реестр!F2 | C3: Электричество | D3: 0 | E3: 0 | F3: =E3-D3 | G3: =F3*G4 | H3: 0 | I3: =H3-E3 | J3: =I3*J4 | K3: 0 | L3: =K3-H3 | M3: =L3*M4 | O3: =N3-K3 | P3: =O3*P4 | R3: =Q3-N3 | S3: =R3*S4 | U3: =T3-Q3 | V3: =U3*V4 | X3: =W3-T3 | Y3: =X3*Y4 | AA3: =Z3-W3 | AB3: =AA3*AB4 | AD3: =AC3-Z3 | AE3: =AD3*AE4 | AG3: =AF3-AC3 | AH3: =AG3*AH4 | AJ3: =AI3-AF3 | AK3: =AJ3*AK4 | AM3: =AL3-AI3 | AN3: =AM3*AN4 | AP3: =AO3-AL3 | AQ3: =AP3*AQ4 | AS3: =AR3-AO3 | AT3: =AS3*AT4 | AV3: =AU3-AR3 | AW3: =AV3*AW4 | AY3: =AX3-AU3 | AZ3: =AY3*AZ4 | BB3: =BA3-AX3 | BC3: =BB3*BC4 | BE3: =BD3-BA3 | BF3: =BE3*BF4 | BH3: =BG3-BD3 | BI3: =BH3*BI4 | BK3: =BJ3-BG3 | BL3: =BK3*BL4 | BN3: =BM3-BJ3 | BO3: =BN3*BO4 | BQ3: =BP3-BM3 | BR3: =BQ3*BR4 | BT3: =BS3-BP3 | BU3: =BT3*BU4 | BW3: =BV3-BS3 | BX3: =BW3*BX4 | BZ3: =BY3-BV3 | CA3: =BZ3*CA4 | CC3: =CB3-BY3 | CD3: =CC3*CD4
A4: Площадь | B4: =[2]Реестр!H2 | C4: Электричество тариф | G4: ='[1]0. ГИРА'!G4 | J4: ='[1]0. ГИРА'!J4 | M4: ='[1]0. ГИРА'!M4 | P4: ='[1]0. ГИРА'!P4 | S4: ='[1]0. ГИРА'!S4 | V4: ='[1]0. ГИРА'!V4 | Y4: ='[1]0. ГИРА'!Y4 | AB4: ='[1]0. ГИРА'!AB4 | AE4: ='[1]0. ГИРА'!AE4 | AH4: ='[1]0. ГИРА'!AH4 | AK4: ='[1]0. ГИРА'!AK4 | AN4: ='[1]0. ГИРА'!AN4 | AQ4: ='[1]0. ГИРА'!AQ4 | AT4: ='[1]0. ГИРА'!AT4 | AW4: ='[1]0. ГИРА'!AW4 | AZ4: ='[1]0. ГИРА'!AZ4 | BC4: ='[1]0. ГИРА'!BC4 | BF4: ='[1]0. ГИРА'!BF4 | BI4: ='[1]0. ГИРА'!BI4 | BL4: ='[1]0. ГИРА'!BL4 | BO4: ='[1]0. ГИРА'!BO4 | BR4: ='[1]0. ГИРА'!BR4 | BU4: ='[1]0. ГИРА'!BU4 | BX4: ='[1]0. ГИРА'!BX4 | CA4: ='[1]0. ГИРА'!CA4 | CD4: ='[1]0. ГИРА'!CD4
C5: Водоканал холодная вода | D5: 0 | E5: 0 | F5: =E5-D5 | H5: 0 | I5: =H5-E5 | J5: =I5*J6 | K5: 0 | L5: =K5-H5 | M5: =L5*M6 | O5: =N5-K5 | R5: =Q5-N5 | U5: =T5-Q5 | X5: =W5-T5 | AA5: =Z5-W5 | AD5: =AC5-Z5 | AG5: =AF5-AC5 | AJ5: =AI5-AF5 | AM5: =AL5-AI5 | AP5: =AO5-AL5 | AS5: =AR5-AO5 | AV5: =AU5-AR5 | AY5: =AX5-AU5 | BB5: =BA5-AX5 | BE5: =BD5-BA5 | BH5: =BG5-BD5 | BK5: =BJ5-BG5 | BN5: =BM5-BJ5 | BQ5: =BP5-BM5 | BT5: =BS5-BP5 | BW5: =BV5-BS5 | BZ5: =BY5-BV5 | CC5: =CB5-BY5
A6: Имя 1 | B6: =[1]Реестр!M2 | C6: Водоканал холодная Тариф | G6: ='[1]0. ГИРА'!G6 | J6: ='[1]0. ГИРА'!J6 | M6: ='[1]0. ГИРА'!M6 | P6: ='[1]0. ГИРА'!P6 | S6: ='[1]0. ГИРА'!S6 | V6: ='[1]0. ГИРА'!V6 | Y6: ='[1]0. ГИРА'!Y6 | AB6: ='[1]0. ГИРА'!AB6 | AE6: ='[1]0. ГИРА'!AE6 | AH6: ='[1]0. ГИРА'!AH6 | AK6: ='[1]0. ГИРА'!AK6 | AN6: ='[1]0. ГИРА'!AN6 | AQ6: ='[1]0. ГИРА'!AQ6 | AT6: ='[1]0. ГИРА'!AT6 | AW6: ='[1]0. ГИРА'!AW6 | AZ6: ='[1]0. ГИРА'!AZ6 | BC6: ='[1]0. ГИРА'!BC6 | BF6: ='[1]0. ГИРА'!BF6 | BI6: ='[1]0. ГИРА'!BI6 | BL6: ='[1]0. ГИРА'!BL6 | BO6: ='[1]0. ГИРА'!BO6 | BR6: ='[1]0. ГИРА'!BR6 | BU6: ='[1]0. ГИРА'!BU6 | BX6: ='[1]0. ГИРА'!BX6 | CA6: ='[1]0. ГИРА'!CA6 | CD6: ='[1]0. ГИРА'!CD6
A7: Контакт 1 | B7: =[1]Реестр!N2 | C7: Водоканал горячая вода | D7: 0 | E7: 0 | F7: =E7-D7 | G7: =G8*F7 | H7: 0 | I7: =H7-E7 | J7: =J8*I7 | K7: 0 | L7: =K7-H7 | M7: =M8*L7 | O7: =N7-K7 | P7: =P8*O7 | R7: =Q7-N7 | S7: =S8*R7 | U7: =T7-Q7 | V7: =V8*U7 | X7: =W7-T7 | Y7: =Y8*X7 | AA7: =Z7-W7 | AB7: =AB8*AA7 | AD7: =AC7-Z7 | AE7: =AE8*AD7 | AG7: =AF7-AC7 | AH7: =AH8*AG7 | AJ7: =AI7-AF7 | AK7: =AK8*AJ7 | AM7: =AL7-AI7 | AN7: =AN8*AM7 | AP7: =AO7-AL7 | AQ7: =AQ8*AP7 | AS7: =AR7-AO7 | AT7: =AT8*AS7 | AV7: =AU7-AR7 | AW7: =AW8*AV7 | AY7: =AX7-AU7 | AZ7: =AZ8*AY7 | BB7: =BA7-AX7 | BC7: =BC8*BB7 | BE7: =BD7-BA7 | BF7: =BF8*BE7 | BH7: =BG7-BD7 | BI7: =BI8*BH7 | BK7: =BJ7-BG7 | BL7: =BL8*BK7 | BN7: =BM7-BJ7 | BO7: =BO8*BN7 | BQ7: =BP7-BM7 | BR7: =BR8*BQ7 | BT7: =BS7-BP7 | BU7: =BU8*BT7 | BW7: =BV7-BS7 | BX7: =BX8*BW7 | BZ7: =BY7-BV7 | CA7: =CA8*BZ7 | CC7: =CB7-BY7 | CD7: =CD8*CC7
A8: Имя 2 | B8: =[1]Реестр!O2 | C8: Водоканал горячая Тариф | G8: ='[1]0. ГИРА'!G8 | J8: ='[1]0. ГИРА'!J8 | M8: ='[1]0. ГИРА'!M8 | P8: ='[1]0. ГИРА'!P8 | S8: ='[1]0. ГИРА'!S8 | V8: ='[1]0. ГИРА'!V8 | Y8: ='[1]0. ГИРА'!Y8 | AB8: ='[1]0. ГИРА'!AB8 | AE8: ='[1]0. ГИРА'!AE8 | AH8: ='[1]0. ГИРА'!AH8 | AK8: ='[1]0. ГИРА'!AK8 | AN8: ='[1]0. ГИРА'!AN8 | AQ8: ='[1]0. ГИРА'!AQ8 | AT8: ='[1]0. ГИРА'!AT8 | AW8: ='[1]0. ГИРА'!AW8 | AZ8: ='[1]0. ГИРА'!AZ8 | BC8: ='[1]0. ГИРА'!BC8 | BF8: ='[1]0. ГИРА'!BF8 | BI8: ='[1]0. ГИРА'!BI8 | BL8: ='[1]0. ГИРА'!BL8 | BO8: ='[1]0. ГИРА'!BO8 | BR8: ='[1]0. ГИРА'!BR8 | BU8: ='[1]0. ГИРА'!BU8 | BX8: ='[1]0. ГИРА'!BX8 | CA8: ='[1]0. ГИРА'!CA8 | CD8: ='[1]0. ГИРА'!CD8
A9: Контакт 2 | B9: =[1]Реестр!P2 | C9: Тепло | F9: =E9-D9 | G9: =G10*B4 | I9: =H9-E9 | J9: =J10*E3 | L9: =K9-H9 | M9: =M10*$B4 | O9: =N9-K9 | P9: =P10*K3 | R9: =Q9-N9 | S9: =S10*N3 | U9: =T9-Q9 | V9: =V10*Q3 | X9: =W9-T9 | Y9: =Y10*T3 | AA9: =Z9-W9 | AB9: =AB10*W3 | AD9: =AC9-Z9 | AE9: =AE10*Z3 | AG9: =AF9-AC9 | AH9: =AH10*AC3 | AJ9: =AI9-AF9 | AK9: =AK10*AF3 | AM9: =AL9-AI9 | AN9: =AN10*AI3 | AP9: =AO9-AL9 | AQ9: =AQ10*AL3 | AS9: =AR9-AO9 | AT9: =AT10*AO3 | AV9: =AU9-AR9 | AW9: =AW10*AR3 | AY9: =AX9-AU9 | AZ9: =AZ10*AU3 | BB9: =BA9-AX9 | BC9: =BC10*AX3 | BE9: =BD9-BA9 | BF9: =BF10*BA3 | BH9: =BG9-BD9 | BI9: =BI10*BD3 | BK9: =BJ9-BG9 | BL9: =BL10*BG3 | BN9: =BM9-BJ9 | BO9: =BO10*BJ3 | BQ9: =BP9-BM9 | BR9: =BR10*BM3 | BT9: =BS9-BP9 | BU9: =BU10*BP3 | BW9: =BV9-BS9 | BX9: =BX10*BS3 | BZ9: =BY9-BV9 | CA9: =CA10*BV3 | CC9: =CB9-BY9 | CD9: =CD10*BY3
C10: Тепло тариф | G10: ='[1]0. ГИРА'!G10 | J10: ='[1]0. ГИРА'!J10 | M10: ='[1]0. ГИРА'!M10 | P10: ='[1]0. ГИРА'!P10 | S10: ='[1]0. ГИРА'!S10 | V10: ='[1]0. ГИРА'!V10 | Y10: ='[1]0. ГИРА'!Y10 | AB10: ='[1]0. ГИРА'!AB10 | AE10: ='[1]0. ГИРА'!AE10 | AH10: ='[1]0. ГИРА'!AH10 | AK10: ='[1]0. ГИРА'!AK10 | AN10: ='[1]0. ГИРА'!AN10 | AQ10: ='[1]0. ГИРА'!AQ10 | AT10: ='[1]0. ГИРА'!AT10 | AW10: ='[1]0. ГИРА'!AW10 | AZ10: ='[1]0. ГИРА'!AZ10 | BC10: ='[1]0. ГИРА'!BC10 | BF10: ='[1]0. ГИРА'!BF10 | BI10: ='[1]0. ГИРА'!BI10 | BL10: ='[1]0. ГИРА'!BL10 | BO10: ='[1]0. ГИРА'!BO10 | BR10: ='[1]0. ГИРА'!BR10 | BU10: ='[1]0. ГИРА'!BU10 | BX10: ='[1]0. ГИРА'!BX10 | CA10: ='[1]0. ГИРА'!CA10 | CD10: ='[1]0. ГИРА'!CD10
A11: Номер счетчика | C11: Экспл. Услуги от УК | F11: =E11-D11 | G11: ='[1]0. ГИРА'!G12 | I11: =H11-G11 | J11: ='[1]0. ГИРА'!J12 | L11: =K11-J11 | M11: ='[1]0. ГИРА'!M12 | O11: =N11-M11 | P11: ='[1]0. ГИРА'!P12 | R11: =Q11-P11 | S11: ='[1]0. ГИРА'!S12 | U11: =T11-S11 | V11: ='[1]0. ГИРА'!V12 | X11: =W11-T11 | Y11: =Y12*T3 | AA11: =Z11-W11 | AB11: =AB12*W3 | AD11: =AC11-Z11 | AE11: =AE12*Z3 | AG11: =AF11-AC11 | AH11: =AH12*AC3 | AJ11: =AI11-AF11 | AK11: =AK12*AF3 | AM11: =AL11-AI11 | AN11: =AN12*AI3 | AP11: =AO11-AL11 | AQ11: =AQ12*AL3 | AS11: =AR11-AO11 | AT11: =AT12*AO3 | AV11: =AU11-AR11 | AW11: =AW12*AR3 | AY11: =AX11-AU11 | AZ11: =AZ12*AU3 | BB11: =BA11-AX11 | BC11: =BC12*AX3 | BE11: =BD11-BA11 | BF11: =BF12*BA3 | BH11: =BG11-BD11 | BI11: =BI12*BD3 | BK11: =BJ11-BG11 | BL11: =BL12*BG3 | BN11: =BM11-BJ11 | BO11: =BO12*BJ3 | BQ11: =BP11-BM11 | BR11: =BR12*BM3 | BT11: =BS11-BP11 | BU11: =BU12*BP3 | BW11: =BV11-BS11 | BX11: =BX12*BS3 | BZ11: =BY11-BV11 | CA11: =CA12*BV3 | CC11: =CB11-BY11 | CD11: =CD12*BY3
C12: Экспл. Услуги от УК тариф | G12: ='[1]0. ГИРА'!G12 | J12: ='[1]0. ГИРА'!J12 | M12: ='[1]0. ГИРА'!M12 | P12: ='[1]0. ГИРА'!P12 | S12: ='[1]0. ГИРА'!S12 | V12: ='[1]0. ГИРА'!V12 | Y12: ='[1]0. ГИРА'!Y12 | AB12: ='[1]0. ГИРА'!AB12 | AE12: ='[1]0. ГИРА'!AE12 | AH12: ='[1]0. ГИРА'!AH12 | AK12: ='[1]0. ГИРА'!AK12 | AN12: ='[1]0. ГИРА'!AN12 | AQ12: ='[1]0. ГИРА'!AQ12 | AT12: ='[1]0. ГИРА'!AT12 | AW12: ='[1]0. ГИРА'!AW12 | AZ12: ='[1]0. ГИРА'!AZ12 | BC12: ='[1]0. ГИРА'!BC12 | BF12: ='[1]0. ГИРА'!BF12 | BI12: ='[1]0. ГИРА'!BI12 | BL12: ='[1]0. ГИРА'!BL12 | BO12: ='[1]0. ГИРА'!BO12 | BR12: ='[1]0. ГИРА'!BR12 | BU12: ='[1]0. ГИРА'!BU12 | BX12: ='[1]0. ГИРА'!BX12 | CA12: ='[1]0. ГИРА'!CA12 | CD12: ='[1]0. ГИРА'!CD12

Sheet K4332.0
A1: ИНН | B1: =[1]Реестр!D2 | C1: Месяц | D1: 45962 | E1: 45992 | F1: Потребл. | G1: 45962 | H1: 46023 | I1: Потребл. | J1: 45992 | K1: 46054 | L1: Потребл. | M1: 46023 | N1: 46082 | O1: Потребл. | P1: 46054 | Q1: 46113 | R1: Потребл. | S1: 46082 | T1: 46143 | U1: Потребл. | V1: 46113 | W1: 46174 | X1: Потребл. | Y1: 46143 | Z1: 46204 | AA1: Потребл. | AB1: 46174 | AC1: 46235 | AD1: Потребл. | AE1: 46204 | AF1: 46266 | AG1: Потребл. | AH1: 46235 | AI1: 46296 | AJ1: Потребл. | AK1: 46266 | AL1: 46327 | AM1: Потребл. | AN1: 46296 | AO1: 46357 | AP1: Потребл. | AQ1: 46327 | AR1: 46388 | AS1: Потребл. | AT1: 46357 | AU1: 46419 | AV1: Потребл. | AW1: 46388 | AX1: 46447 | AY1: Потребл. | AZ1: 46419 | BA1: 46478 | BB1: Потребл. | BC1: 46447 | BD1: 46508 | BE1: Потребл. | BF1: 46478 | BG1: 46539 | BH1: Потребл. | BI1: 46508 | BJ1: 46569 | BK1: Потребл. | BL1: 46539 | BM1: 46600 | BN1: Потребл. | BO1: 46569 | BP1: 46631 | BQ1: Потребл. | BR1: 46600 | BS1: 46661 | BT1: Потребл. | BU1: 46631 | BV1: 46692 | BW1: Потребл. | BX1: 46661 | BY1: 46722 | BZ1: Потребл. | CA1: 46692 | CB1: 46753 | CC1: Потребл. | CD1: 46722
A2: Кадастр | B2: =[2]Реестр!B2 | D2: знач. | E2: знач. | F2: знач. | G2: руб. | H2: знач. | I2: знач. | J2: руб. | K2: знач. | L2: знач. | M2: руб. | N2: знач. | O2: знач | P2: руб. | Q2: знач. | R2: знач. | S2: руб. | T2: знач. | U2: знач. | V2: руб. | W2: знач. | X2: знач. | Y2: руб. | Z2: знач. | AA2: знач. | AB2: руб. | AC2: знач. | AD2: знач. | AE2: руб. | AF2: знач. | AG2: знач. | AH2: руб. | AI2: знач. | AJ2: знач. | AK2: руб. | AL2: знач. | AM2: знач. | AN2: руб. | AO2: знач. | AP2: знач. | AQ2: руб. | AR2: знач. | AS2: знач. | AT2: руб. | AU2: знач. | AV2: знач. | AW2: руб. | AX2: знач. | AY2: знач. | AZ2: руб. | BA2: знач. | BB2: знач. | BC2: руб. | BD2: знач. | BE2: знач. | BF2: руб. | BG2: знач. | BH2: знач. | BI2: руб. | BJ2: знач. | BK2: знач. | BL2: руб. | BM2: знач. | BN2: знач. | BO2: руб. | BP2: знач. | BQ2: знач. | BR2: руб. | BS2: знач. | BT2: знач. | BU2: руб. | BV2: знач. | BW2: знач. | BX2: руб. | BY2: знач. | BZ2: знач. | CA2: руб. | CB2: знач. | CC2: знач. | CD2: руб.
A3: Арендатор | B3: =[2]Реестр!F2 | C3: Электричество | D3: 0 | E3: 0 | F3: =E3-D3 | G3: =F3*G4 | H3: 0 | I3: =H3-E3 | J3: =I3*J4 | K3: 0 | L3: =K3-H3 | M3: =L3*M4 | O3: =N3-K3 | P3: =O3*P4 | R3: =Q3-N3 | S3: =R3*S4 | U3: =T3-Q3 | V3: =U3*V4 | X3: =W3-T3 | Y3: =X3*Y4 | AA3: =Z3-W3 | AB3: =AA3*AB4 | AD3: =AC3-Z3 | AE3: =AD3*AE4 | AG3: =AF3-AC3 | AH3: =AG3*AH4 | AJ3: =AI3-AF3 | AK3: =AJ3*AK4 | AM3: =AL3-AI3 | AN3: =AM3*AN4 | AP3: =AO3-AL3 | AQ3: =AP3*AQ4 | AS3: =AR3-AO3 | AT3: =AS3*AT4 | AV3: =AU3-AR3 | AW3: =AV3*AW4 | AY3: =AX3-AU3 | AZ3: =AY3*AZ4 | BB3: =BA3-AX3 | BC3: =BB3*BC4 | BE3: =BD3-BA3 | BF3: =BE3*BF4 | BH3: =BG3-BD3 | BI3: =BH3*BI4 | BK3: =BJ3-BG3 | BL3: =BK3*BL4 | BN3: =BM3-BJ3 | BO3: =BN3*BO4 | BQ3: =BP3-BM3 | BR3: =BQ3*BR4 | BT3: =BS3-BP3 | BU3: =BT3*BU4 | BW3: =BV3-BS3 | BX3: =BW3*BX4 | BZ3: =BY3-BV3 | CA3: =BZ3*CA4 | CC3: =CB3-BY3 | CD3: =CC3*CD4
A4: Площадь | B4: =[2]Реестр!H2 | C4: Электричество тариф | G4: ='[1]0. ГИРА'!G4 | J4: ='[1]0. ГИРА'!J4 | M4: ='[1]0. ГИРА'!M4 | P4: ='[1]0. ГИРА'!P4 | S4: ='[1]0. ГИРА'!S4 | V4: ='[1]0. ГИРА'!V4 | Y4: ='[1]0. ГИРА'!Y4 | AB4: ='[1]0. ГИРА'!AB4 | AE4: ='[1]0. ГИРА'!AE4 | AH4: ='[1]0. ГИРА'!AH4 | AK4: ='[1]0. ГИРА'!AK4 | AN4: ='[1]0. ГИРА'!AN4 | AQ4: ='[1]0. ГИРА'!AQ4 | AT4: ='[1]0. ГИРА'!AT4 | AW4: ='[1]0. ГИРА'!AW4 | AZ4: ='[1]0. ГИРА'!AZ4 | BC4: ='[1]0. ГИРА'!BC4 | BF4: ='[1]0. ГИРА'!BF4 | BI4: ='[1]0. ГИРА'!BI4 | BL4: ='[1]0. ГИРА'!BL4 | BO4: ='[1]0. ГИРА'!BO4 | BR4: ='[1]0. ГИРА'!BR4 | BU4: ='[1]0. ГИРА'!BU4 | BX4: ='[1]0. ГИРА'!BX4 | CA4: ='[1]0. ГИРА'!CA4 | CD4: ='[1]0. ГИРА'!CD4
C5: Водоканал холодная вода | D5: 0 | E5: 0 | F5: =E5-D5 | H5: 0 | I5: =H5-E5 | J5: =I5*J6 | K5: 0 | L5: =K5-H5 | M5: =L5*M6 | O5: =N5-K5 | R5: =Q5-N5 | U5: =T5-Q5 | X5: =W5-T5 | AA5: =Z5-W5 | AD5: =AC5-Z5 | AG5: =AF5-AC5 | AJ5: =AI5-AF5 | AM5: =AL5-AI5 | AP5: =AO5-AL5 | AS5: =AR5-AO5 | AV5: =AU5-AR5 | AY5: =AX5-AU5 | BB5: =BA5-AX5 | BE5: =BD5-BA5 | BH5: =BG5-BD5 | BK5: =BJ5-BG5 | BN5: =BM5-BJ5 | BQ5: =BP5-BM5 | BT5: =BS5-BP5 | BW5: =BV5-BS5 | BZ5: =BY5-BV5 | CC5: =CB5-BY5
A6: Имя 1 | B6: =[1]Реестр!M2 | C6: Водоканал холодная Тариф | G6: ='[1]0. ГИРА'!G6 | J6: ='[1]0. ГИРА'!J6 | M6: ='[1]0. ГИРА'!M6 | P6: ='[1]0. ГИРА'!P6 | S6: ='[1]0. ГИРА'!S6 | V6: ='[1]0. ГИРА'!V6 | Y6: ='[1]0. ГИРА'!Y6 | AB6: ='[1]0. ГИРА'!AB6 | AE6: ='[1]0. ГИРА'!AE6 | AH6: ='[1]0. ГИРА'!AH6 | AK6: ='[1]0. ГИРА'!AK6 | AN6: ='[1]0. ГИРА'!AN6 | AQ6: ='[1]0. ГИРА'!AQ6 | AT6: ='[1]0. ГИРА'!AT6 | AW6: ='[1]0. ГИРА'!AW6 | AZ6: ='[1]0. ГИРА'!AZ6 | BC6: ='[1]0. ГИРА'!BC6 | BF6: ='[1]0. ГИРА'!BF6 | BI6: ='[1]0. ГИРА'!BI6 | BL6: ='[1]0. ГИРА'!BL6 | BO6: ='[1]0. ГИРА'!BO6 | BR6: ='[1]0. ГИРА'!BR6 | BU6: ='[1]0. ГИРА'!BU6 | BX6: ='[1]0. ГИРА'!BX6 | CA6: ='[1]0. ГИРА'!CA6 | CD6: ='[1]0. ГИРА'!CD6
A7: Контакт 1 | B7: =[1]Реестр!N2 | C7: Водоканал горячая вода | D7: 0 | E7: 0 | F7: =E7-D7 | G7: =G8*F7 | H7: 0 | I7: =H7-E7 | J7: =J8*I7 | K7: 0 | L7: =K7-H7 | M7: =M8*L7 | O7: =N7-K7 | P7: =P8*O7 | R7: =Q7-N7 | S7: =S8*R7 | U7: =T7-Q7 | V7: =V8*U7 | X7: =W7-T7 | Y7: =Y8*X7 | AA7: =Z7-W7 | AB7: =AB8*AA7 | AD7: =AC7-Z7 | AE7: =AE8*AD7 | AG7: =AF7-AC7 | AH7: =AH8*AG7 | AJ7: =AI7-AF7 | AK7: =AK8*AJ7 | AM7: =AL7-AI7 | AN7: =AN8*AM7 | AP7: =AO7-AL7 | AQ7: =AQ8*AP7 | AS7: =AR7-AO7 | AT7: =AT8*AS7 | AV7: =AU7-AR7 | AW7: =AW8*AV7 | AY7: =AX7-AU7 | AZ7: =AZ8*AY7 | BB7: =BA7-AX7 | BC7: =BC8*BB7 | BE7: =BD7-BA7 | BF7: =BF8*BE7 | BH7: =BG7-BD7 | BI7: =BI8*BH7 | BK7: =BJ7-BG7 | BL7: =BL8*BK7 | BN7: =BM7-BJ7 | BO7: =BO8*BN7 | BQ7: =BP7-BM7 | BR7: =BR8*BQ7 | BT7: =BS7-BP7 | BU7: =BU8*BT7 | BW7: =BV7-BS7 | BX7: =BX8*BW7 | BZ7: =BY7-BV7 | CA7: =CA8*BZ7 | CC7: =CB7-BY7 | CD7: =CD8*CC7
A8: Имя 2 | B8: =[1]Реестр!O2 | C8: Водоканал горячая Тариф | G8: ='[1]0. ГИРА'!G8 | J8: ='[1]0. ГИРА'!J8 | M8: ='[1]0. ГИРА'!M8 | P8: ='[1]0. ГИРА'!P8 | S8: ='[1]0. ГИРА'!S8 | V8: ='[1]0. ГИРА'!V8 | Y8: ='[1]0. ГИРА'!Y8 | AB8: ='[1]0. ГИРА'!AB8 | AE8: ='[1]0. ГИРА'!AE8 | AH8: ='[1]0. ГИРА'!AH8 | AK8: ='[1]0. ГИРА'!AK8 | AN8: ='[1]0. ГИРА'!AN8 | AQ8: ='[1]0. ГИРА'!AQ8 | AT8: ='[1]0. ГИРА'!AT8 | AW8: ='[1]0. ГИРА'!AW8 | AZ8: ='[1]0. ГИРА'!AZ8 | BC8: ='[1]0. ГИРА'!BC8 | BF8: ='[1]0. ГИРА'!BF8 | BI8: ='[1]0. ГИРА'!BI8 | BL8: ='[1]0. ГИРА'!BL8 | BO8: ='[1]0. ГИРА'!BO8 | BR8: ='[1]0. ГИРА'!BR8 | BU8: ='[1]0. ГИРА'!BU8 | BX8: ='[1]0. ГИРА'!BX8 | CA8: ='[1]0. ГИРА'!CA8 | CD8: ='[1]0. ГИРА'!CD8
A9: Контакт 2 | B9: =[1]Реестр!P2 | C9: Тепло | F9: =E9-D9 | G9: =G10*B4 | I9: =H9-E9 | J9: =J10*E3 | L9: =K9-H9 | M9: =M10*$B4 | O9: =N9-K9 | P9: =P10*K3 | R9: =Q9-N9 | S9: =S10*N3 | U9: =T9-Q9 | V9: =V10*Q3 | X9: =W9-T9 | Y9: =Y10*T3 | AA9: =Z9-W9 | AB9: =AB10*W3 | AD9: =AC9-Z9 | AE9: =AE10*Z3 | AG9: =AF9-AC9 | AH9: =AH10*AC3 | AJ9: =AI9-AF9 | AK9: =AK10*AF3 | AM9: =AL9-AI9 | AN9: =AN10*AI3 | AP9: =AO9-AL9 | AQ9: =AQ10*AL3 | AS9: =AR9-AO9 | AT9: =AT10*AO3 | AV9: =AU9-AR9 | AW9: =AW10*AR3 | AY9: =AX9-AU9 | AZ9: =AZ10*AU3 | BB9: =BA9-AX9 | BC9: =BC10*AX3 | BE9: =BD9-BA9 | BF9: =BF10*BA3 | BH9: =BG9-BD9 | BI9: =BI10*BD3 | BK9: =BJ9-BG9 | BL9: =BL10*BG3 | BN9: =BM9-BJ9 | BO9: =BO10*BJ3 | BQ9: =BP9-BM9 | BR9: =BR10*BM3 | BT9: =BS9-BP9 | BU9: =BU10*BP3 | BW9: =BV9-BS9 | BX9: =BX10*BS3 | BZ9: =BY9-BV9 | CA9: =CA10*BV3 | CC9: =CB9-BY9 | CD9: =CD10*BY3
C10: Тепло тариф | G10: ='[1]0. ГИРА'!G10 | J10: ='[1]0. ГИРА'!J10 | M10: ='[1]0. ГИРА'!M10 | P10: ='[1]0. ГИРА'!P10 | S10: ='[1]0. ГИРА'!S10 | V10: ='[1]0. ГИРА'!V10 | Y10: ='[1]0. ГИРА'!Y10 | AB10: ='[1]0. ГИРА'!AB10 | AE10: ='[1]0. ГИРА'!AE10 | AH10: ='[1]0. ГИРА'!AH10 | AK10: ='[1]0. ГИРА'!AK10 | AN10: ='[1]0. ГИРА'!AN10 | AQ10: ='[1]0. ГИРА'!AQ10 | AT10: ='[1]0. ГИРА'!AT10 | AW10: ='[1]0. ГИРА'!AW10 | AZ10: ='[1]0. ГИРА'!AZ10 | BC10: ='[1]0. ГИРА'!BC10 | BF10: ='[1]0. ГИРА'!BF10 | BI10: ='[1]0. ГИРА'!BI10 | BL10: ='[1]0. ГИРА'!BL10 | BO10: ='[1]0. ГИРА'!BO10 | BR10: ='[1]0. ГИРА'!BR10 | BU10: ='[1]0. ГИРА'!BU10 | BX10: ='[1]0. ГИРА'!BX10 | CA10: ='[1]0. ГИРА'!CA10 | CD10: ='[1]0. ГИРА'!CD10
A11: Номер счетчика | C11: Экспл. Услуги от УК | F11: =E11-D11 | G11: ='[1]0. ГИРА'!G12 | I11: =H11-G11 | J11: ='[1]0. ГИРА'!J12 | L11: =K11-J11 | M11: ='[1]0. ГИРА'!M12 | O11: =N11-M11 | P11: ='[1]0. ГИРА'!P12 | R11: =Q11-P11 | S11: ='[1]0. ГИРА'!S12 | U11: =T11-S11 | V11: ='[1]0. ГИРА'!V12 | X11: =W11-T11 | Y11: =Y12*T3 | AA11: =Z11-W11 | AB11: =AB12*W3 | AD11: =AC11-Z11 | AE11: =AE12*Z3 | AG11: =AF11-AC11 | AH11: =AH12*AC3 | AJ11: =AI11-AF11 | AK11: =AK12*AF3 | AM11: =AL11-AI11 | AN11: =AN12*AI3 | AP11: =AO11-AL11 | AQ11: =AQ12*AL3 | AS11: =AR11-AO11 | AT11: =AT12*AO3 | AV11: =AU11-AR11 | AW11: =AW12*AR3 | AY11: =AX11-AU11 | AZ11: =AZ12*AU3 | BB11: =BA11-AX11 | BC11: =BC12*AX3 | BE11: =BD11-BA11 | BF11: =BF12*BA3 | BH11: =BG11-BD11 | BI11: =BI12*BD3 | BK11: =BJ11-BG11 | BL11: =BL12*BG3 | BN11: =BM11-BJ11 | BO11: =BO12*BJ3 | BQ11: =BP11-BM11 | BR11: =BR12*BM3 | BT11: =BS11-BP11 | BU11: =BU12*BP3 | BW11: =BV11-BS11 | BX11: =BX12*BS3 | BZ11: =BY11-BV11 | CA11: =CA12*BV3 | CC11: =CB11-BY11 | CD11: =CD12*BY3
C12: Экспл. Услуги от УК тариф | G12: ='[1]0. ГИРА'!G12 | J12: ='[1]0. ГИРА'!J12 | M12: ='[1]0. ГИРА'!M12 | P12: ='[1]0. ГИРА'!P12 | S12: ='[1]0. ГИРА'!S12 | V12: ='[1]0. ГИРА'!V12 | Y12: ='[1]0. ГИРА'!Y12 | AB12: ='[1]0. ГИРА'!AB12 | AE12: ='[1]0. ГИРА'!AE12 | AH12: ='[1]0. ГИРА'!AH12 | AK12: ='[1]0. ГИРА'!AK12 | AN12: ='[1]0. ГИРА'!AN12 | AQ12: ='[1]0. ГИРА'!AQ12 | AT12: ='[1]0. ГИРА'!AT12 | AW12: ='[1]0. ГИРА'!AW12 | AZ12: ='[1]0. ГИРА'!AZ12 | BC12: ='[1]0. ГИРА'!BC12 | BF12: ='[1]0. ГИРА'!BF12 | BI12: ='[1]0. ГИРА'!BI12 | BL12: ='[1]0. ГИРА'!BL12 | BO12: ='[1]0. ГИРА'!BO12 | BR12: ='[1]0. ГИРА'!BR12 | BU12: ='[1]0. ГИРА'!BU12 | BX12: ='[1]0. ГИРА'!BX12 | CA12: ='[1]0. ГИРА'!CA12 | CD12: ='[1]0. ГИРА'!CD12

Sheet K777.0
A1: ИНН | B1: =[1]Реестр!D2 | C1: Месяц | D1: 45962 | E1: 45992 | F1: Потребл. | G1: 45962 | H1: 46023 | I1: Потребл. | J1: 45992 | K1: 46054 | L1: Потребл. | M1: 46023 | N1: 46082 | O1: Потребл. | P1: 46054 | Q1: 46113 | R1: Потребл. | S1: 46082 | T1: 46143 | U1: Потребл. | V1: 46113 | W1: 46174 | X1: Потребл. | Y1: 46143 | Z1: 46204 | AA1: Потребл. | AB1: 46174 | AC1: 46235 | AD1: Потребл. | AE1: 46204 | AF1: 46266 | AG1: Потребл. | AH1: 46235 | AI1: 46296 | AJ1: Потребл. | AK1: 46266 | AL1: 46327 | AM1: Потребл. | AN1: 46296 | AO1: 46357 | AP1: Потребл. | AQ1: 46327 | AR1: 46388 | AS1: Потребл. | AT1: 46357 | AU1: 46419 | AV1: Потребл. | AW1: 46388 | AX1: 46447 | AY1: Потребл. | AZ1: 46419 | BA1: 46478 | BB1: Потребл. | BC1: 46447 | BD1: 46508 | BE1: Потребл. | BF1: 46478 | BG1: 46539 | BH1: Потребл. | BI1: 46508 | BJ1: 46569 | BK1: Потребл. | BL1: 46539 | BM1: 46600 | BN1: Потребл. | BO1: 46569 | BP1: 46631 | BQ1: Потребл. | BR1: 46600 | BS1: 46661 | BT1: Потребл. | BU1: 46631 | BV1: 46692 | BW1: Потребл. | BX1: 46661 | BY1: 46722 | BZ1: Потребл. | CA1: 46692 | CB1: 46753 | CC1: Потребл. | CD1: 46722
A2: Кадастр | B2: =[2]Реестр!B2 | D2: знач. | E2: знач. | F2: знач. | G2: руб. | H2: знач. | I2: знач. | J2: руб. | K2: знач. | L2: знач. | M2: руб. | N2: знач. | O2: знач | P2: руб. | Q2: знач. | R2: знач. | S2: руб. | T2: знач. | U2: знач. | V2: руб. | W2: знач. | X2: знач. | Y2: руб. | Z2: знач. | AA2: знач. | AB2: руб. | AC2: знач. | AD2: знач. | AE2: руб. | AF2: знач. | AG2: знач. | AH2: руб. | AI2: знач. | AJ2: знач. | AK2: руб. | AL2: знач. | AM2: знач. | AN2: руб. | AO2: знач. | AP2: знач. | AQ2: руб. | AR2: знач. | AS2: знач. | AT2: руб. | AU2: знач. | AV2: знач. | AW2: руб. | AX2: знач. | AY2: знач. | AZ2: руб. | BA2: знач. | BB2: знач. | BC2: руб. | BD2: знач. | BE2: знач. | BF2: руб. | BG2: знач. | BH2: знач. | BI2: руб. | BJ2: знач. | BK2: знач. | BL2: руб. | BM2: знач. | BN2: знач. | BO2: руб. | BP2: знач. | BQ2: знач. | BR2: руб. | BS2: знач. | BT2: знач. | BU2: руб. | BV2: знач. | BW2: знач. | BX2: руб. | BY2: знач. | BZ2: знач. | CA2: руб. | CB2: знач. | CC2: знач. | CD2: руб.
A3: Арендатор | B3: =[2]Реестр!F2 | C3: Электричество | D3: 0 | E3: 0 | F3: =E3-D3 | G3: =F3*G4 | H3: 0 | I3: =H3-E3 | J3: =I3*J4 | K3: 0 | L3: =K3-H3 | M3: =L3*M4 | O3: =N3-K3 | P3: =O3*P4 | R3: =Q3-N3 | S3: =R3*S4 | U3: =T3-Q3 | V3: =U3*V4 | X3: =W3-T3 | Y3: =X3*Y4 | AA3: =Z3-W3 | AB3: =AA3*AB4 | AD3: =AC3-Z3 | AE3: =AD3*AE4 | AG3: =AF3-AC3 | AH3: =AG3*AH4 | AJ3: =AI3-AF3 | AK3: =AJ3*AK4 | AM3: =AL3-AI3 | AN3: =AM3*AN4 | AP3: =AO3-AL3 | AQ3: =AP3*AQ4 | AS3: =AR3-AO3 | AT3: =AS3*AT4 | AV3: =AU3-AR3 | AW3: =AV3*AW4 | AY3: =AX3-AU3 | AZ3: =AY3*AZ4 | BB3: =BA3-AX3 | BC3: =BB3*BC4 | BE3: =BD3-BA3 | BF3: =BE3*BF4 | BH3: =BG3-BD3 | BI3: =BH3*BI4 | BK3: =BJ3-BG3 | BL3: =BK3*BL4 | BN3: =BM3-BJ3 | BO3: =BN3*BO4 | BQ3: =BP3-BM3 | BR3: =BQ3*BR4 | BT3: =BS3-BP3 | BU3: =BT3*BU4 | BW3: =BV3-BS3 | BX3: =BW3*BX4 | BZ3: =BY3-BV3 | CA3: =BZ3*CA4 | CC3: =CB3-BY3 | CD3: =CC3*CD4
A4: Площадь | B4: =[2]Реестр!H2 | C4: Электричество тариф | G4: ='[1]0. ГИРА'!G4 | J4: ='[1]0. ГИРА'!J4 | M4: ='[1]0. ГИРА'!M4 | P4: ='[1]0. ГИРА'!P4 | S4: ='[1]0. ГИРА'!S4 | V4: ='[1]0. ГИРА'!V4 | Y4: ='[1]0. ГИРА'!Y4 | AB4: ='[1]0. ГИРА'!AB4 | AE4: ='[1]0. ГИРА'!AE4 | AH4: ='[1]0. ГИРА'!AH4 | AK4: ='[1]0. ГИРА'!AK4 | AN4: ='[1]0. ГИРА'!AN4 | AQ4: ='[1]0. ГИРА'!AQ4 | AT4: ='[1]0. ГИРА'!AT4 | AW4: ='[1]0. ГИРА'!AW4 | AZ4: ='[1]0. ГИРА'!AZ4 | BC4: ='[1]0. ГИРА'!BC4 | BF4: ='[1]0. ГИРА'!BF4 | BI4: ='[1]0. ГИРА'!BI4 | BL4: ='[1]0. ГИРА'!BL4 | BO4: ='[1]0. ГИРА'!BO4 | BR4: ='[1]0. ГИРА'!BR4 | BU4: ='[1]0. ГИРА'!BU4 | BX4: ='[1]0. ГИРА'!BX4 | CA4: ='[1]0. ГИРА'!CA4 | CD4: ='[1]0. ГИРА'!CD4
C5: Водоканал холодная вода | D5: 0 | E5: 0 | F5: =E5-D5 | H5: 0 | I5: =H5-E5 | J5: =I5*J6 | K5: 0 | L5: =K5-H5 | M5: =L5*M6 | O5: =N5-K5 | R5: =Q5-N5 | U5: =T5-Q5 | X5: =W5-T5 | AA5: =Z5-W5 | AD5: =AC5-Z5 | AG5: =AF5-AC5 | AJ5: =AI5-AF5 | AM5: =AL5-AI5 | AP5: =AO5-AL5 | AS5: =AR5-AO5 | AV5: =AU5-AR5 | AY5: =AX5-AU5 | BB5: =BA5-AX5 | BE5: =BD5-BA5 | BH5: =BG5-BD5 | BK5: =BJ5-BG5 | BN5: =BM5-BJ5 | BQ5: =BP5-BM5 | BT5: =BS5-BP5 | BW5: =BV5-BS5 | BZ5: =BY5-BV5 | CC5: =CB5-BY5
A6: Имя 1 | B6: =[1]Реестр!M2 | C6: Водоканал холодная Тариф | G6: ='[1]0. ГИРА'!G6 | J6: ='[1]0. ГИРА'!J6 | M6: ='[1]0. ГИРА'!M6 | P6: ='[1]0. ГИРА'!P6 | S6: ='[1]0. ГИРА'!S6 | V6: ='[1]0. ГИРА'!V6 | Y6: ='[1]0. ГИРА'!Y6 | AB6: ='[1]0. ГИРА'!AB6 | AE6: ='[1]0. ГИРА'!AE6 | AH6: ='[1]0. ГИРА'!AH6 | AK6: ='[1]0. ГИРА'!AK6 | AN6: ='[1]0. ГИРА'!AN6 | AQ6: ='[1]0. ГИРА'!AQ6 | AT6: ='[1]0. ГИРА'!AT6 | AW6: ='[1]0. ГИРА'!AW6 | AZ6: ='[1]0. ГИРА'!AZ6 | BC6: ='[1]0. ГИРА'!BC6 | BF6: ='[1]0. ГИРА'!BF6 | BI6: ='[1]0. ГИРА'!BI6 | BL6: ='[1]0. ГИРА'!BL6 | BO6: ='[1]0. ГИРА'!BO6 | BR6: ='[1]0. ГИРА'!BR6 | BU6: ='[1]0. ГИРА'!BU6 | BX6: ='[1]0. ГИРА'!BX6 | CA6: ='[1]0. ГИРА'!CA6 | CD6: ='[1]0. ГИРА'!CD6
A7: Контакт 1 | B7: =[1]Реестр!N2 | C7: Водоканал горячая вода | D7: 0 | E7: 0 | F7: =E7-D7 | G7: =G8*F7 | H7: 0 | I7: =H7-E7 | J7: =J8*I7 | K7: 0 | L7: =K7-H7 | M7: =M8*L7 | O7: =N7-K7 | P7: =P8*O7 | R7: =Q7-N7 | S7: =S8*R7 | U7: =T7-Q7 | V7: =V8*U7 | X7: =W7-T7 | Y7: =Y8*X7 | AA7: =Z7-W7 | AB7: =AB8*AA7 | AD7: =AC7-Z7 | AE7: =AE8*AD7 | AG7: =AF7-AC7 | AH7: =AH8*AG7 | AJ7: =AI7-AF7 | AK7: =AK8*AJ7 | AM7: =AL7-AI7 | AN7: =AN8*AM7 | AP7: =AO7-AL7 | AQ7: =AQ8*AP7 | AS7: =AR7-AO7 | AT7: =AT8*AS7 | AV7: =AU7-AR7 | AW7: =AW8*AV7 | AY7: =AX7-AU7 | AZ7: =AZ8*AY7 | BB7: =BA7-AX7 | BC7: =BC8*BB7 | BE7: =BD7-BA7 | BF7: =BF8*BE7 | BH7: =BG7-BD7 | BI7: =BI8*BH7 | BK7: =BJ7-BG7 | BL7: =BL8*BK7 | BN7: =BM7-BJ7 | BO7: =BO8*BN7 | BQ7: =BP7-BM7 | BR7: =BR8*BQ7 | BT7: =BS7-BP7 | BU7: =BU8*BT7 | BW7: =BV7-BS7 | BX7: =BX8*BW7 | BZ7: =BY7-BV7 | CA7: =CA8*BZ7 | CC7: =CB7-BY7 | CD7: =CD8*CC7
A8: Имя 2 | B8: =[1]Реестр!O2 | C8: Водоканал горячая Тариф | G8: ='[1]0. ГИРА'!G8 | J8: ='[1]0. ГИРА'!J8 | M8: ='[1]0. ГИРА'!M8 | P8: ='[1]0. ГИРА'!P8 | S8: ='[1]0. ГИРА'!S8 | V8: ='[1]0. ГИРА'!V8 | Y8: ='[1]0. ГИРА'!Y8 | AB8: ='[1]0. ГИРА'!AB8 | AE8: ='[1]0. ГИРА'!AE8 | AH8: ='[1]0. ГИРА'!AH8 | AK8: ='[1]0. ГИРА'!AK8 | AN8: ='[1]0. ГИРА'!AN8 | AQ8: ='[1]0. ГИРА'!AQ8 | AT8: ='[1]0. ГИРА'!AT8 | AW8: ='[1]0. ГИРА'!AW8 | AZ8: ='[1]0. ГИРА'!AZ8 | BC8: ='[1]0. ГИРА'!BC8 | BF8: ='[1]0. ГИРА'!BF8 | BI8: ='[1]0. ГИРА'!BI8 | BL8: ='[1]0. ГИРА'!BL8 | BO8: ='[1]0. ГИРА'!BO8 | BR8: ='[1]0. ГИРА'!BR8 | BU8: ='[1]0. ГИРА'!BU8 | BX8: ='[1]0. ГИРА'!BX8 | CA8: ='[1]0. ГИРА'!CA8 | CD8: ='[1]0. ГИРА'!CD8
A9: Контакт 2 | B9: =[1]Реестр!P2 | C9: Тепло | F9: =E9-D9 | G9: =G10*B4 | I9: =H9-E9 | J9: =J10*E3 | L9: =K9-H9 | M9: =M10*$B4 | O9: =N9-K9 | P9: =P10*K3 | R9: =Q9-N9 | S9: =S10*N3 | U9: =T9-Q9 | V9: =V10*Q3 | X9: =W9-T9 | Y9: =Y10*T3 | AA9: =Z9-W9 | AB9: =AB10*W3 | AD9: =AC9-Z9 | AE9: =AE10*Z3 | AG9: =AF9-AC9 | AH9: =AH10*AC3 | AJ9: =AI9-AF9 | AK9: =AK10*AF3 | AM9: =AL9-AI9 | AN9: =AN10*AI3 | AP9: =AO9-AL9 | AQ9: =AQ10*AL3 | AS9: =AR9-AO9 | AT9: =AT10*AO3 | AV9: =AU9-AR9 | AW9: =AW10*AR3 | AY9: =AX9-AU9 | AZ9: =AZ10*AU3 | BB9: =BA9-AX9 | BC9: =BC10*AX3 | BE9: =BD9-BA9 | BF9: =BF10*BA3 | BH9: =BG9-BD9 | BI9: =BI10*BD3 | BK9: =BJ9-BG9 | BL9: =BL10*BG3 | BN9: =BM9-BJ9 | BO9: =BO10*BJ3 | BQ9: =BP9-BM9 | BR9: =BR10*BM3 | BT9: =BS9-BP9 | BU9: =BU10*BP3 | BW9: =BV9-BS9 | BX9: =BX10*BS3 | BZ9: =BY9-BV9 | CA9: =CA10*BV3 | CC9: =CB9-BY9 | CD9: =CD10*BY3
C10: Тепло тариф | G10: ='[1]0. ГИРА'!G10 | J10: ='[1]0. ГИРА'!J10 | M10: ='[1]0. ГИРА'!M10 | P10: ='[1]0. ГИРА'!P10 | S10: ='[1]0. ГИРА'!S10 | V10: ='[1]0. ГИРА'!V10 | Y10: ='[1]0. ГИРА'!Y10 | AB10: ='[1]0. ГИРА'!AB10 | AE10: ='[1]0. ГИРА'!AE10 | AH10: ='[1]0. ГИРА'!AH10 | AK10: ='[1]0. ГИРА'!AK10 | AN10: ='[1]0. ГИРА'!AN10 | AQ10: ='[1]0. ГИРА'!AQ10 | AT10: ='[1]0. ГИРА'!AT10 | AW10: ='[1]0. ГИРА'!AW10 | AZ10: ='[1]0. ГИРА'!AZ10 | BC10: ='[1]0. ГИРА'!BC10 | BF10: ='[1]0. ГИРА'!BF10 | BI10: ='[1]0. ГИРА'!BI10 | BL10: ='[1]0. ГИРА'!BL10 | BO10: ='[1]0. ГИРА'!BO10 | BR10: ='[1]0. ГИРА'!BR10 | BU10: ='[1]0. ГИРА'!BU10 | BX10: ='[1]0. ГИРА'!BX10 | CA10: ='[1]0. ГИРА'!CA10 | CD10: ='[1]0. ГИРА'!CD10
A11: Номер счетчика | C11: Экспл. Услуги от УК | F11: =E11-D11 | G11: ='[1]0. ГИРА'!G12 | I11: =H11-G11 | J11: ='[1]0. ГИРА'!J12 | L11: =K11-J11 | M11: ='[1]0. ГИРА'!M12 | O11: =N11-M11 | P11: ='[1]0. ГИРА'!P12 | R11: =Q11-P11 | S11: ='[1]0. ГИРА'!S12 | U11: =T11-S11 | V11: ='[1]0. ГИРА'!V12 | X11: =W11-T11 | Y11: =Y12*T3 | AA11: =Z11-W11 | AB11: =AB12*W3 | AD11: =AC11-Z11 | AE11: =AE12*Z3 | AG11: =AF11-AC11 | AH11: =AH12*AC3 | AJ11: =AI11-AF11 | AK11: =AK12*AF3 | AM11: =AL11-AI11 | AN11: =AN12*AI3 | AP11: =AO11-AL11 | AQ11: =AQ12*AL3 | AS11: =AR11-AO11 | AT11: =AT12*AO3 | AV11: =AU11-AR11 | AW11: =AW12*AR3 | AY11: =AX11-AU11 | AZ11: =AZ12*AU3 | BB11: =BA11-AX11 | BC11: =BC12*AX3 | BE11: =BD11-BA11 | BF11: =BF12*BA3 | BH11: =BG11-BD11 | BI11: =BI12*BD3 | BK11: =BJ11-BG11 | BL11: =BL12*BG3 | BN11: =BM11-BJ11 | BO11: =BO12*BJ3 | BQ11: =BP11-BM11 | BR11: =BR12*BM3 | BT11: =BS11-BP11 | BU11: =BU12*BP3 | BW11: =BV11-BS11 | BX11: =BX12*BS3 | BZ11: =BY11-BV11 | CA11: =CA12*BV3 | CC11: =CB11-BY11 | CD11: =CD12*BY3
C12: Экспл. Услуги от УК тариф | G12: ='[1]0. ГИРА'!G12 | J12: ='[1]0. ГИРА'!J12 | M12: ='[1]0. ГИРА'!M12 | P12: ='[1]0. ГИРА'!P12 | S12: ='[1]0. ГИРА'!S12 | V12: ='[1]0. ГИРА'!V12 | Y12: ='[1]0. ГИРА'!Y12 | AB12: ='[1]0. ГИРА'!AB12 | AE12: ='[1]0. ГИРА'!AE12 | AH12: ='[1]0. ГИРА'!AH12 | AK12: ='[1]0. ГИРА'!AK12 | AN12: ='[1]0. ГИРА'!AN12 | AQ12: ='[1]0. ГИРА'!AQ12 | AT12: ='[1]0. ГИРА'!AT12 | AW12: ='[1]0. ГИРА'!AW12 | AZ12: ='[1]0. ГИРА'!AZ12 | BC12: ='[1]0. ГИРА'!BC12 | BF12: ='[1]0. ГИРА'!BF12 | BI12: ='[1]0. ГИРА'!BI12 | BL12: ='[1]0. ГИРА'!BL12 | BO12: ='[1]0. ГИРА'!BO12 | BR12: ='[1]0. ГИРА'!BR12 | BU12: ='[1]0. ГИРА'!BU12 | BX12: ='[1]0. ГИРА'!BX12 | CA12: ='[1]0. ГИРА'!CA12 | CD12: ='[1]0. ГИРА'!CD12

Sheet K4445.0
A1: ИНН | B1: =[1]Реестр!D2 | C1: Месяц | D1: 45962 | E1: 45992 | F1: Потребл. | G1: 45962 | H1: 46023 | I1: Потребл. | J1: 45992 | K1: 46054 | L1: Потребл. | M1: 46023 | N1: 46082 | O1: Потребл. | P1: 46054 | Q1: 46113 | R1: Потребл. | S1: 46082 | T1: 46143 | U1: Потребл. | V1: 46113 | W1: 46174 | X1: Потребл. | Y1: 46143 | Z1: 46204 | AA1: Потребл. | AB1: 46174 | AC1: 46235 | AD1: Потребл. | AE1: 46204 | AF1: 46266 | AG1: Потребл. | AH1: 46235 | AI1: 46296 | AJ1: Потребл. | AK1: 46266 | AL1: 46327 | AM1: Потребл. | AN1: 46296 | AO1: 46357 | AP1: Потребл. | AQ1: 46327 | AR1: 46388 | AS1: Потребл. | AT1: 46357 | AU1: 46419 | AV1: Потребл. | AW1: 46388 | AX1: 46447 | AY1: Потребл. | AZ1: 46419 | BA1: 46478 | BB1: Потребл. | BC1: 46447 | BD1: 46508 | BE1: Потребл. | BF1: 46478 | BG1: 46539 | BH1: Потребл. | BI1: 46508 | BJ1: 46569 | BK1: Потребл. | BL1: 46539 | BM1: 46600 | BN1: Потребл. | BO1: 46569 | BP1: 46631 | BQ1: Потребл. | BR1: 46600 | BS1: 46661 | BT1: Потребл. | BU1: 46631 | BV1: 46692 | BW1: Потребл. | BX1: 46661 | BY1: 46722 | BZ1: Потребл. | CA1: 46692 | CB1: 46753 | CC1: Потребл. | CD1: 46722
A2: Кадастр | B2: =[2]Реестр!B2 | D2: знач. | E2: знач. | F2: знач. | G2: руб. | H2: знач. | I2: знач. | J2: руб. | K2: знач. | L2: знач. | M2: руб. | N2: знач. | O2: знач | P2: руб. | Q2: знач. | R2: знач. | S2: руб. | T2: знач. | U2: знач. | V2: руб. | W2: знач. | X2: знач. | Y2: руб. | Z2: знач. | AA2: знач. | AB2: руб. | AC2: знач. | AD2: знач. | AE2: руб. | AF2: знач. | AG2: знач. | AH2: руб. | AI2: знач. | AJ2: знач. | AK2: руб. | AL2: знач. | AM2: знач. | AN2: руб. | AO2: знач. | AP2: знач. | AQ2: руб. | AR2: знач. | AS2: знач. | AT2: руб. | AU2: знач. | AV2: знач. | AW2: руб. | AX2: знач. | AY2: знач. | AZ2: руб. | BA2: знач. | BB2: знач. | BC2: руб. | BD2: знач. | BE2: знач. | BF2: руб. | BG2: знач. | BH2: знач. | BI2: руб. | BJ2: знач. | BK2: знач. | BL2: руб. | BM2: знач. | BN2: знач. | BO2: руб. | BP2: знач. | BQ2: знач. | BR2: руб. | BS2: знач. | BT2: знач. | BU2: руб. | BV2: знач. | BW2: знач. | BX2: руб. | BY2: знач. | BZ2: знач. | CA2: руб. | CB2: знач. | CC2: знач. | CD2: руб.
A3: Арендатор | B3: =[2]Реестр!F2 | C3: Электричество | D3: 0 | E3: 0 | F3: =E3-D3 | G3: =F3*G4 | H3: 0 | I3: =H3-E3 | J3: =I3*J4 | K3: 0 | L3: =K3-H3 | M3: =L3*M4 | O3: =N3-K3 | P3: =O3*P4 | R3: =Q3-N3 | S3: =R3*S4 | U3: =T3-Q3 | V3: =U3*V4 | X3: =W3-T3 | Y3: =X3*Y4 | AA3: =Z3-W3 | AB3: =AA3*AB4 | AD3: =AC3-Z3 | AE3: =AD3*AE4 | AG3: =AF3-AC3 | AH3: =AG3*AH4 | AJ3: =AI3-AF3 | AK3: =AJ3*AK4 | AM3: =AL3-AI3 | AN3: =AM3*AN4 | AP3: =AO3-AL3 | AQ3: =AP3*AQ4 | AS3: =AR3-AO3 | AT3: =AS3*AT4 | AV3: =AU3-AR3 | AW3: =AV3*AW4 | AY3: =AX3-AU3 | AZ3: =AY3*AZ4 | BB3: =BA3-AX3 | BC3: =BB3*BC4 | BE3: =BD3-BA3 | BF3: =BE3*BF4 | BH3: =BG3-BD3 | BI3: =BH3*BI4 | BK3: =BJ3-BG3 | BL3: =BK3*BL4 | BN3: =BM3-BJ3 | BO3: =BN3*BO4 | BQ3: =BP3-BM3 | BR3: =BQ3*BR4 | BT3: =BS3-BP3 | BU3: =BT3*BU4 | BW3: =BV3-BS3 | BX3: =BW3*BX4 | BZ3: =BY3-BV3 | CA3: =BZ3*CA4 | CC3: =CB3-BY3 | CD3: =CC3*CD4
A4: Площадь | B4: =[2]Реестр!H2 | C4: Электричество тариф | G4: ='[1]0. ГИРА'!G4 | J4: ='[1]0. ГИРА'!J4 | M4: ='[1]0. ГИРА'!M4 | P4: ='[1]0. ГИРА'!P4 | S4: ='[1]0. ГИРА'!S4 | V4: ='[1]0. ГИРА'!V4 | Y4: ='[1]0. ГИРА'!Y4 | AB4: ='[1]0. ГИРА'!AB4 | AE4: ='[1]0. ГИРА'!AE4 | AH4: ='[1]0. ГИРА'!AH4 | AK4: ='[1]0. ГИРА'!AK4 | AN4: ='[1]0. ГИРА'!AN4 | AQ4: ='[1]0. ГИРА'!AQ4 | AT4: ='[1]0. ГИРА'!AT4 | AW4: ='[1]0. ГИРА'!AW4 | AZ4: ='[1]0. ГИРА'!AZ4 | BC4: ='[1]0. ГИРА'!BC4 | BF4: ='[1]0. ГИРА'!BF4 | BI4: ='[1]0. ГИРА'!BI4 | BL4: ='[1]0. ГИРА'!BL4 | BO4: ='[1]0. ГИРА'!BO4 | BR4: ='[1]0. ГИРА'!BR4 | BU4: ='[1]0. ГИРА'!BU4 | BX4: ='[1]0. ГИРА'!BX4 | CA4: ='[1]0. ГИРА'!CA4 | CD4: ='[1]0. ГИРА'!CD4
C5: Водоканал холодная вода | D5: 0 | E5: 0 | F5: =E5-D5 | H5: 0 | I5: =H5-E5 | J5: =I5*J6 | K5: 0 | L5: =K5-H5 | M5: =L5*M6 | O5: =N5-K5 | R5: =Q5-N5 | U5: =T5-Q5 | X5: =W5-T5 | AA5: =Z5-W5 | AD5: =AC5-Z5 | AG5: =AF5-AC5 | AJ5: =AI5-AF5 | AM5: =AL5-AI5 | AP5: =AO5-AL5 | AS5: =AR5-AO5 | AV5: =AU5-AR5 | AY5: =AX5-AU5 | BB5: =BA5-AX5 | BE5: =BD5-BA5 | BH5: =BG5-BD5 | BK5: =BJ5-BG5 | BN5: =BM5-BJ5 | BQ5: =BP5-BM5 | BT5: =BS5-BP5 | BW5: =BV5-BS5 | BZ5: =BY5-BV5 | CC5: =CB5-BY5
A6: Имя 1 | B6: =[1]Реестр!M2 | C6: Водоканал холодная Тариф | G6: ='[1]0. ГИРА'!G6 | J6: ='[1]0. ГИРА'!J6 | M6: ='[1]0. ГИРА'!M6 | P6: ='[1]0. ГИРА'!P6 | S6: ='[1]0. ГИРА'!S6 | V6: ='[1]0. ГИРА'!V6 | Y6: ='[1]0. ГИРА'!Y6 | AB6: ='[1]0. ГИРА'!AB6 | AE6: ='[1]0. ГИРА'!AE6 | AH6: ='[1]0. ГИРА'!AH6 | AK6: ='[1]0. ГИРА'!AK6 | AN6: ='[1]0. ГИРА'!AN6 | AQ6: ='[1]0. ГИРА'!AQ6 | AT6: ='[1]0. ГИРА'!AT6 | AW6: ='[1]0. ГИРА'!AW6 | AZ6: ='[1]0. ГИРА'!AZ6 | BC6: ='[1]0. ГИРА'!BC6 | BF6: ='[1]0. ГИРА'!BF6 | BI6: ='[1]0. ГИРА'!BI6 | BL6: ='[1]0. ГИРА'!BL6 | BO6: ='[1]0. ГИРА'!BO6 | BR6: ='[1]0. ГИРА'!BR6 | BU6: ='[1]0. ГИРА'!BU6 | BX6: ='[1]0. ГИРА'!BX6 | CA6: ='[1]0. ГИРА'!CA6 | CD6: ='[1]0. ГИРА'!CD6
A7: Контакт 1 | B7: =[1]Реестр!N2 | C7: Водоканал горячая вода | D7: 0 | E7: 0 | F7: =E7-D7 | G7: =G8*F7 | H7: 0 | I7: =H7-E7 | J7: =J8*I7 | K7: 0 | L7: =K7-H7 | M7: =M8*L7 | O7: =N7-K7 | P7: =P8*O7 | R7: =Q7-N7 | S7: =S8*R7 | U7: =T7-Q7 | V7: =V8*U7 | X7: =W7-T7 | Y7: =Y8*X7 | AA7: =Z7-W7 | AB7: =AB8*AA7 | AD7: =AC7-Z7 | AE7: =AE8*AD7 | AG7: =AF7-AC7 | AH7: =AH8*AG7 | AJ7: =AI7-AF7 | AK7: =AK8*AJ7 | AM7: =AL7-AI7 | AN7: =AN8*AM7 | AP7: =AO7-AL7 | AQ7: =AQ8*AP7 | AS7: =AR7-AO7 | AT7: =AT8*AS7 | AV7: =AU7-AR7 | AW7: =AW8*AV7 | AY7: =AX7-AU7 | AZ7: =AZ8*AY7 | BB7: =BA7-AX7 | BC7: =BC8*BB7 | BE7: =BD7-BA7 | BF7: =BF8*BE7 | BH7: =BG7-BD7 | BI7: =BI8*BH7 | BK7: =BJ7-BG7 | BL7: =BL8*BK7 | BN7: =BM7-BJ7 | BO7: =BO8*BN7 | BQ7: =BP7-BM7 | BR7: =BR8*BQ7 | BT7: =BS7-BP7 | BU7: =BU8*BT7 | BW7: =BV7-BS7 | BX7: =BX8*BW7 | BZ7: =BY7-BV7 | CA7: =CA8*BZ7 | CC7: =CB7-BY7 | CD7: =CD8*CC7
A8: Имя 2 | B8: =[1]Реестр!O2 | C8: Водоканал горячая Тариф | G8: ='[1]0. ГИРА'!G8 | J8: ='[1]0. ГИРА'!J8 | M8: ='[1]0. ГИРА'!M8 | P8: ='[1]0. ГИРА'!P8 | S8: ='[1]0. ГИРА'!S8 | V8: ='[1]0. ГИРА'!V8 | Y8: ='[1]0. ГИРА'!Y8 | AB8: ='[1]0. ГИРА'!AB8 | AE8: ='[1]0. ГИРА'!AE8 | AH8: ='[1]0. ГИРА'!AH8 | AK8: ='[1]0. ГИРА'!AK8 | AN8: ='[1]0. ГИРА'!AN8 | AQ8: ='[1]0. ГИРА'!AQ8 | AT8: ='[1]0. ГИРА'!AT8 | AW8: ='[1]0. ГИРА'!AW8 | AZ8: ='[1]0. ГИРА'!AZ8 | BC8: ='[1]0. ГИРА'!BC8 | BF8: ='[1]0. ГИРА'!BF8 | BI8: ='[1]0. ГИРА'!BI8 | BL8: ='[1]0. ГИРА'!BL8 | BO8: ='[1]0. ГИРА'!BO8 | BR8: ='[1]0. ГИРА'!BR8 | BU8: ='[1]0. ГИРА'!BU8 | BX8: ='[1]0. ГИРА'!BX8 | CA8: ='[1]0. ГИРА'!CA8 | CD8: ='[1]0. ГИРА'!CD8
A9: Контакт 2 | B9: =[1]Реестр!P2 | C9: Тепло | F9: =E9-D9 | G9: =G10*B4 | I9: =H9-E9 | J9: =J10*E3 | L9: =K9-H9 | M9: =M10*$B4 | O9: =N9-K9 | P9: =P10*K3 | R9: =Q9-N9 | S9: =S10*N3 | U9: =T9-Q9 | V9: =V10*Q3 | X9: =W9-T9 | Y9: =Y10*T3 | AA9: =Z9-W9 | AB9: =AB10*W3 | AD9: =AC9-Z9 | AE9: =AE10*Z3 | AG9: =AF9-AC9 | AH9: =AH10*AC3 | AJ9: =AI9-AF9 | AK9: =AK10*AF3 | AM9: =AL9-AI9 | AN9: =AN10*AI3 | AP9: =AO9-AL9 | AQ9: =AQ10*AL3 | AS9: =AR9-AO9 | AT9: =AT10*AO3 | AV9: =AU9-AR9 | AW9: =AW10*AR3 | AY9: =AX9-AU9 | AZ9: =AZ10*AU3 | BB9: =BA9-AX9 | BC9: =BC10*AX3 | BE9: =BD9-BA9 | BF9: =BF10*BA3 | BH9: =BG9-BD9 | BI9: =BI10*BD3 | BK9: =BJ9-BG9 | BL9: =BL10*BG3 | BN9: =BM9-BJ9 | BO9: =BO10*BJ3 | BQ9: =BP9-BM9 | BR9: =BR10*BM3 | BT9: =BS9-BP9 | BU9: =BU10*BP3 | BW9: =BV9-BS9 | BX9: =BX10*BS3 | BZ9: =BY9-BV9 | CA9: =CA10*BV3 | CC9: =CB9-BY9 | CD9: =CD10*BY3
C10: Тепло тариф | G10: ='[1]0. ГИРА'!G10 | J10: ='[1]0. ГИРА'!J10 | M10: ='[1]0. ГИРА'!M10 | P10: ='[1]0. ГИРА'!P10 | S10: ='[1]0. ГИРА'!S10 | V10: ='[1]0. ГИРА'!V10 | Y10: ='[1]0. ГИРА'!Y10 | AB10: ='[1]0. ГИРА'!AB10 | AE10: ='[1]0. ГИРА'!AE10 | AH10: ='[1]0. ГИРА'!AH10 | AK10: ='[1]0. ГИРА'!AK10 | AN10: ='[1]0. ГИРА'!AN10 | AQ10: ='[1]0. ГИРА'!AQ10 | AT10: ='[1]0. ГИРА'!AT10 | AW10: ='[1]0. ГИРА'!AW10 | AZ10: ='[1]0. ГИРА'!AZ10 | BC10: ='[1]0. ГИРА'!BC10 | BF10: ='[1]0. ГИРА'!BF10 | BI10: ='[1]0. ГИРА'!BI10 | BL10: ='[1]0. ГИРА'!BL10 | BO10: ='[1]0. ГИРА'!BO10 | BR10: ='[1]0. ГИРА'!BR10 | BU10: ='[1]0. ГИРА'!BU10 | BX10: ='[1]0. ГИРА'!BX10 | CA10: ='[1]0. ГИРА'!CA10 | CD10: ='[1]0. ГИРА'!CD10
A11: Номер счетчика | C11: Экспл. Услуги от УК | F11: =E11-D11 | G11: ='[1]0. ГИРА'!G12 | I11: =H11-G11 | J11: ='[1]0. ГИРА'!J12 | L11: =K11-J11 | M11: ='[1]0. ГИРА'!M12 | O11: =N11-M11 | P11: ='[1]0. ГИРА'!P12 | R11: =Q11-P11 | S11: ='[1]0. ГИРА'!S12 | U11: =T11-S11 | V11: ='[1]0. ГИРА'!V12 | X11: =W11-T11 | Y11: =Y12*T3 | AA11: =Z11-W11 | AB11: =AB12*W3 | AD11: =AC11-Z11 | AE11: =AE12*Z3 | AG11: =AF11-AC11 | AH11: =AH12*AC3 | AJ11: =AI11-AF11 | AK11: =AK12*AF3 | AM11: =AL11-AI11 | AN11: =AN12*AI3 | AP11: =AO11-AL11 | AQ11: =AQ12*AL3 | AS11: =AR11-AO11 | AT11: =AT12*AO3 | AV11: =AU11-AR11 | AW11: =AW12*AR3 | AY11: =AX11-AU11 | AZ11: =AZ12*AU3 | BB11: =BA11-AX11 | BC11: =BC12*AX3 | BE11: =BD11-BA11 | BF11: =BF12*BA3 | BH11: =BG11-BD11 | BI11: =BI12*BD3 | BK11: =BJ11-BG11 | BL11: =BL12*BG3 | BN11: =BM11-BJ11 | BO11: =BO12*BJ3 | BQ11: =BP11-BM11 | BR11: =BR12*BM3 | BT11: =BS11-BP11 | BU11: =BU12*BP3 | BW11: =BV11-BS11 | BX11: =BX12*BS3 | BZ11: =BY11-BV11 | CA11: =CA12*BV3 | CC11: =CB11-BY11 | CD11: =CD12*BY3
C12: Экспл. Услуги от УК тариф | G12: ='[1]0. ГИРА'!G12 | J12: ='[1]0. ГИРА'!J12 | M12: ='[1]0. ГИРА'!M12 | P12: ='[1]0. ГИРА'!P12 | S12: ='[1]0. ГИРА'!S12 | V12: ='[1]0. ГИРА'!V12 | Y12: ='[1]0. ГИРА'!Y12 | AB12: ='[1]0. ГИРА'!AB12 | AE12: ='[1]0. ГИРА'!AE12 | AH12: ='[1]0. ГИРА'!AH12 | AK12: ='[1]0. ГИРА'!AK12 | AN12: ='[1]0. ГИРА'!AN12 | AQ12: ='[1]0. ГИРА'!AQ12 | AT12: ='[1]0. ГИРА'!AT12 | AW12: ='[1]0. ГИРА'!AW12 | AZ12: ='[1]0. ГИРА'!AZ12 | BC12: ='[1]0. ГИРА'!BC12 | BF12: ='[1]0. ГИРА'!BF12 | BI12: ='[1]0. ГИРА'!BI12 | BL12: ='[1]0. ГИРА'!BL12 | BO12: ='[1]0. ГИРА'!BO12 | BR12: ='[1]0. ГИРА'!BR12 | BU12: ='[1]0. ГИРА'!BU12 | BX12: ='[1]0. ГИРА'!BX12 | CA12: ='[1]0. ГИРА'!CA12 | CD12: ='[1]0. ГИРА'!CD12

Sheet K898.0
A1: ИНН | B1: =[1]Реестр!D2 | C1: Месяц | D1: 45962 | E1: 45992 | F1: Потребл. | G1: 45962 | H1: 46023 | I1: Потребл. | J1: 45992 | K1: 46054 | L1: Потребл. | M1: 46023 | N1: 46082 | O1: Потребл. | P1: 46054 | Q1: 46113 | R1: Потребл. | S1: 46082 | T1: 46143 | U1: Потребл. | V1: 46113 | W1: 46174 | X1: Потребл. | Y1: 46143 | Z1: 46204 | AA1: Потребл. | AB1: 46174 | AC1: 46235 | AD1: Потребл. | AE1: 46204 | AF1: 46266 | AG1: Потребл. | AH1: 46235 | AI1: 46296 | AJ1: Потребл. | AK1: 46266 | AL1: 46327 | AM1: Потребл. | AN1: 46296 | AO1: 46357 | AP1: Потребл. | AQ1: 46327 | AR1: 46388 | AS1: Потребл. | AT1: 46357 | AU1: 46419 | AV1: Потребл. | AW1: 46388 | AX1: 46447 | AY1: Потребл. | AZ1: 46419 | BA1: 46478 | BB1: Потребл. | BC1: 46447 | BD1: 46508 | BE1: Потребл. | BF1: 46478 | BG1: 46539 | BH1: Потребл. | BI1: 46508 | BJ1: 46569 | BK1: Потребл. | BL1: 46539 | BM1: 46600 | BN1: Потребл. | BO1: 46569 | BP1: 46631 | BQ1: Потребл. | BR1: 46600 | BS1: 46661 | BT1: Потребл. | BU1: 46631 | BV1: 46692 | BW1: Потребл. | BX1: 46661 | BY1: 46722 | BZ1: Потребл. | CA1: 46692 | CB1: 46753 | CC1: Потребл. | CD1: 46722
A2: Кадастр | B2: =[2]Реестр!B2 | D2: знач. | E2: знач. | F2: знач. | G2: руб. | H2: знач. | I2: знач. | J2: руб. | K2: знач. | L2: знач. | M2: руб. | N2: знач. | O2: знач | P2: руб. | Q2: знач. | R2: знач. | S2: руб. | T2: знач. | U2: знач. | V2: руб. | W2: знач. | X2: знач. | Y2: руб. | Z2: знач. | AA2: знач. | AB2: руб. | AC2: знач. | AD2: знач. | AE2: руб. | AF2: знач. | AG2: знач. | AH2: руб. | AI2: знач. | AJ2: знач. | AK2: руб. | AL2: знач. | AM2: знач. | AN2: руб. | AO2: знач. | AP2: знач. | AQ2: руб. | AR2: знач. | AS2: знач. | AT2: руб. | AU2: знач. | AV2: знач. | AW2: руб. | AX2: знач. | AY2: знач. | AZ2: руб. | BA2: знач. | BB2: знач. | BC2: руб. | BD2: знач. | BE2: знач. | BF2: руб. | BG2: знач. | BH2: знач. | BI2: руб. | BJ2: знач. | BK2: знач. | BL2: руб. | BM2: знач. | BN2: знач. | BO2: руб. | BP2: знач. | BQ2: знач. | BR2: руб. | BS2: знач. | BT2: знач. | BU2: руб. | BV2: знач. | BW2: знач. | BX2: руб. | BY2: знач. | BZ2: знач. | CA2: руб. | CB2: знач. | CC2: знач. | CD2: руб.
A3: Арендатор | B3: =[2]Реестр!F2 | C3: Электричество | D3: 0 | E3: 0 | F3: =E3-D3 | G3: =F3*G4 | H3: 0 | I3: =H3-E3 | J3: =I3*J4 | K3: 0 | L3: =K3-H3 | M3: =L3*M4 | O3: =N3-K3 | P3: =O3*P4 | R3: =Q3-N3 | S3: =R3*S4 | U3: =T3-Q3 | V3: =U3*V4 | X3: =W3-T3 | Y3: =X3*Y4 | AA3: =Z3-W3 | AB3: =AA3*AB4 | AD3: =AC3-Z3 | AE3: =AD3*AE4 | AG3: =AF3-AC3 | AH3: =AG3*AH4 | AJ3: =AI3-AF3 | AK3: =AJ3*AK4 | AM3: =AL3-AI3 | AN3: =AM3*AN4 | AP3: =AO3-AL3 | AQ3: =AP3*AQ4 | AS3: =AR3-AO3 | AT3: =AS3*AT4 | AV3: =AU3-AR3 | AW3: =AV3*AW4 | AY3: =AX3-AU3 | AZ3: =AY3*AZ4 | BB3: =BA3-AX3 | BC3: =BB3*BC4 | BE3: =BD3-BA3 | BF3: =BE3*BF4 | BH3: =BG3-BD3 | BI3: =BH3*BI4 | BK3: =BJ3-BG3 | BL3: =BK3*BL4 | BN3: =BM3-BJ3 | BO3: =BN3*BO4 | BQ3: =BP3-BM3 | BR3: =BQ3*BR4 | BT3: =BS3-BP3 | BU3: =BT3*BU4 | BW3: =BV3-BS3 | BX3: =BW3*BX4 | BZ3: =BY3-BV3 | CA3: =BZ3*CA4 | CC3: =CB3-BY3 | CD3: =CC3*CD4
A4: Площадь | B4: =[2]Реестр!H2 | C4: Электричество тариф | G4: ='[1]0. ГИРА'!G4 | J4: ='[1]0. ГИРА'!J4 | M4: ='[1]0. ГИРА'!M4 | P4: ='[1]0. ГИРА'!P4 | S4: ='[1]0. ГИРА'!S4 | V4: ='[1]0. ГИРА'!V4 | Y4: ='[1]0. ГИРА'!Y4 | AB4: ='[1]0. ГИРА'!AB4 | AE4: ='[1]0. ГИРА'!AE4 | AH4: ='[1]0. ГИРА'!AH4 | AK4: ='[1]0. ГИРА'!AK4 | AN4: ='[1]0. ГИРА'!AN4 | AQ4: ='[1]0. ГИРА'!AQ4 | AT4: ='[1]0. ГИРА'!AT4 | AW4: ='[1]0. ГИРА'!AW4 | AZ4: ='[1]0. ГИРА'!AZ4 | BC4: ='[1]0. ГИРА'!BC4 | BF4: ='[1]0. ГИРА'!BF4 | BI4: ='[1]0. ГИРА'!BI4 | BL4: ='[1]0. ГИРА'!BL4 | BO4: ='[1]0. ГИРА'!BO4 | BR4: ='[1]0. ГИРА'!BR4 | BU4: ='[1]0. ГИРА'!BU4 | BX4: ='[1]0. ГИРА'!BX4 | CA4: ='[1]0. ГИРА'!CA4 | CD4: ='[1]0. ГИРА'!CD4
C5: Водоканал холодная вода | D5: 0 | E5: 0 | F5: =E5-D5 | H5: 0 | I5: =H5-E5 | J5: =I5*J6 | K5: 0 | L5: =K5-H5 | M5: =L5*M6 | O5: =N5-K5 | R5: =Q5-N5 | U5: =T5-Q5 | X5: =W5-T5 | AA5: =Z5-W5 | AD5: =AC5-Z5 | AG5: =AF5-AC5 | AJ5: =AI5-AF5 | AM5: =AL5-AI5 | AP5: =AO5-AL5 | AS5: =AR5-AO5 | AV5: =AU5-AR5 | AY5: =AX5-AU5 | BB5: =BA5-AX5 | BE5: =BD5-BA5 | BH5: =BG5-BD5 | BK5: =BJ5-BG5 | BN5: =BM5-BJ5 | BQ5: =BP5-BM5 | BT5: =BS5-BP5 | BW5: =BV5-BS5 | BZ5: =BY5-BV5 | CC5: =CB5-BY5
A6: Имя 1 | B6: =[1]Реестр!M2 | C6: Водоканал холодная Тариф | G6: ='[1]0. ГИРА'!G6 | J6: ='[1]0. ГИРА'!J6 | M6: ='[1]0. ГИРА'!M6 | P6: ='[1]0. ГИРА'!P6 | S6: ='[1]0. ГИРА'!S6 | V6: ='[1]0. ГИРА'!V6 | Y6: ='[1]0. ГИРА'!Y6 | AB6: ='[1]0. ГИРА'!AB6 | AE6: ='[1]0. ГИРА'!AE6 | AH6: ='[1]0. ГИРА'!AH6 | AK6: ='[1]0. ГИРА'!AK6 | AN6: ='[1]0. ГИРА'!AN6 | AQ6: ='[1]0. ГИРА'!AQ6 | AT6: ='[1]0. ГИРА'!AT6 | AW6: ='[1]0. ГИРА'!AW6 | AZ6: ='[1]0. ГИРА'!AZ6 | BC6: ='[1]0. ГИРА'!BC6 | BF6: ='[1]0. ГИРА'!BF6 | BI6: ='[1]0. ГИРА'!BI6 | BL6: ='[1]0. ГИРА'!BL6 | BO6: ='[1]0. ГИРА'!BO6 | BR6: ='[1]0. ГИРА'!BR6 | BU6: ='[1]0. ГИРА'!BU6 | BX6: ='[1]0. ГИРА'!BX6 | CA6: ='[1]0. ГИРА'!CA6 | CD6: ='[1]0. ГИРА'!CD6
A7: Контакт 1 | B7: =[1]Реестр!N2 | C7: Водоканал горячая вода | D7: 0 | E7: 0 | F7: =E7-D7 | G7: =G8*F7 | H7: 0 | I7: =H7-E7 | J7: =J8*I7 | K7: 0 | L7: =K7-H7 | M7: =M8*L7 | O7: =N7-K7 | P7: =P8*O7 | R7: =Q7-N7 | S7: =S8*R7 | U7: =T7-Q7 | V7: =V8*U7 | X7: =W7-T7 | Y7: =Y8*X7 | AA7: =Z7-W7 | AB7: =AB8*AA7 | AD7: =AC7-Z7 | AE7: =AE8*AD7 | AG7: =AF7-AC7 | AH7: =AH8*AG7 | AJ7: =AI7-AF7 | AK7: =AK8*AJ7 | AM7: =AL7-AI7 | AN7: =AN8*AM7 | AP7: =AO7-AL7 | AQ7: =AQ8*AP7 | AS7: =AR7-AO7 | AT7: =AT8*AS7 | AV7: =AU7-AR7 | AW7: =AW8*AV7 | AY7: =AX7-AU7 | AZ7: =AZ8*AY7 | BB7: =BA7-AX7 | BC7: =BC8*BB7 | BE7: =BD7-BA7 | BF7: =BF8*BE7 | BH7: =BG7-BD7 | BI7: =BI8*BH7 | BK7: =BJ7-BG7 | BL7: =BL8*BK7 | BN7: =BM7-BJ7 | BO7: =BO8*BN7 | BQ7: =BP7-BM7 | BR7: =BR8*BQ7 | BT7: =BS7-BP7 | BU7: =BU8*BT7 | BW7: =BV7-BS7 | BX7: =BX8*BW7 | BZ7: =BY7-BV7 | CA7: =CA8*BZ7 | CC7: =CB7-BY7 | CD7: =CD8*CC7
A8: Имя 2 | B8: =[1]Реестр!O2 | C8: Водоканал горячая Тариф | G8: ='[1]0. ГИРА'!G8 | J8: ='[1]0. ГИРА'!J8 | M8: ='[1]0. ГИРА'!M8 | P8: ='[1]0. ГИРА'!P8 | S8: ='[1]0. ГИРА'!S8 | V8: ='[1]0. ГИРА'!V8 | Y8: ='[1]0. ГИРА'!Y8 | AB8: ='[1]0. ГИРА'!AB8 | AE8: ='[1]0. ГИРА'!AE8 | AH8: ='[1]0. ГИРА'!AH8 | AK8: ='[1]0. ГИРА'!AK8 | AN8: ='[1]0. ГИРА'!AN8 | AQ8: ='[1]0. ГИРА'!AQ8 | AT8: ='[1]0. ГИРА'!AT8 | AW8: ='[1]0. ГИРА'!AW8 | AZ8: ='[1]0. ГИРА'!AZ8 | BC8: ='[1]0. ГИРА'!BC8 | BF8: ='[1]0. ГИРА'!BF8 | BI8: ='[1]0. ГИРА'!BI8 | BL8: ='[1]0. ГИРА'!BL8 | BO8: ='[1]0. ГИРА'!BO8 | BR8: ='[1]0. ГИРА'!BR8 | BU8: ='[1]0. ГИРА'!BU8 | BX8: ='[1]0. ГИРА'!BX8 | CA8: ='[1]0. ГИРА'!CA8 | CD8: ='[1]0. ГИРА'!CD8
A9: Контакт 2 | B9: =[1]Реестр!P2 | C9: Тепло | F9: =E9-D9 | G9: =G10*B4 | I9: =H9-E9 | J9: =J10*E3 | L9: =K9-H9 | M9: =M10*$B4 | O9: =N9-K9 | P9: =P10*K3 | R9: =Q9-N9 | S9: =S10*N3 | U9: =T9-Q9 | V9: =V10*Q3 | X9: =W9-T9 | Y9: =Y10*T3 | AA9: =Z9-W9 | AB9: =AB10*W3 | AD9: =AC9-Z9 | AE9: =AE10*Z3 | AG9: =AF9-AC9 | AH9: =AH10*AC3 | AJ9: =AI9-AF9 | AK9: =AK10*AF3 | AM9: =AL9-AI9 | AN9: =AN10*AI3 | AP9: =AO9-AL9 | AQ9: =AQ10*AL3 | AS9: =AR9-AO9 | AT9: =AT10*AO3 | AV9: =AU9-AR9 | AW9: =AW10*AR3 | AY9: =AX9-AU9 | AZ9: =AZ10*AU3 | BB9: =BA9-AX9 | BC9: =BC10*AX3 | BE9: =BD9-BA9 | BF9: =BF10*BA3 | BH9: =BG9-BD9 | BI9: =BI10*BD3 | BK9: =BJ9-BG9 | BL9: =BL10*BG3 | BN9: =BM9-BJ9 | BO9: =BO10*BJ3 | BQ9: =BP9-BM9 | BR9: =BR10*BM3 | BT9: =BS9-BP9 | BU9: =BU10*BP3 | BW9: =BV9-BS9 | BX9: =BX10*BS3 | BZ9: =BY9-BV9 | CA9: =CA10*BV3 | CC9: =CB9-BY9 | CD9: =CD10*BY3
C10: Тепло тариф | G10: ='[1]0. ГИРА'!G10 | J10: ='[1]0. ГИРА'!J10 | M10: ='[1]0. ГИРА'!M10 | P10: ='[1]0. ГИРА'!P10 | S10: ='[1]0. ГИРА'!S10 | V10: ='[1]0. ГИРА'!V10 | Y10: ='[1]0. ГИРА'!Y10 | AB10: ='[1]0. ГИРА'!AB10 | AE10: ='[1]0. ГИРА'!AE10 | AH10: ='[1]0. ГИРА'!AH10 | AK10: ='[1]0. ГИРА'!AK10 | AN10: ='[1]0. ГИРА'!AN10 | AQ10: ='[1]0. ГИРА'!AQ10 | AT10: ='[1]0. ГИРА'!AT10 | AW10: ='[1]0. ГИРА'!AW10 | AZ10: ='[1]0. ГИРА'!AZ10 | BC10: ='[1]0. ГИРА'!BC10 | BF10: ='[1]0. ГИРА'!BF10 | BI10: ='[1]0. ГИРА'!BI10 | BL10: ='[1]0. ГИРА'!BL10 | BO10: ='[1]0. ГИРА'!BO10 | BR10: ='[1]0. ГИРА'!BR10 | BU10: ='[1]0. ГИРА'!BU10 | BX10: ='[1]0. ГИРА'!BX10 | CA10: ='[1]0. ГИРА'!CA10 | CD10: ='[1]0. ГИРА'!CD10
A11: Номер счетчика | C11: Экспл. Услуги от УК | F11: =E11-D11 | G11: ='[1]0. ГИРА'!G12 | I11: =H11-G11 | J11: ='[1]0. ГИРА'!J12 | L11: =K11-J11 | M11: ='[1]0. ГИРА'!M12 | O11: =N11-M11 | P11: ='[1]0. ГИРА'!P12 | R11: =Q11-P11 | S11: ='[1]0. ГИРА'!S12 | U11: =T11-S11 | V11: ='[1]0. ГИРА'!V12 | X11: =W11-T11 | Y11: =Y12*T3 | AA11: =Z11-W11 | AB11: =AB12*W3 | AD11: =AC11-Z11 | AE11: =AE12*Z3 | AG11: =AF11-AC11 | AH11: =AH12*AC3 | AJ11: =AI11-AF11 | AK11: =AK12*AF3 | AM11: =AL11-AI11 | AN11: =AN12*AI3 | AP11: =AO11-AL11 | AQ11: =AQ12*AL3 | AS11: =AR11-AO11 | AT11: =AT12*AO3 | AV11: =AU11-AR11 | AW11: =AW12*AR3 | AY11: =AX11-AU11 | AZ11: =AZ12*AU3 | BB11: =BA11-AX11 | BC11: =BC12*AX3 | BE11: =BD11-BA11 | BF11: =BF12*BA3 | BH11: =BG11-BD11 | BI11: =BI12*BD3 | BK11: =BJ11-BG11 | BL11: =BL12*BG3 | BN11: =BM11-BJ11 | BO11: =BO12*BJ3 | BQ11: =BP11-BM11 | BR11: =BR12*BM3 | BT11: =BS11-BP11 | BU11: =BU12*BP3 | BW11: =BV11-BS11 | BX11: =BX12*BS3 | BZ11: =BY11-BV11 | CA11: =CA12*BV3 | CC11: =CB11-BY11 | CD11: =CD12*BY3
C12: Экспл. Услуги от УК тариф | G12: ='[1]0. ГИРА'!G12 | J12: ='[1]0. ГИРА'!J12 | M12: ='[1]0. ГИРА'!M12 | P12: ='[1]0. ГИРА'!P12 | S12: ='[1]0. ГИРА'!S12 | V12: ='[1]0. ГИРА'!V12 | Y12: ='[1]0. ГИРА'!Y12 | AB12: ='[1]0. ГИРА'!AB12 | AE12: ='[1]0. ГИРА'!AE12 | AH12: ='[1]0. ГИРА'!AH12 | AK12: ='[1]0. ГИРА'!AK12 | AN12: ='[1]0. ГИРА'!AN12 | AQ12: ='[1]0. ГИРА'!AQ12 | AT12: ='[1]0. ГИРА'!AT12 | AW12: ='[1]0. ГИРА'!AW12 | AZ12: ='[1]0. ГИРА'!AZ12 | BC12: ='[1]0. ГИРА'!BC12 | BF12: ='[1]0. ГИРА'!BF12 | BI12: ='[1]0. ГИРА'!BI12 | BL12: ='[1]0. ГИРА'!BL12 | BO12: ='[1]0. ГИРА'!BO12 | BR12: ='[1]0. ГИРА'!BR12 | BU12: ='[1]0. ГИРА'!BU12 | BX12: ='[1]0. ГИРА'!BX12 | CA12: ='[1]0. ГИРА'!CA12 | CD12: ='[1]0. ГИРА'!CD12

Sheet K3346.0
A1: ИНН | B1: =[1]Реестр!D2 | C1: Месяц | D1: 45962 | E1: 45992 | F1: Потребл. | G1: 45962 | H1: 46023 | I1: Потребл. | J1: 45992 | K1: 46054 | L1: Потребл. | M1: 46023 | N1: 46082 | O1: Потребл. | P1: 46054 | Q1: 46113 | R1: Потребл. | S1: 46082 | T1: 46143 | U1: Потребл. | V1: 46113 | W1: 46174 | X1: Потребл. | Y1: 46143 | Z1: 46204 | AA1: Потребл. | AB1: 46174 | AC1: 46235 | AD1: Потребл. | AE1: 46204 | AF1: 46266 | AG1: Потребл. | AH1: 46235 | AI1: 46296 | AJ1: Потребл. | AK1: 46266 | AL1: 46327 | AM1: Потребл. | AN1: 46296 | AO1: 46357 | AP1: Потребл. | AQ1: 46327 | AR1: 46388 | AS1: Потребл. | AT1: 46357 | AU1: 46419 | AV1: Потребл. | AW1: 46388 | AX1: 46447 | AY1: Потребл. | AZ1: 46419 | BA1: 46478 | BB1: Потребл. | BC1: 46447 | BD1: 46508 | BE1: Потребл. | BF1: 46478 | BG1: 46539 | BH1: Потребл. | BI1: 46508 | BJ1: 46569 | BK1: Потребл. | BL1: 46539 | BM1: 46600 | BN1: Потребл. | BO1: 46569 | BP1: 46631 | BQ1: Потребл. | BR1: 46600 | BS1: 46661 | BT1: Потребл. | BU1: 46631 | BV1: 46692 | BW1: Потребл. | BX1: 46661 | BY1: 46722 | BZ1: Потребл. | CA1: 46692 | CB1: 46753 | CC1: Потребл. | CD1: 46722
A2: Кадастр | B2: =[2]Реестр!B2 | D2: знач. | E2: знач. | F2: знач. | G2: руб. | H2: знач. | I2: знач. | J2: руб. | K2: знач. | L2: знач. | M2: руб. | N2: знач. | O2: знач | P2: руб. | Q2: знач. | R2: знач. | S2: руб. | T2: знач. | U2: знач. | V2: руб. | W2: знач. | X2: знач. | Y2: руб. | Z2: знач. | AA2: знач. | AB2: руб. | AC2: знач. | AD2: знач. | AE2: руб. | AF2: знач. | AG2: знач. | AH2: руб. | AI2: знач. | AJ2: знач. | AK2: руб. | AL2: знач. | AM2: знач. | AN2: руб. | AO2: знач. | AP2: знач. | AQ2: руб. | AR2: знач. | AS2: знач. | AT2: руб. | AU2: знач. | AV2: знач. | AW2: руб. | AX2: знач. | AY2: знач. | AZ2: руб. | BA2: знач. | BB2: знач. | BC2: руб. | BD2: знач. | BE2: знач. | BF2: руб. | BG2: знач. | BH2: знач. | BI2: руб. | BJ2: знач. | BK2: знач. | BL2: руб. | BM2: знач. | BN2: знач. | BO2: руб. | BP2: знач. | BQ2: знач. | BR2: руб. | BS2: знач. | BT2: знач. | BU2: руб. | BV2: знач. | BW2: знач. | BX2: руб. | BY2: знач. | BZ2: знач. | CA2: руб. | CB2: знач. | CC2: знач. | CD2: руб.
A3: Арендатор | B3: =[2]Реестр!F2 | C3: Электричество | D3: 0 | E3: 0 | F3: =E3-D3 | G3: =F3*G4 | H3: 0 | I3: =H3-E3 | J3: =I3*J4 | K3: 0 | L3: =K3-H3 | M3: =L3*M4 | O3: =N3-K3 | P3: =O3*P4 | R3: =Q3-N3 | S3: =R3*S4 | U3: =T3-Q3 | V3: =U3*V4 | X3: =W3-T3 | Y3: =X3*Y4 | AA3: =Z3-W3 | AB3: =AA3*AB4 | AD3: =AC3-Z3 | AE3: =AD3*AE4 | AG3: =AF3-AC3 | AH3: =AG3*AH4 | AJ3: =AI3-AF3 | AK3: =AJ3*AK4 | AM3: =AL3-AI3 | AN3: =AM3*AN4 | AP3: =AO3-AL3 | AQ3: =AP3*AQ4 | AS3: =AR3-AO3 | AT3: =AS3*AT4 | AV3: =AU3-AR3 | AW3: =AV3*AW4 | AY3: =AX3-AU3 | AZ3: =AY3*AZ4 | BB3: =BA3-AX3 | BC3: =BB3*BC4 | BE3: =BD3-BA3 | BF3: =BE3*BF4 | BH3: =BG3-BD3 | BI3: =BH3*BI4 | BK3: =BJ3-BG3 | BL3: =BK3*BL4 | BN3: =BM3-BJ3 | BO3: =BN3*BO4 | BQ3: =BP3-BM3 | BR3: =BQ3*BR4 | BT3: =BS3-BP3 | BU3: =BT3*BU4 | BW3: =BV3-BS3 | BX3: =BW3*BX4 | BZ3: =BY3-BV3 | CA3: =BZ3*CA4 | CC3: =CB3-BY3 | CD3: =CC3*CD4
A4: Площадь | B4: =[2]Реестр!H2 | C4: Электричество тариф | G4: ='[1]0. ГИРА'!G4 | J4: ='[1]0. ГИРА'!J4 | M4: ='[1]0. ГИРА'!M4 | P4: ='[1]0. ГИРА'!P4 | S4: ='[1]0. ГИРА'!S4 | V4: ='[1]0. ГИРА'!V4 | Y4: ='[1]0. ГИРА'!Y4 | AB4: ='[1]0. ГИРА'!AB4 | AE4: ='[1]0. ГИРА'!AE4 | AH4: ='[1]0. ГИРА'!AH4 | AK4: ='[1]0. ГИРА'!AK4 | AN4: ='[1]0. ГИРА'!AN4 | AQ4: ='[1]0. ГИРА'!AQ4 | AT4: ='[1]0. ГИРА'!AT4 | AW4: ='[1]0. ГИРА'!AW4 | AZ4: ='[1]0. ГИРА'!AZ4 | BC4: ='[1]0. ГИРА'!BC4 | BF4: ='[1]0. ГИРА'!BF4 | BI4: ='[1]0. ГИРА'!BI4 | BL4: ='[1]0. ГИРА'!BL4 | BO4: ='[1]0. ГИРА'!BO4 | BR4: ='[1]0. ГИРА'!BR4 | BU4: ='[1]0. ГИРА'!BU4 | BX4: ='[1]0. ГИРА'!BX4 | CA4: ='[1]0. ГИРА'!CA4 | CD4: ='[1]0. ГИРА'!CD4
C5: Водоканал холодная вода | D5: 0 | E5: 0 | F5: =E5-D5 | H5: 0 | I5: =H5-E5 | J5: =I5*J6 | K5: 0 | L5: =K5-H5 | M5: =L5*M6 | O5: =N5-K5 | R5: =Q5-N5 | U5: =T5-Q5 | X5: =W5-T5 | AA5: =Z5-W5 | AD5: =AC5-Z5 | AG5: =AF5-AC5 | AJ5: =AI5-AF5 | AM5: =AL5-AI5 | AP5: =AO5-AL5 | AS5: =AR5-AO5 | AV5: =AU5-AR5 | AY5: =AX5-AU5 | BB5: =BA5-AX5 | BE5: =BD5-BA5 | BH5: =BG5-BD5 | BK5: =BJ5-BG5 | BN5: =BM5-BJ5 | BQ5: =BP5-BM5 | BT5: =BS5-BP5 | BW5: =BV5-BS5 | BZ5: =BY5-BV5 | CC5: =CB5-BY5
A6: Имя 1 | B6: =[1]Реестр!M2 | C6: Водоканал холодная Тариф | G6: ='[1]0. ГИРА'!G6 | J6: ='[1]0. ГИРА'!J6 | M6: ='[1]0. ГИРА'!M6 | P6: ='[1]0. ГИРА'!P6 | S6: ='[1]0. ГИРА'!S6 | V6: ='[1]0. ГИРА'!V6 | Y6: ='[1]0. ГИРА'!Y6 | AB6: ='[1]0. ГИРА'!AB6 | AE6: ='[1]0. ГИРА'!AE6 | AH6: ='[1]0. ГИРА'!AH6 | AK6: ='[1]0. ГИРА'!AK6 | AN6: ='[1]0. ГИРА'!AN6 | AQ6: ='[1]0. ГИРА'!AQ6 | AT6: ='[1]0. ГИРА'!AT6 | AW6: ='[1]0. ГИРА'!AW6 | AZ6: ='[1]0. ГИРА'!AZ6 | BC6: ='[1]0. ГИРА'!BC6 | BF6: ='[1]0. ГИРА'!BF6 | BI6: ='[1]0. ГИРА'!BI6 | BL6: ='[1]0. ГИРА'!BL6 | BO6: ='[1]0. ГИРА'!BO6 | BR6: ='[1]0. ГИРА'!BR6 | BU6: ='[1]0. ГИРА'!BU6 | BX6: ='[1]0. ГИРА'!BX6 | CA6: ='[1]0. ГИРА'!CA6 | CD6: ='[1]0. ГИРА'!CD6
A7: Контакт 1 | B7: =[1]Реестр!N2 | C7: Водоканал горячая вода | D7: 0 | E7: 0 | F7: =E7-D7 | G7: =G8*F7 | H7: 0 | I7: =H7-E7 | J7: =J8*I7 | K7: 0 | L7: =K7-H7 | M7: =M8*L7 | O7: =N7-K7 | P7: =P8*O7 | R7: =Q7-N7 | S7: =S8*R7 | U7: =T7-Q7 | V7: =V8*U7 | X7: =W7-T7 | Y7: =Y8*X7 | AA7: =Z7-W7 | AB7: =AB8*AA7 | AD7: =AC7-Z7 | AE7: =AE8*AD7 | AG7: =AF7-AC7 | AH7: =AH8*AG7 | AJ7: =AI7-AF7 | AK7: =AK8*AJ7 | AM7: =AL7-AI7 | AN7: =AN8*AM7 | AP7: =AO7-AL7 | AQ7: =AQ8*AP7 | AS7: =AR7-AO7 | AT7: =AT8*AS7 | AV7: =AU7-AR7 | AW7: =AW8*AV7 | AY7: =AX7-AU7 | AZ7: =AZ8*AY7 | BB7: =BA7-AX7 | BC7: =BC8*BB7 | BE7: =BD7-BA7 | BF7: =BF8*BE7 | BH7: =BG7-BD7 | BI7: =BI8*BH7 | BK7: =BJ7-BG7 | BL7: =BL8*BK7 | BN7: =BM7-BJ7 | BO7: =BO8*BN7 | BQ7: =BP7-BM7 | BR7: =BR8*BQ7 | BT7: =BS7-BP7 | BU7: =BU8*BT7 | BW7: =BV7-BS7 | BX7: =BX8*BW7 | BZ7: =BY7-BV7 | CA7: =CA8*BZ7 | CC7: =CB7-BY7 | CD7: =CD8*CC7
A8: Имя 2 | B8: =[1]Реестр!O2 | C8: Водоканал горячая Тариф | G8: ='[1]0. ГИРА'!G8 | J8: ='[1]0. ГИРА'!J8 | M8: ='[1]0. ГИРА'!M8 | P8: ='[1]0. ГИРА'!P8 | S8: ='[1]0. ГИРА'!S8 | V8: ='[1]0. ГИРА'!V8 | Y8: ='[1]0. ГИРА'!Y8 | AB8: ='[1]0. ГИРА'!AB8 | AE8: ='[1]0. ГИРА'!AE8 | AH8: ='[1]0. ГИРА'!AH8 | AK8: ='[1]0. ГИРА'!AK8 | AN8: ='[1]0. ГИРА'!AN8 | AQ8: ='[1]0. ГИРА'!AQ8 | AT8: ='[1]0. ГИРА'!AT8 | AW8: ='[1]0. ГИРА'!AW8 | AZ8: ='[1]0. ГИРА'!AZ8 | BC8: ='[1]0. ГИРА'!BC8 | BF8: ='[1]0. ГИРА'!BF8 | BI8: ='[1]0. ГИРА'!BI8 | BL8: ='[1]0. ГИРА'!BL8 | BO8: ='[1]0. ГИРА'!BO8 | BR8: ='[1]0. ГИРА'!BR8 | BU8: ='[1]0. ГИРА'!BU8 | BX8: ='[1]0. ГИРА'!BX8 | CA8: ='[1]0. ГИРА'!CA8 | CD8: ='[1]0. ГИРА'!CD8
A9: Контакт 2 | B9: =[1]Реестр!P2 | C9: Тепло | F9: =E9-D9 | G9: =G10*B4 | I9: =H9-E9 | J9: =J10*E3 | L9: =K9-H9 | M9: =M10*$B4 | O9: =N9-K9 | P9: =P10*K3 | R9: =Q9-N9 | S9: =S10*N3 | U9: =T9-Q9 | V9: =V10*Q3 | X9: =W9-T9 | Y9: =Y10*T3 | AA9: =Z9-W9 | AB9: =AB10*W3 | AD9: =AC9-Z9 | AE9: =AE10*Z3 | AG9: =AF9-AC9 | AH9: =AH10*AC3 | AJ9: =AI9-AF9 | AK9: =AK10*AF3 | AM9: =AL9-AI9 | AN9: =AN10*AI3 | AP9: =AO9-AL9 | AQ9: =AQ10*AL3 | AS9: =AR9-AO9 | AT9: =AT10*AO3 | AV9: =AU9-AR9 | AW9: =AW10*AR3 | AY9: =AX9-AU9 | AZ9: =AZ10*AU3 | BB9: =BA9-AX9 | BC9: =BC10*AX3 | BE9: =BD9-BA9 | BF9: =BF10*BA3 | BH9: =BG9-BD9 | BI9: =BI10*BD3 | BK9: =BJ9-BG9 | BL9: =BL10*BG3 | BN9: =BM9-BJ9 | BO9: =BO10*BJ3 | BQ9: =BP9-BM9 | BR9: =BR10*BM3 | BT9: =BS9-BP9 | BU9: =BU10*BP3 | BW9: =BV9-BS9 | BX9: =BX10*BS3 | BZ9: =BY9-BV9 | CA9: =CA10*BV3 | CC9: =CB9-BY9 | CD9: =CD10*BY3
C10: Тепло тариф | G10: ='[1]0. ГИРА'!G10 | J10: ='[1]0. ГИРА'!J10 | M10: ='[1]0. ГИРА'!M10 | P10: ='[1]0. ГИРА'!P10 | S10: ='[1]0. ГИРА'!S10 | V10: ='[1]0. ГИРА'!V10 | Y10: ='[1]0. ГИРА'!Y10 | AB10: ='[1]0. ГИРА'!AB10 | AE10: ='[1]0. ГИРА'!AE10 | AH10: ='[1]0. ГИРА'!AH10 | AK10: ='[1]0. ГИРА'!AK10 | AN10: ='[1]0. ГИРА'!AN10 | AQ10: ='[1]0. ГИРА'!AQ10 | AT10: ='[1]0. ГИРА'!AT10 | AW10: ='[1]0. ГИРА'!AW10 | AZ10: ='[1]0. ГИРА'!AZ10 | BC10: ='[1]0. ГИРА'!BC10 | BF10: ='[1]0. ГИРА'!BF10 | BI10: ='[1]0. ГИРА'!BI10 | BL10: ='[1]0. ГИРА'!BL10 | BO10: ='[1]0. ГИРА'!BO10 | BR10: ='[1]0. ГИРА'!BR10 | BU10: ='[1]0. ГИРА'!BU10 | BX10: ='[1]0. ГИРА'!BX10 | CA10: ='[1]0. ГИРА'!CA10 | CD10: ='[1]0. ГИРА'!CD10
A11: Номер счетчика | C11: Экспл. Услуги от УК | F11: =E11-D11 | G11: ='[1]0. ГИРА'!G12 | I11: =H11-G11 | J11: ='[1]0. ГИРА'!J12 | L11: =K11-J11 | M11: ='[1]0. ГИРА'!M12 | O11: =N11-M11 | P11: ='[1]0. ГИРА'!P12 | R11: =Q11-P11 | S11: ='[1]0. ГИРА'!S12 | U11: =T11-S11 | V11: ='[1]0. ГИРА'!V12 | X11: =W11-T11 | Y11: =Y12*T3 | AA11: =Z11-W11 | AB11: =AB12*W3 | AD11: =AC11-Z11 | AE11: =AE12*Z3 | AG11: =AF11-AC11 | AH11: =AH12*AC3 | AJ11: =AI11-AF11 | AK11: =AK12*AF3 | AM11: =AL11-AI11 | AN11: =AN12*AI3 | AP11: =AO11-AL11 | AQ11: =AQ12*AL3 | AS11: =AR11-AO11 | AT11: =AT12*AO3 | AV11: =AU11-AR11 | AW11: =AW12*AR3 | AY11: =AX11-AU11 | AZ11: =AZ12*AU3 | BB11: =BA11-AX11 | BC11: =BC12*AX3 | BE11: =BD11-BA11 | BF11: =BF12*BA3 | BH11: =BG11-BD11 | BI11: =BI12*BD3 | BK11: =BJ11-BG11 | BL11: =BL12*BG3 | BN11: =BM11-BJ11 | BO11: =BO12*BJ3 | BQ11: =BP11-BM11 | BR11: =BR12*BM3 | BT11: =BS11-BP11 | BU11: =BU12*BP3 | BW11: =BV11-BS11 | BX11: =BX12*BS3 | BZ11: =BY11-BV11 | CA11: =CA12*BV3 | CC11: =CB11-BY11 | CD11: =CD12*BY3
C12: Экспл. Услуги от УК тариф | G12: ='[1]0. ГИРА'!G12 | J12: ='[1]0. ГИРА'!J12 | M12: ='[1]0. ГИРА'!M12 | P12: ='[1]0. ГИРА'!P12 | S12: ='[1]0. ГИРА'!S12 | V12: ='[1]0. ГИРА'!V12 | Y12: ='[1]0. ГИРА'!Y12 | AB12: ='[1]0. ГИРА'!AB12 | AE12: ='[1]0. ГИРА'!AE12 | AH12: ='[1]0. ГИРА'!AH12 | AK12: ='[1]0. ГИРА'!AK12 | AN12: ='[1]0. ГИРА'!AN12 | AQ12: ='[1]0. ГИРА'!AQ12 | AT12: ='[1]0. ГИРА'!AT12 | AW12: ='[1]0. ГИРА'!AW12 | AZ12: ='[1]0. ГИРА'!AZ12 | BC12: ='[1]0. ГИРА'!BC12 | BF12: ='[1]0. ГИРА'!BF12 | BI12: ='[1]0. ГИРА'!BI12 | BL12: ='[1]0. ГИРА'!BL12 | BO12: ='[1]0. ГИРА'!BO12 | BR12: ='[1]0. ГИРА'!BR12 | BU12: ='[1]0. ГИРА'!BU12 | BX12: ='[1]0. ГИРА'!BX12 | CA12: ='[1]0. ГИРА'!CA12 | CD12: ='[1]0. ГИРА'!CD12

Sheet K666.0_1
A1: ИНН | B1: =[1]Реестр!D2 | C1: Месяц | D1: 45962 | E1: 45992 | F1: Потребл. | G1: 45962 | H1: 46023 | I1: Потребл. | J1: 45992 | K1: 46054 | L1: Потребл. | M1: 46023 | N1: 46082 | O1: Потребл. | P1: 46054 | Q1: 46113 | R1: Потребл. | S1: 46082 | T1: 46143 | U1: Потребл. | V1: 46113 | W1: 46174 | X1: Потребл. | Y1: 46143 | Z1: 46204 | AA1: Потребл. | AB1: 46174 | AC1: 46235 | AD1: Потребл. | AE1: 46204 | AF1: 46266 | AG1: Потребл. | AH1: 46235 | AI1: 46296 | AJ1: Потребл. | AK1: 46266 | AL1: 46327 | AM1: Потребл. | AN1: 46296 | AO1: 46357 | AP1: Потребл. | AQ1: 46327 | AR1: 46388 | AS1: Потребл. | AT1: 46357 | AU1: 46419 | AV1: Потребл. | AW1: 46388 | AX1: 46447 | AY1: Потребл. | AZ1: 46419 | BA1: 46478 | BB1: Потребл. | BC1: 46447 | BD1: 46508 | BE1: Потребл. | BF1: 46478 | BG1: 46539 | BH1: Потребл. | BI1: 46508 | BJ1: 46569 | BK1: Потребл. | BL1: 46539 | BM1: 46600 | BN1: Потребл. | BO1: 46569 | BP1: 46631 | BQ1: Потребл. | BR1: 46600 | BS1: 46661 | BT1: Потребл. | BU1: 46631 | BV1: 46692 | BW1: Потребл. | BX1: 46661 | BY1: 46722 | BZ1: Потребл. | CA1: 46692 | CB1: 46753 | CC1: Потребл. | CD1: 46722
A2: Кадастр | B2: =[2]Реестр!B2 | D2: знач. | E2: знач. | F2: знач. | G2: руб. | H2: знач. | I2: знач. | J2: руб. | K2: знач. | L2: знач. | M2: руб. | N2: знач. | O2: знач | P2: руб. | Q2: знач. | R2: знач. | S2: руб. | T2: знач. | U2: знач. | V2: руб. | W2: знач. | X2: знач. | Y2: руб. | Z2: знач. | AA2: знач. | AB2: руб. | AC2: знач. | AD2: знач. | AE2: руб. | AF2: знач. | AG2: знач. | AH2: руб. | AI2: знач. | AJ2: знач. | AK2: руб. | AL2: знач. | AM2: знач. | AN2: руб. | AO2: знач. | AP2: знач. | AQ2: руб. | AR2: знач. | AS2: знач. | AT2: руб. | AU2: знач. | AV2: знач. | AW2: руб. | AX2: знач. | AY2: знач. | AZ2: руб. | BA2: знач. | BB2: знач. | BC2: руб. | BD2: знач. | BE2: знач. | BF2: руб. | BG2: знач. | BH2: знач. | BI2: руб. | BJ2: знач. | BK2: знач. | BL2: руб. | BM2: знач. | BN2: знач. | BO2: руб. | BP2: знач. | BQ2: знач. | BR2: руб. | BS2: знач. | BT2: знач. | BU2: руб. | BV2: знач. | BW2: знач. | BX2: руб. | BY2: знач. | BZ2: знач. | CA2: руб. | CB2: знач. | CC2: знач. | CD2: руб.
