Workbook

Sheet 0. ГИРА
A1: Кадастр | B1: 1006 | C1: Месяц | D1: 45962 | E1: 45992 | F1: Потребл. | G1: 45962 | H1: 46023 | I1: Потребл. | J1: 45992 | K1: 46054 | L1: Потребл. | M1: 46023 | N1: 46082 | O1: Потребл. | P1: 46054 | Q1: 46113 | R1: Потребл. | S1: 46082 | T1: 46143 | U1: Потребл. | V1: 46113 | W1: 46174 | X1: Потребл. | Y1: 46143 | Z1: 46204 | AA1: Потребл. | AB1: 46174 | AC1: 46235 | AD1: Потребл. | AE1: 46204 | AF1: 46266 | AG1: Потребл. | AH1: 46235 | AI1: 46296 | AJ1: Потребл. | AK1: 46266 | AL1: 46327 | AM1: Потребл. | AN1: 46296 | AO1: 46357 | AP1: Потребл. | AQ1: 46327 | AR1: 46388 | AS1: Потребл. | AT1: 46357 | AU1: 46419 | AV1: Потребл. | AW1: 46388 | AX1: 46447 | AY1: Потребл. | AZ1: 46419 | BA1: 46478 | BB1: Потребл. | BC1: 46447 | BD1: 46508 | BE1: Потребл. | BF1: 46478 | BG1: 46539 | BH1: Потребл. | BI1: 46508 | BJ1: 46569 | BK1: Потребл. | BL1: 46539 | BM1: 46600 | BN1: Потребл. | BO1: 46569 | BP1: 46631 | BQ1: Потребл. | BR1: 46600 | BS1: 46661 | BT1: Потребл. | BU1: 46631 | BV1: 46692 | BW1: Потребл. | BX1: 46661 | BY1: 46722 | BZ1: Потребл. | CA1: 46692
A2: Потребитель | B2: ГИРА | D2: знач. | E2: знач. | F2: знач. | G2: руб. | H2: знач. | I2: знач. | J2: руб. | K2: знач. | L2: знач. | M2: руб. | N2: знач. | O2: знач. | P2: руб. | Q2: знач. | R2: знач. | S2: руб. | T2: знач. | U2: знач. | V2: руб. | W2: знач. | X2: знач. | Y2: руб. | Z2: знач. | AA2: знач. | AB2: руб. | AC2: знач. | AD2: знач. | AE2: руб. | AF2: знач. | AG2: знач. | AH2: руб. | AI2: знач. | AJ2: знач. | AK2: руб. | AL2: знач. | AM2: знач. | AN2: руб. | AO2: знач. | AP2: знач. | AQ2: руб. | AR2: знач. | AS2: знач. | AT2: руб. | AU2: знач. | AV2: знач. | AW2: руб. | AX2: знач. | AY2: знач. | AZ2: руб. | BA2: знач. | BB2: знач. | BC2: руб. | BD2: знач. | BE2: знач. | BF2: руб. | BG2: знач. | BH2: знач. | BI2: руб. | BJ2: знач. | BK2: знач. | BL2: руб. | BM2: знач. | BN2: знач. | BO2: руб. | BP2: знач. | BQ2: знач. | BR2: руб. | BS2: знач. | BT2: знач. | BU2: руб. | BV2: знач. | BW2: знач. | BX2: руб. | BY2: знач. | BZ2: знач. | CA2: руб.
A3: Площадь | B3: 487.45 | C3: Электричество | D3: 245000 | E3: 245035 | F3: =E3-D3 -> 35 | G3: 210 | H3: 245077 | I3: =H3-E3 -> 42 | J3: 252 | K3: 1111 | L3: =K3-H3 -> -243966 | M3: 253
A4: ИНН | C4: Электричество тариф | G4: =G3/F3 -> 6 | J4: =J3/I3 -> 6 | M4: =M3/L3 -> -0.0010370298
A5: Кол-во помещ | B5: 7 | C5: Водоканал холодная вода | D5: 32400 | E5: 32435 | F5: =E5-D5 -> 35 | G5: 2100 | H5: 32477 | I5: =H5-E5 -> 42 | J5: 2520 | K5: 32519 | L5: =K5-H5 -> 42 | M5: 2000
C6: Водоканал холодная Тариф | G6: =G5/F5 -> 60 | J6: =J5/I5 -> 60 | M6: =M5/L5 -> 47.619048
C7: Водоканал горячая вода | D7: 17800 | E7: 17835 | F7: =E7-D7 -> 35 | G7: 10500 | H7: 17877 | I7: =H7-E7 -> 42 | J7: 12600 | K7: 17919 | L7: =K7-H7 -> 42 | M7: 12600
C8: Водоканал горячая Тариф | G8: =G7/F7 -> 300 | J8: =J7/I7 -> 300 | M8: 300
C9: Тепло | G9: 87500 | J9: 105000 | K9: 10000 | M9: 90000 | P9: 0 | S9: 0 | V9: 0 | Y9: 0 | AB9: 0 | AE9: 0 | AH9: 0 | AK9: 0 | AN9: 0 | AQ9: 0 | AT9: 0 | AW9: 0 | AZ9: 0 | BC9: 0 | BF9: 0 | BI9: 0 | BL9: 0 | BO9: 0 | BR9: 0 | BU9: 21 | BX9: 22 | CA9: 23
C10: Тепло тариф | G10: 179.50559 | J10: 215.40671 | M10: 179.50559
C11: Экспл. Услуги от УК | G11: 70000 | J11: 85000 | M11: 90000 | P11: 0 | S11: 0 | V11: 0 | Y11: 0 | AB11: 0 | AE11: 0 | AH11: 0 | AK11: 0 | AN11: 0 | AQ11: 0 | AT11: 0 | AW11: 0 | AZ11: 0 | BC11: 0 | BF11: 0 | BI11: 0 | BL11: 0 | BO11: 0 | BR11: 0 | BU11: 21 | BX11: 22 | CA11: 23
C12: Экспл. Услуги от УК тариф | G12: 174.37686 | J12: 174.37686 | M12: 164.1194
B14: Физическое снятие показаний
B15: Из счёт фактуры должно подгятиваться
B16: Расчётные ячейки

Sheet К123,40
A1: ИНН | C1: Месяц | D1: 45962 | E1: 45992 | F1: Потребл. | G1: 45962 | H1: 46023 | I1: Потребл. | J1: 45992 | K1: 46054 | L1: Потребл. | M1: 46023 | N1: 46082 | O1: Потребл. | P1: 46054 | Q1: 46113 | R1: Потребл. | S1: 46082 | T1: 46143 | U1: Потребл. | V1: 46113 | W1: 46174 | X1: Потребл. | Y1: 46143 | Z1: 46204 | AA1: Потребл. | AB1: 46174 | AC1: 46235 | AD1: Потребл. | AE1: 46204 | AF1: 46266 | AG1: Потребл. | AH1: 46235 | AI1: 46296 | AJ1: Потребл. | AK1: 46266 | AL1: 46327 | AM1: Потребл. | AN1: 46296 | AO1: 46357 | AP1: Потребл. | AQ1: 46327 | AR1: 46388 | AS1: Потребл. | AT1: 46357 | AU1: 46419 | AV1: Потребл. | AW1: 46388 | AX1: 46447 | AY1: Потребл. | AZ1: 46419 | BA1: 46478 | BB1: Потребл. | BC1: 46447 | BD1: 46508 | BE1: Потребл. | BF1: 46478 | BG1: 46539 | BH1: Потребл. | BI1: 46508 | BJ1: 46569 | BK1: Потребл. | BL1: 46539 | BM1: 46600 | BN1: Потребл. | BO1: 46569 | BP1: 46631 | BQ1: Потребл. | BR1: 46600 | BS1: 46661 | BT1: Потребл. | BU1: 46631 | BV1: 46692 | BW1: Потребл. | BX1: 46661 | BY1: 46722 | BZ1: Потребл. | CA1: 46692 | CB1: 46753 | CC1: Потребл. | CD1: 46722
A2: Кадастр | D2: знач. | E2: знач. | F2: знач. | G2: руб. | H2: знач. | I2: знач. | J2: руб. | K2: знач. | L2: знач. | M2: руб. | N2: знач. | O2: знач | P2: руб. | Q2: знач. | R2: знач. | S2: руб. | T2: знач. | U2: знач. | V2: руб. | W2: знач. | X2: знач. | Y2: руб. | Z2: знач. | AA2: знач. | AB2: руб. | AC2: знач. | AD2: знач. | AE2: руб. | AF2: знач. | AG2: знач. | AH2: руб. | AI2: знач. | AJ2: знач. | AK2: руб. | AL2: знач. | AM2: знач. | AN2: руб. | AO2: знач. | AP2: знач. | AQ2: руб. | AR2: знач. | AS2: знач. | AT2: руб. | AU2: знач. | AV2: знач. | AW2: руб. | AX2: знач. | AY2: знач. | AZ2: руб. | BA2: знач. | BB2: знач. | BC2: руб. | BD2: знач. | BE2: знач. | BF2: руб. | BG2: знач. | BH2: знач. | BI2: руб. | BJ2: знач. | BK2: знач. | BL2: руб. | BM2: знач. | BN2: знач. | BO2: руб. | BP2: знач. | BQ2: знач. | BR2: руб. | BS2: знач. | BT2: знач. | BU2: руб. | BV2: знач. | BW2: знач. | BX2: руб. | BY2: знач. | BZ2: знач. | CA2: руб. | CB2: знач. | CC2: знач. | CD2: руб.
A3: Арендатор | C3: Электричество | D3: 245380 | E3: 245590 | H3: 245835 | K3: 246105
A4: Площадь | C4: Электричество тариф
C5: Водоканал холодная вода | D5: 32450 | E5: 32455 | H5: 32461 | K5: 32466
A6: Имя 1 | C6: Водоканал холодная Тариф
A7: Контакт 1 | C7: Водоканал горячая вода | D7: 17820 | E7: 17823 | H7: 17827 | K7: 17831
A8: Имя 2 | C8: Водоканал горячая Тариф
A9: Контакт 2 | C9: Тепло
C10: Тепло тариф
A11: Номер счетчика | C11: Экспл. Услуги от УК
C12: Экспл. Услуги от УК тариф

Sheet К102,60
A1: Кадастр | B1: 1006 | C1: Месяц | D1: 45962 | E1: 45992 | F1: Потребл. | G1: 45962 | H1: 46023 | I1: Потребл. | J1: 45992 | K1: 46054 | L1: Потребл. | M1: 46023 | N1: 46082 | O1: Потребл. | P1: 46054 | Q1: 46113 | R1: Потребл. | S1: 46082 | T1: 46143 | U1: Потребл. | V1: 46113 | W1: 46174 | X1: Потребл. | Y1: 46143 | Z1: 46204 | AA1: Потребл. | AB1: 46174 | AC1: 46235 | AD1: Потребл. | AE1: 46204 | AF1: 46266 | AG1: Потребл. | AH1: 46235 | AI1: 46296 | AJ1: Потребл. | AK1: 46266 | AL1: 46327 | AM1: Потребл. | AN1: 46296 | AO1: 46357 | AP1: Потребл. | AQ1: 46327 | AR1: 46388 | AS1: Потребл. | AT1: 46357 | AU1: 46419 | AV1: Потребл. | AW1: 46388 | AX1: 46447 | AY1: Потребл. | AZ1: 46419 | BA1: 46478 | BB1: Потребл. | BC1: 46447 | BD1: 46508 | BE1: Потребл. | BF1: 46478 | BG1: 46539 | BH1: Потребл. | BI1: 46508 | BJ1: 46569 | BK1: Потребл. | BL1: 46539 | BM1: 46600 | BN1: Потребл. | BO1: 46569 | BP1: 46631 | BQ1: Потребл. | BR1: 46600 | BS1: 46661 | BT1: Потребл. | BU1: 46631 | BV1: 46692 | BW1: Потребл. | BX1: 46661 | BY1: 46722 | BZ1: Потребл. | CA1: 46692 | CB1: 46753 | CC1: Потребл. | CD1: 46722
A2: Потребитель | B2: ГИРА | D2: знач. | E2: знач. | F2: знач. | G2: руб. | H2: знач. | I2: знач. | J2: руб. | K2: знач. | L2: знач. | M2: руб. | N2: знач. | O2: знач | P2: руб. | Q2: знач. | R2: знач. | S2: руб. | T2: знач. | U2: знач. | V2: руб. | W2: знач. | X2: знач. | Y2: руб. | Z2: знач. | AA2: знач. | AB2: руб. | AC2: знач. | AD2: знач. | AE2: руб. | AF2: знач. | AG2: знач. | AH2: руб. | AI2: знач. | AJ2: знач. | AK2: руб. | AL2: знач. | AM2: знач. | AN2: руб. | AO2: знач. | AP2: знач. | AQ2: руб. | AR2: знач. | AS2: знач. | AT2: руб. | AU2: знач. | AV2: знач. | AW2: руб. | AX2: знач. | AY2: знач. | AZ2: руб. | BA2: знач. | BB2: знач. | BC2: руб. | BD2: знач. | BE2: знач. | BF2: руб. | BG2: знач. | BH2: знач. | BI2: руб. | BJ2: знач. | BK2: знач. | BL2: руб. | BM2: знач. | BN2: знач. | BO2: руб. | BP2: знач. | BQ2: знач. | BR2: руб. | BS2: знач. | BT2: знач. | BU2: руб. | BV2: знач. | BW2: знач. | BX2: руб. | BY2: знач. | BZ2: знач. | CA2: руб. | CB2: знач. | CC2: знач. | CD2: руб.
A3: Площадь | B3: 487.45 | C3: Электричество | D3: 245000 | E3: 245035 | F3: =E3-D3 -> 35 | G3: =F3*G4 -> 210 | H3: 245077 | I3: =H3-E3 -> 42 | J3: =I3*J4 -> 252 | K3: 245112 | L3: =K3-H3 -> 35 | M3: =M4*L3 -> -0.036296041
A4: ИНН | C4: Электричество тариф | G4: ='0. ГИРА'!G4 -> 6 | J4: ='0. ГИРА'!J4 -> 6 | M4: ='0. ГИРА'!M4 -> -0.0010370298
A5: Кол-во помещ | B5: 7 | C5: Водоканал холодная вода | D5: 32400 | E5: 32435 | F5: =E5-D5 -> 35 | G5: 2100 | H5: 32477 | I5: =H5-E5 -> 42 | J5: =I5*J6 -> 2520 | K5: 32512 | L5: =K5-H5 -> 35 | M5: =L5*M6 -> 1666.6667
C6: Водоканал холодная Тариф | G6: 60 | J6: ='0. ГИРА'!J6 -> 60 | M6: ='0. ГИРА'!M6 -> 47.619048
C7: Водоканал горячая вода | D7: 17800 | E7: 17835 | F7: =E7-D7 -> 35 | G7: 10500 | H7: 17877 | I7: =H7-E7 -> 42 | J7: =I7*J8 -> 12600 | K7: 17912 | L7: =K7-H7 -> 35 | M7: =M8*L7 -> 10500
C8: Водоканал горячая Тариф | G8: 300 | J8: ='0. ГИРА'!J8 -> 300 | M8: ='0. ГИРА'!M8 -> 300
C9: Тепло | G9: 87500 | J9: 105000 | M9: =M10*$B3 -> 87500
C10: Тепло тариф | G10: 179.50559 | J10: 215.40671 | M10: ='0. ГИРА'!M10 -> 179.50559
C11: Экспл. Услуги от УК | G11: 70000 | J11: 85000
C12: Экспл. Услуги от УК тариф | G12: 174.37686 | J12: 174.37686

Sheet К45,20
A1: ИНН | C1: Месяц | D1: 45962 | E1: 45992 | F1: Потребл. | G1: 45962 | H1: 46023 | I1: Потребл. | J1: 45992 | K1: 46054 | L1: Потребл. | M1: 46023 | N1: 46082 | O1: Потребл. | P1: 46054 | Q1: 46113 | R1: Потребл. | S1: 46082 | T1: 46143 | U1: Потребл. | V1: 46113 | W1: 46174 | X1: Потребл. | Y1: 46143 | Z1: 46204 | AA1: Потребл. | AB1: 46174 | AC1: 46235 | AD1: Потребл. | AE1: 46204 | AF1: 46266 | AG1: Потребл. | AH1: 46235 | AI1: 46296 | AJ1: Потребл. | AK1: 46266 | AL1: 46327 | AM1: Потребл. | AN1: 46296 | AO1: 46357 | AP1: Потребл. | AQ1: 46327 | AR1: 46388 | AS1: Потребл. | AT1: 46357 | AU1: 46419 | AV1: Потребл. | AW1: 46388 | AX1: 46447 | AY1: Потребл. | AZ1: 46419 | BA1: 46478 | BB1: Потребл. | BC1: 46447 | BD1: 46508 | BE1: Потребл. | BF1: 46478 | BG1: 46539 | BH1: Потребл. | BI1: 46508 | BJ1: 46569 | BK1: Потребл. | BL1: 46539 | BM1: 46600 | BN1: Потребл. | BO1: 46569 | BP1: 46631 | BQ1: Потребл. | BR1: 46600 | BS1: 46661 | BT1: Потребл. | BU1: 46631 | BV1: 46692 | BW1: Потребл. | BX1: 46661 | BY1: 46722 | BZ1: Потребл. | CA1: 46692 | CB1: 46753 | CC1: Потребл. | CD1: 46722
A2: Кадастр | D2: знач. | E2: знач. | F2: знач. | G2: руб. | H2: знач. | I2: знач. | J2: руб. | K2: знач. | L2: знач. | M2: руб. | N2: знач. | O2: знач | P2: руб. | Q2: знач. | R2: знач. | S2: руб. | T2: знач. | U2: знач. | V2: руб. | W2: знач. | X2: знач. | Y2: руб. | Z2: знач. | AA2: знач. | AB2: руб. | AC2: знач. | AD2: знач. | AE2: руб. | AF2: знач. | AG2: знач. | AH2: руб. | AI2: знач. | AJ2: знач. | AK2: руб. | AL2: знач. | AM2: знач. | AN2: руб. | AO2: знач. | AP2: знач. | AQ2: руб. | AR2: знач. | AS2: знач. | AT2: руб. | AU2: знач. | AV2: знач. | AW2: руб. | AX2: знач. | AY2: знач. | AZ2: руб. | BA2: знач. | BB2: знач. | BC2: руб. | BD2: знач. | BE2: знач. | BF2: руб. | BG2: знач. | BH2: знач. | BI2: руб. | BJ2: знач. | BK2: знач. | BL2: руб. | BM2: знач. | BN2: знач. | BO2: руб. | BP2: знач. | BQ2: знач. | BR2: руб. | BS2: знач. | BT2: знач. | BU2: руб. | BV2: знач. | BW2: знач. | BX2: руб. | BY2: знач. | BZ2: знач. | CA2: руб. | CB2: знач. | CC2: знач. | CD2: руб.
A3: Арендатор | C3: Электричество | D3: 245380 | E3: 245590 | H3: 245835 | K3: 246105
A4: Площадь | C4: Электричество тариф
C5: Водоканал холодная вода | D5: 32450 | E5: 32455 | H5: 32461 | K5: 32466
A6: Имя 1 | C6: Водоканал холодная Тариф
A7: Контакт 1 | C7: Водоканал горячая вода | D7: 17820 | E7: 17823 | H7: 17827 | K7: 17831
A8: Имя 2 | C8: Водоканал горячая Тариф
A9: Контакт 2 | C9: Тепло
C10: Тепло тариф
A11: Номер счетчика | C11: Экспл. Услуги от УК
C12: Экспл. Услуги от УК тариф

Sheet К43,30
A1: ИНН | C1: Месяц | D1: 45962 | E1: 45992 | F1: Потребл. | G1: 45962 | H1: 46023 | I1: Потребл. | J1: 45992 | K1: 46054 | L1: Потребл. | M1: 46023 | N1: 46082 | O1: Потребл. | P1: 46054 | Q1: 46113 | R1: Потребл. | S1: 46082 | T1: 46143 | U1: Потребл. | V1: 46113 | W1: 46174 | X1: Потребл. | Y1: 46143 | Z1: 46204 | AA1: Потребл. | AB1: 46174 | AC1: 46235 | AD1: Потребл. | AE1: 46204 | AF1: 46266 | AG1: Потребл. | AH1: 46235 | AI1: 46296 | AJ1: Потребл. | AK1: 46266 | AL1: 46327 | AM1: Потребл. | AN1: 46296 | AO1: 46357 | AP1: Потребл. | AQ1: 46327 | AR1: 46388 | AS1: Потребл. | AT1: 46357 | AU1: 46419 | AV1: Потребл. | AW1: 46388 | AX1: 46447 | AY1: Потребл. | AZ1: 46419 | BA1: 46478 | BB1: Потребл. | BC1: 46447 | BD1: 46508 | BE1: Потребл. | BF1: 46478 | BG1: 46539 | BH1: Потребл. | BI1: 46508 | BJ1: 46569 | BK1: Потребл. | BL1: 46539 | BM1: 46600 | BN1: Потребл. | BO1: 46569 | BP1: 46631 | BQ1: Потребл. | BR1: 46600 | BS1: 46661 | BT1: Потребл. | BU1: 46631 | BV1: 46692 | BW1: Потребл. | BX1: 46661 | BY1: 46722 | BZ1: Потребл. | CA1: 46692 | CB1: 46753 | CC1: Потребл. | CD1: 46722
A2: Кадастр | D2: знач. | E2: знач. | F2: знач. | G2: руб. | H2: знач. | I2: знач. | J2: руб. | K2: знач. | L2: знач. | M2: руб. | N2: знач. | O2: знач | P2: руб. | Q2: знач. | R2: знач. | S2: руб. | T2: знач. | U2: знач. | V2: руб. | W2: знач. | X2: знач. | Y2: руб. | Z2: знач. | AA2: знач. | AB2: руб. | AC2: знач. | AD2: знач. | AE2: руб. | AF2: знач. | AG2: знач. | AH2: руб. | AI2: знач. | AJ2: знач. | AK2: руб. | AL2: знач. | AM2: знач. | AN2: руб. | AO2: знач. | AP2: знач. | AQ2: руб. | AR2: знач. | AS2: знач. | AT2: руб. | AU2: знач. | AV2: знач. | AW2: руб. | AX2: знач. | AY2: знач. | AZ2: руб. | BA2: знач. | BB2: знач. | BC2: руб. | BD2: знач. | BE2: знач. | BF2: руб. | BG2: знач. | BH2: знач. | BI2: руб. | BJ2: знач. | BK2: знач. | BL2: руб. | BM2: знач. | BN2: знач. | BO2: руб. | BP2: знач. | BQ2: знач. | BR2: руб. | BS2: знач. | BT2: знач. | BU2: руб. | BV2: знач. | BW2: знач. | BX2: руб. | BY2: знач. | BZ2: знач. | CA2: руб. | CB2: знач. | CC2: знач. | CD2: руб.
A3: Арендатор | C3: Электричество | D3: 245380 | E3: 245590 | H3: 245835 | K3: 246105
A4: Площадь | C4: Электричество тариф
C5: Водоканал холодная вода | D5: 32450 | E5: 32455 | H5: 32461 | K5: 32466
A6: Имя 1 | C6: Водоканал холодная Тариф
A7: Контакт 1 | C7: Водоканал горячая вода | D7: 17820 | E7: 17823 | H7: 17827 | K7: 17831
A8: Имя 2 | C8: Водоканал горячая Тариф
A9: Контакт 2 | C9: Тепло
C10: Тепло тариф
A11: Номер счетчика | C11: Экспл. Услуги от УК
C12: Экспл. Услуги от УК тариф

Sheet К36,00
A1: ИНН | C1: Месяц | D1: 45962 | E1: 45992 | F1: Потребл. | G1: 45962 | H1: 46023 | I1: Потребл. | J1: 45992 | K1: 46054 | L1: Потребл. | M1: 46023 | N1: 46082 | O1: Потребл. | P1: 46054 | Q1: 46113 | R1: Потребл. | S1: 46082 | T1: 46143 | U1: Потребл. | V1: 46113 | W1: 46174 | X1: Потребл. | Y1: 46143 | Z1: 46204 | AA1: Потребл. | AB1: 46174 | AC1: 46235 | AD1: Потребл. | AE1: 46204 | AF1: 46266 | AG1: Потребл. | AH1: 46235 | AI1: 46296 | AJ1: Потребл. | AK1: 46266 | AL1: 46327 | AM1: Потребл. | AN1: 46296 | AO1: 46357 | AP1: Потребл. | AQ1: 46327 | AR1: 46388 | AS1: Потребл. | AT1: 46357 | AU1: 46419 | AV1: Потребл. | AW1: 46388 | AX1: 46447 | AY1: Потребл. | AZ1: 46419 | BA1: 46478 | BB1: Потребл. | BC1: 46447 | BD1: 46508 | BE1: Потребл. | BF1: 46478 | BG1: 46539 | BH1: Потребл. | BI1: 46508 | BJ1: 46569 | BK1: Потребл. | BL1: 46539 | BM1: 46600 | BN1: Потребл. | BO1: 46569 | BP1: 46631 | BQ1: Потребл. | BR1: 46600 | BS1: 46661 | BT1: Потребл. | BU1: 46631 | BV1: 46692 | BW1: Потребл. | BX1: 46661 | BY1: 46722 | BZ1: Потребл. | CA1: 46692 | CB1: 46753 | CC1: Потребл. | CD1: 46722
A2: Кадастр | D2: знач. | E2: знач. | F2: знач. | G2: руб. | H2: знач. | I2: знач. | J2: руб. | K2: знач. | L2: знач. | M2: руб. | N2: знач. | O2: знач | P2: руб. | Q2: знач. | R2: знач. | S2: руб. | T2: знач. | U2: знач. | V2: руб. | W2: знач. | X2: знач. | Y2: руб. | Z2: знач. | AA2: знач. | AB2: руб. | AC2: знач. | AD2: знач. | AE2: руб. | AF2: знач. | AG2: знач. | AH2: руб. | AI2: знач. | AJ2: знач. | AK2: руб. | AL2: знач. | AM2: знач. | AN2: руб. | AO2: знач. | AP2: знач. | AQ2: руб. | AR2: знач. | AS2: знач. | AT2: руб. | AU2: знач. | AV2: знач. | AW2: руб. | AX2: знач. | AY2: знач. | AZ2: руб. | BA2: знач. | BB2: знач. | BC2: руб. | BD2: знач. | BE2: знач. | BF2: руб. | BG2: знач. | BH2: знач. | BI2: руб. | BJ2: знач. | BK2: знач. | BL2: руб. | BM2: знач. | BN2: знач. | BO2: руб. | BP2: знач. | BQ2: знач. | BR2: руб. | BS2: знач. | BT2: знач. | BU2: руб. | BV2: знач. | BW2: знач. | BX2: руб. | BY2: знач. | BZ2: знач. | CA2: руб. | CB2: знач. | CC2: знач. | CD2: руб.
A3: Арендатор | C3: Электричество | D3: 245380 | E3: 245590 | H3: 245835 | K3: 246105
A4: Площадь | C4: Электричество тариф
C5: Водоканал холодная вода | D5: 32450 | E5: 32455 | H5: 32461 | K5: 32466
A6: Имя 1 | C6: Водоканал холодная Тариф
A7: Контакт 1 | C7: Водоканал горячая вода | D7: 17820 | E7: 17823 | H7: 17827 | K7: 17831
A8: Имя 2 | C8: Водоканал горячая Тариф
A9: Контакт 2 | C9: Тепло
C10: Тепло тариф
A11: Номер счетчика | B11: 111 000111,000788,000191, 11111111, 11111110 | C11: Экспл. Услуги от УК
C12: Экспл. Услуги от УК тариф

Sheet К28,35
A1: ИНН | C1: Месяц | D1: 45962 | E1: 45992 | F1: Потребл. | G1: 45962 | H1: 46023 | I1: Потребл. | J1: 45992 | K1: 46054 | L1: Потребл. | M1: 46023 | N1: 46082 | O1: Потребл. | P1: 46054 | Q1: 46113 | R1: Потребл. | S1: 46082 | T1: 46143 | U1: Потребл. | V1: 46113 | W1: 46174 | X1: Потребл. | Y1: 46143 | Z1: 46204 | AA1: Потребл. | AB1: 46174 | AC1: 46235 | AD1: Потребл. | AE1: 46204 | AF1: 46266 | AG1: Потребл. | AH1: 46235 | AI1: 46296 | AJ1: Потребл. | AK1: 46266 | AL1: 46327 | AM1: Потребл. | AN1: 46296 | AO1: 46357 | AP1: Потребл. | AQ1: 46327 | AR1: 46388 | AS1: Потребл. | AT1: 46357 | AU1: 46419 | AV1: Потребл. | AW1: 46388 | AX1: 46447 | AY1: Потребл. | AZ1: 46419 | BA1: 46478 | BB1: Потребл. | BC1: 46447 | BD1: 46508 | BE1: Потребл. | BF1: 46478 | BG1: 46539 | BH1: Потребл. | BI1: 46508 | BJ1: 46569 | BK1: Потребл. | BL1: 46539 | BM1: 46600 | BN1: Потребл. | BO1: 46569 | BP1: 46631 | BQ1: Потребл. | BR1: 46600 | BS1: 46661 | BT1: Потребл. | BU1: 46631 | BV1: 46692 | BW1: Потребл. | BX1: 46661 | BY1: 46722 | BZ1: Потребл. | CA1: 46692 | CB1: 46753 | CC1: Потребл. | CD1: 46722
A2: Кадастр | D2: знач. | E2: знач. | F2: знач. | G2: руб. | H2: знач. | I2: знач. | J2: руб. | K2: знач. | L2: знач. | M2: руб. | N2: знач. | O2: знач | P2: руб. | Q2: знач. | R2: знач. | S2: руб. | T2: знач. | U2: знач. | V2: руб. | W2: знач. | X2: знач. | Y2: руб. | Z2: знач. | AA2: знач. | AB2: руб. | AC2: знач. | AD2: знач. | AE2: руб. | AF2: знач. | AG2: знач. | AH2: руб. | AI2: знач. | AJ2: знач. | AK2: руб. | AL2: знач. | AM2: знач. | AN2: руб. | AO2: знач. | AP2: знач. | AQ2: руб. | AR2: знач. | AS2: знач. | AT2: руб. | AU2: знач. | AV2: знач. | AW2: руб. | AX2: знач. | AY2: знач. | AZ2: руб. | BA2: знач. | BB2: знач. | BC2: руб. | BD2: знач. | BE2: знач. | BF2: руб. | BG2: знач. | BH2: знач. | BI2: руб. | BJ2: знач. | BK2: знач. | BL2: руб. | BM2: знач. | BN2: знач. | BO2: руб. | BP2: знач. | BQ2: знач. | BR2: руб. | BS2: знач. | BT2: знач. | BU2: руб. | BV2: знач. | BW2: знач. | BX2: руб. | BY2: знач. | BZ2: знач. | CA2: руб. | CB2: знач. | CC2: знач. | CD2: руб.
A3: Арендатор | C3: Электричество | D3: 245380 | E3: 245590 | H3: 245835 | K3: 246105
A4: Площадь | C4: Электричество тариф
C5: Водоканал холодная вода | D5: 32450 | E5: 32455 | H5: 32461 | K5: 32466
A6: Имя 1 | C6: Водоканал холодная Тариф
A7: Контакт 1 | C7: Водоканал горячая вода | D7: 17820 | E7: 17823 | H7: 17827 | K7: 17831
A8: Имя 2 | C8: Водоканал горячая Тариф
A9: Контакт 2 | C9: Тепло
C10: Тепло тариф
C11: Экспл. Услуги от УК
A12: Номер счетчика | C12: Экспл. Услуги от УК тариф

Sheet К23
A1: ИНН | C1: Месяц | D1: 45962 | E1: 45992 | F1: Потребл. | G1: 45962 | H1: 46023 | I1: Потребл. | J1: 45992 | K1: 46054 | L1: Потребл. | M1: 46023 | N1: 46082 | O1: Потребл. | P1: 46054 | Q1: 46113 | R1: Потребл. | S1: 46082 | T1: 46143 | U1: Потребл. | V1: 46113 | W1: 46174 | X1: Потребл. | Y1: 46143 | Z1: 46204 | AA1: Потребл. | AB1: 46174 | AC1: 46235 | AD1: Потребл. | AE1: 46204 | AF1: 46266 | AG1: Потребл. | AH1: 46235 | AI1: 46296 | AJ1: Потребл. | AK1: 46266 | AL1: 46327 | AM1: Потребл. | AN1: 46296 | AO1: 46357 | AP1: Потребл. | AQ1: 46327 | AR1: 46388 | AS1: Потребл. | AT1: 46357 | AU1: 46419 | AV1: Потребл. | AW1: 46388 | AX1: 46447 | AY1: Потребл. | AZ1: 46419 | BA1: 46478 | BB1: Потребл. | BC1: 46447 | BD1: 46508 | BE1: Потребл. | BF1: 46478 | BG1: 46539 | BH1: Потребл. | BI1: 46508 | BJ1: 46569 | BK1: Потребл. | BL1: 46539 | BM1: 46600 | BN1: Потребл. | BO1: 46569 | BP1: 46631 | BQ1: Потребл. | BR1: 46600 | BS1: 46661 | BT1: Потребл. | BU1: 46631 | BV1: 46692 | BW1: Потребл. | BX1: 46661 | BY1: 46722 | BZ1: Потребл. | CA1: 46692 | CB1: 46753 | CC1: Потребл. | CD1: 46722
A2: Кадастр | D2: знач. | E2: знач. | F2: знач. | G2: руб. | H2: знач. | I2: знач. | J2: руб. | K2: знач. | L2: знач. | M2: руб. | N2: знач. | O2: знач | P2: руб. | Q2: знач. | R2: знач. | S2: руб. | T2: знач. | U2: знач. | V2: руб. | W2: знач. | X2: знач. | Y2: руб. | Z2: знач. | AA2: знач. | AB2: руб. | AC2: знач. | AD2: знач. | AE2: руб. | AF2: знач. | AG2: знач. | AH2: руб. | AI2: знач. | AJ2: знач. | AK2: руб. | AL2: знач. | AM2: знач. | AN2: руб. | AO2: знач. | AP2: знач. | AQ2: руб. | AR2: знач. | AS2: знач. | AT2: руб. | AU2: знач. | AV2: знач. | AW2: руб. | AX2: знач. | AY2: знач. | AZ2: руб. | BA2: знач. | BB2: знач. | BC2: руб. | BD2: знач. | BE2: знач. | BF2: руб. | BG2: знач. | BH2: знач. | BI2: руб. | BJ2: знач. | BK2: знач. | BL2: руб. | BM2: знач. | BN2: знач. | BO2: руб. | BP2: знач. | BQ2: знач. | BR2: руб. | BS2: знач. | BT2: знач. | BU2: руб. | BV2: знач. | BW2: знач. | BX2: руб. | BY2: знач. | BZ2: знач. | CA2: руб. | CB2: знач. | CC2: знач. | CD2: руб.
A3: Арендатор | C3: Электричество | D3: 245380 | E3: 245590 | H3: 245835 | K3: 246105
A4: Площадь | C4: Электричество тариф
C5: Водоканал холодная вода | D5: 32450 | E5: 32455 | H5: 32461 | K5: 32466
A6: Имя 1 | C6: Водоканал холодная Тариф
A7: Контакт 1 | C7: Водоканал горячая вода | D7: 17820 | E7: 17823 | H7: 17827 | K7: 17831
A8: Имя 2 | C8: Водоканал горячая Тариф
A9: Контакт 2 | C9: Тепло
C10: Тепло тариф
A11: Номер счетчика | C11: Экспл. Услуги от УК
C12: Экспл. Услуги от УК тариф

Sheet Реестр
A1: Договор | B1: Кадастр | C1: Помещение | D1: ИНН | E1: Форма бизнеса | F1: Арендатор | G1: Вид деятельности | H1: Площадь | I1: Листы | J1: Номер счетчика | K1: Акт п/п | L1: Счет | M1: Имя 1 | N1: Контакт 1 | O1: Имя 2 | P1: Контакт 2 | Q1: Собственник | R1: Фамилия | S1: Имя | T1: Отчество
A2: №99 12.02.2024 | B2: 1006:3090 | D2: 7701234567 | E2: ИП | F2: Гареева А.В. | G2: Магазин обоев | H2: 123.4 | I2: К123,40 | K2: 45367 | M2: Альфия | N2: 89503228511 | O2: Карина | P2: 89372840305 | Q2: ООО ГИРА | R2: Качков | S2: Тэстэ | T2: Стеронович
A3: №11 07.02.2025 | B3: 1006:3090 | D3: 9817291191 | E3: ИП | F3: Гарипов И.К. | G3: Памятники | H3: 102.6 | I3: К102,60 | K3: 45362 | M3: Ильнар | N3: 89053164414 | O3: - | P3: - | Q3: ООО ГИРА | R3: Понов | S3: Денис | T3: понович
A4: №56 02.02.2025 | B4: 1006:3090 | D4: 1111111111 | E4: ООО | F4: Нал | G4: Врач | H4: 45.2 | I4: К45,20 | K4: 44631 | M4: - | N4: - | O4: - | P4: - | Q4: ООО ГИРА | R4: Нагимов | S4: Ранель | T4: Алмазович
A5: №1 27.11.2025 | B5: 1006:3090 | D5: 5555555555 | E5: ООО | F5: Мясоо | G5: Мясная | H5: 43.3 | I5: К43,30 | K5: 45333 | M5: - | N5: - | O5: - | P5: - | Q5: ООО ГИРА
A6: №73 27.11.2023 | B6: 1006:3090 | D6: 2222222222 | E6: ИП | F6: Галяутдинова Н.А. | G6: Шоурум одежды | H6: 36 | I6: К36,00 | K6: 45275 | M6: Наталья | N6: 89655937317 | O6: - | P6: - | Q6: ИП Султанов Р.М
B7: 1006:3090 | F7: свободно | H7: 28.35 | I7: К28,35 | M7: - | N7: - | O7: - | P7: - | Q7: ООО ГИРА
B8: 1006:3090 | F8: свободно | H8: 23 | I8: К23 | M8: - | N8: - | O8: - | P8: - | Q8: ООО ГИРА
A20: количество

Sheet Аренда
E1: 45962 | G1: 45992 | I1: 46023 | K1: 46054 | M1: 46082 | O1: 46113 | Q1: 46143 | S1: 46174 | U1: 46204 | W1: 46235 | Y1: 46266 | AA1: 46296 | AC1: 46327 | AE1: 46357 | AG1: 46388 | AI1: 46419 | AK1: 46447 | AM1: 46478 | AO1: 46508 | AQ1: 46539 | AS1: 46569 | AU1: 46600 | AW1: 46631 | AY1: 46661 | BA1: 46692
A2: ИНН | B2: Арендатор | C2: Площадь | D2: Ставка | E2: Сумма | F2: Ставка | G2: Сумма | H2: Ставка | I2: Сумма | J2: Ставка | K2: Сумма | L2: Ставка | M2: Сумма | N2: Ставка | O2: Сумма | P2: Ставка | Q2: Сумма | R2: Ставка | S2: Сумма | T2: Ставка | U2: Сумма | V2: Ставка | W2: Сумма | X2: Ставка | Y2: Сумма | Z2: Ставка | AA2: Сумма | AB2: Ставка | AC2: Сумма | AD2: Ставка | AE2: Сумма | AF2: Ставка | AG2: Сумма | AH2: Ставка | AI2: Сумма | AJ2: Ставка | AK2: Сумма | AL2: Ставка | AM2: Сумма | AN2: Ставка | AO2: Сумма | AP2: Ставка | AQ2: Сумма | AR2: Ставка | AS2: Сумма | AT2: Ставка | AU2: Сумма | AV2: Ставка | AW2: Сумма | AX2: Ставка | AY2: Сумма | AZ2: Ставка | BA2: Сумма
D3: 1600
D4: 1800
D7: 2200
A15: 30 или 1 го выставляется до 5 го увед
