Workbook

Sheet 0. ГИРА
A1: Кадастр | B1: 1006 | C1: Месяц | D1: 45962 | E1: 45992 | F1: Потребл. | G1: 45962 | H1: 46023 | I1: Потребл. | J1: 45992 | K1: 46054 | L1: Потребл. | M1: 46023 | N1: 46082 | O1: Потребл. | P1: 46054 | Q1: 46113 | R1: Потребл. | S1: 46082 | T1: 46143 | U1: Потребл. | V1: 46113 | W1: 46174 | X1: Потребл. | Y1: 46143 | Z1: 46204 | AA1: Потребл. | AB1: 46174 | AC1: 46235 | AD1: Потребл. | AE1: 46204 | AF1: 46266 | AG1: Потребл. | AH1: 46235 | AI1: 46296 | AJ1: Потребл. | AK1: 46266 | AL1: 46327 | AM1: Потребл. | AN1: 46296 | AO1: 46357 | AP1: Потребл. | AQ1: 46327 | AR1: 46388 | AS1: Потребл. | AT1: 46357 | AU1: 46419 | AV1: Потребл. | AW1: 46388 | AX1: 46447 | AY1: Потребл. | AZ1: 46419 | BA1: 46478 | BB1: Потребл. | BC1: 46447 | BD1: 46508 | BE1: Потребл. | BF1: 46478 | BG1: 46539 | BH1: Потребл. | BI1: 46508 | BJ1: 46569 | BK1: Потребл. | BL1: 46539 | BM1: 46600 | BN1: Потребл. | BO1: 46569 | BP1: 46631 | BQ1: Потребл. | BR1: 46600 | BS1: 46661 | BT1: Потребл. | BU1: 46631 | BV1: 46692 | BW1: Потребл. | BX1: 46661 | BY1: 46722 | BZ1: Потребл. | CA1: 46692
A2: Потребитель | B2: ГИРА | D2: знач. | E2: знач. | F2: знач. | G2: руб. | H2: знач. | I2: знач. | J2: руб. | K2: знач. | L2: знач. | M2: руб. | N2: знач. | O2: знач. | P2: руб. | Q2: знач. | R2: знач. | S2: руб. | T2: знач. | U2: знач. | V2: руб. | W2: знач. | X2: знач. | Y2: руб. | Z2: знач. | AA2: знач. | AB2: руб. | AC2: знач. | AD2: знач. | AE2: руб. | AF2: знач. | AG2: знач. | AH2: руб. | AI2: знач. | AJ2: знач. | AK2: руб. | AL2: знач. | AM2: знач. | AN2: руб. | AO2: знач. | AP2: знач. | AQ2: руб. | AR2: знач. | AS2: знач. | AT2: руб. | AU2: знач. | AV2: знач. | AW2: руб. | AX2: знач. | AY2: знач. | AZ2: руб. | BA2: знач. | BB2: знач. | BC2: руб. | BD2: знач. | BE2: знач. | BF2: руб. | BG2: знач. | BH2: знач. | BI2: руб. | BJ2: знач. | BK2: знач. | BL2: руб. | BM2: знач. | BN2: знач. | BO2: руб. | BP2: знач. | BQ2: знач. | BR2: руб. | BS2: знач. | BT2: знач. | BU2: руб. | BV2: знач. | BW2: знач. | BX2: руб. | BY2: знач. | BZ2: знач. | CA2: руб.
A3: Площадь | B3: 487.45 | C3: Электричество | D3: 115000 | E3: 120000 | F3: 222222 | G3: 10000 | H3: 222222 | I3: =H3-E3 -> 102222 | J3: 20000 | K3: 245112 | L3: =K3-H3 -> 22890 | M3: 210 | O3: =N3-K3 -> -245112 | R3: =Q3-N3 -> 0 | U3: =T3-Q3 -> 0 | X3: =W3-T3 -> 0 | AA3: =Z3-W3 -> 0 | AD3: =AC3-Z3 -> 0 | AG3: =AF3-AC3 -> 0 | AJ3: =AI3-AF3 -> 0 | AM3: =AL3-AI3 -> 0 | AP3: =AO3-AL3 -> 0 | AS3: =AR3-AO3 -> 0 | AV3: =AU3-AR3 -> 0 | AY3: =AX3-AU3 -> 0 | BB3: =BA3-AX3 -> 0 | BE3: =BD3-BA3 -> 0 | BH3: =BG3-BD3 -> 0 | BK3: =BJ3-BG3 -> 0 | BN3: =BM3-BJ3 -> 0 | BQ3: =BP3-BM3 -> 0 | BT3: =BS3-BP3 -> 0 | BW3: =BV3-BS3 -> 0 | BZ3: =BY3-BV3 -> 0
A4: ИНН | C4: Электричество тариф | G4: =G3/F3 -> 0.045000045 | J4: =J3/I3 -> 0.1956526 | M4: =M3/L3 -> 0.0091743119 | P4: =P3/O3 -> 0 | S4: =S3/R3 -> #DIV/0! | V4: =V3/U3 -> #DIV/0! | Y4: =Y3/X3 -> #DIV/0! | AB4: =AB3/AA3 -> #DIV/0! | AE4: =AE3/AD3 -> #DIV/0! | AH4: =AH3/AG3 -> #DIV/0! | AK4: =AK3/AJ3 -> #DIV/0! | AN4: =AN3/AM3 -> #DIV/0! | AQ4: =AQ3/AP3 -> #DIV/0! | AT4: =AT3/AS3 -> #DIV/0! | AW4: =AW3/AV3 -> #DIV/0! | AZ4: =AZ3/AY3 -> #DIV/0! | BC4: =BC3/BB3 -> #DIV/0! | BF4: =BF3/BE3 -> #DIV/0! | BI4: =BI3/BH3 -> #DIV/0! | BL4: =BL3/BK3 -> #DIV/0! | BO4: =BO3/BN3 -> #DIV/0! | BR4: =BR3/BQ3 -> #DIV/0! | BU4: =BU3/BT3 -> #DIV/0! | BX4: =BX3/BW3 -> #DIV/0! | CA4: =CA3/BZ3 -> #DIV/0!
A5: Кол-во помещ | B5: 7 | C5: Водоканал холодная вода | D5: 115000 | E5: 120000 | F5: 222222 | G5: 15000 | H5: 222222 | I5: =H5-E5 -> 102222 | J5: 15000 | K5: 32512 | L5: =K5-H5 -> -189710 | M5: 2100 | O5: =N5-K5 -> -32512 | R5: =Q5-N5 -> 0 | U5: =T5-Q5 -> 0 | X5: =W5-T5 -> 0 | AA5: =Z5-W5 -> 0 | AD5: =AC5-Z5 -> 0 | AG5: =AF5-AC5 -> 0 | AJ5: =AI5-AF5 -> 0 | AM5: =AL5-AI5 -> 0 | AP5: =AO5-AL5 -> 0 | AS5: =AR5-AO5 -> 0 | AV5: =AU5-AR5 -> 0 | AY5: =AX5-AU5 -> 0 | BB5: =BA5-AX5 -> 0 | BE5: =BD5-BA5 -> 0 | BH5: =BG5-BD5 -> 0 | BK5: =BJ5-BG5 -> 0 | BN5: =BM5-BJ5 -> 0 | BQ5: =BP5-BM5 -> 0 | BT5: =BS5-BP5 -> 0 | BW5: =BV5-BS5 -> 0 | BZ5: =BY5-BV5 -> 0
C6: Водоканал холодная Тариф | G6: =G5/F5 -> 0.067500068 | J6: =J5/I5 -> 0.14673945 | M6: =M5/L5 -> -0.011069527 | P6: =P5/O5 -> 0 | S6: =S5/R5 -> #DIV/0! | V6: =V5/U5 -> #DIV/0! | Y6: =Y5/X5 -> #DIV/0! | AB6: =AB5/AA5 -> #DIV/0! | AE6: =AE5/AD5 -> #DIV/0! | AH6: =AH5/AG5 -> #DIV/0! | AK6: =AK5/AJ5 -> #DIV/0! | AN6: =AN5/AM5 -> #DIV/0! | AQ6: =AQ5/AP5 -> #DIV/0! | AT6: =AT5/AS5 -> #DIV/0! | AW6: =AW5/AV5 -> #DIV/0! | AZ6: =AZ5/AY5 -> #DIV/0! | BC6: =BC5/BB5 -> #DIV/0! | BF6: =BF5/BE5 -> #DIV/0! | BI6: =BI5/BH5 -> #DIV/0! | BL6: =BL5/BK5 -> #DIV/0! | BO6: =BO5/BN5 -> #DIV/0! | BR6: =BR5/BQ5 -> #DIV/0! | BU6: =BU5/BT5 -> #DIV/0! | BX6: =BX5/BW5 -> #DIV/0! | CA6: =CA5/BZ5 -> #DIV/0!
C7: Водоканал горячая вода | D7: 115000 | E7: 120000 | F7: 222222 | G7: 20000 | H7: 222222 | I7: =H7-E7 -> 102222 | J7: 20000 | K7: 17912 | L7: =K7-H7 -> -204310 | M7: 10500 | O7: =N7-K7 -> -17912 | R7: =Q7-N7 -> 0 | U7: =T7-Q7 -> 0 | X7: =W7-T7 -> 0 | AA7: =Z7-W7 -> 0 | AD7: =AC7-Z7 -> 0 | AG7: =AF7-AC7 -> 0 | AJ7: =AI7-AF7 -> 0 | AM7: =AL7-AI7 -> 0 | AP7: =AO7-AL7 -> 0 | AS7: =AR7-AO7 -> 0 | AV7: =AU7-AR7 -> 0 | AY7: =AX7-AU7 -> 0 | BB7: =BA7-AX7 -> 0 | BE7: =BD7-BA7 -> 0 | BH7: =BG7-BD7 -> 0 | BK7: =BJ7-BG7 -> 0 | BN7: =BM7-BJ7 -> 0 | BQ7: =BP7-BM7 -> 0 | BT7: =BS7-BP7 -> 0 | BW7: =BV7-BS7 -> 0 | BZ7: =BY7-BV7 -> 0
C8: Водоканал горячая Тариф | G8: =G7/F7 -> 0.09000009 | J8: =J7/I7 -> 0.1956526 | M8: =M7/L7 -> -0.051392492 | P8: =P7/O7 -> 0 | S8: =S7/R7 -> #DIV/0! | V8: =V7/U7 -> #DIV/0! | Y8: =Y7/X7 -> #DIV/0! | AB8: =AB7/AA7 -> #DIV/0! | AE8: =AE7/AD7 -> #DIV/0! | AH8: =AH7/AG7 -> #DIV/0! | AK8: =AK7/AJ7 -> #DIV/0! | AN8: =AN7/AM7 -> #DIV/0! | AQ8: =AQ7/AP7 -> #DIV/0! | AT8: =AT7/AS7 -> #DIV/0! | AW8: =AW7/AV7 -> #DIV/0! | AZ8: =AZ7/AY7 -> #DIV/0! | BC8: =BC7/BB7 -> #DIV/0! | BF8: =BF7/BE7 -> #DIV/0! | BI8: =BI7/BH7 -> #DIV/0! | BL8: =BL7/BK7 -> #DIV/0! | BO8: =BO7/BN7 -> #DIV/0! | BR8: =BR7/BQ7 -> #DIV/0! | BU8: =BU7/BT7 -> #DIV/0! | BX8: =BX7/BW7 -> #DIV/0! | CA8: =CA7/BZ7 -> #DIV/0!
C9: Тепло | F9: 222222 | G9: 12000 | H9: 222222 | I9: 1000 | J9: 12000 | K9: 2000 | M9: 10000
C10: Тепло тариф | G10: =G9/$B3 -> 24.61791 | J10: =J9/$B3 -> 24.61791 | M10: =M9/$B3 -> 20.514925 | P10: =P9/$B3 -> 0 | S10: =S9/$B3 -> 0 | V10: =V9/$B3 -> 0 | Y10: =Y9/$B3 -> 0 | AB10: =AB9/$B3 -> 0 | AE10: =AE9/$B3 -> 0 | AH10: =AH9/$B3 -> 0 | AK10: =AK9/$B3 -> 0 | AN10: =AN9/$B3 -> 0 | AQ10: =AQ9/$B3 -> 0 | AT10: =AT9/$B3 -> 0 | AW10: =AW9/$B3 -> 0 | AZ10: =AZ9/$B3 -> 0 | BC10: =BC9/$B3 -> 0 | BF10: =BF9/$B3 -> 0 | BI10: =BI9/$B3 -> 0 | BL10: =BL9/$B3 -> 0 | BO10: =BO9/$B3 -> 0 | BR10: =BR9/$B3 -> 0 | BU10: =BU9/$B3 -> 0 | BX10: =BX9/$B3 -> 0 | CA10: =CA9/$B3 -> 0
C11: Экспл. Услуги от УК | G11: 85000 | H11: 222222 | I11: =J11/(Реестр!A20) -> #DIV/0! | J11: 85000 | L11: =M11/(Реестр!$A20) -> #DIV/0! | M11: 50000 | O11: =P11/(Реестр!$A20) -> #DIV/0! | R11: =S11/(Реестр!$A20) -> #DIV/0! | U11: =V11/(Реестр!$A20) -> #DIV/0! | X11: =Y11/(Реестр!$A20) -> #DIV/0! | AA11: =AB11/(Реестр!$A20) -> #DIV/0! | AD11: =AE11/(Реестр!$A20) -> #DIV/0! | AG11: =AH11/(Реестр!$A20) -> #DIV/0!
C12: Экспл. Услуги от УК тариф | G12: =G11/B5 -> 12142.857 | J12: =J11/$B3 -> 174.37686 | M12: =M11/$B3 -> 102.57462 | P12: =P11/$B3 -> 0 | S12: =S11/$B3 -> 0 | V12: =V11/$B3 -> 0 | Y12: =Y11/$B3 -> 0 | AB12: =AB11/$B3 -> 0 | AE12: =AE11/$B3 -> 0 | AH12: =AH11/$B3 -> 0 | AK12: =AK11/$B3 -> 0 | AN12: =AN11/$B3 -> 0 | AQ12: =AQ11/$B3 -> 0 | AT12: =AT11/$B3 -> 0 | AW12: =AW11/$B3 -> 0 | AZ12: =AZ11/$B3 -> 0 | BC12: =BC11/$B3 -> 0 | BF12: =BF11/$B3 -> 0 | BI12: =BI11/$B3 -> 0 | BL12: =BL11/$B3 -> 0 | BO12: =BO11/$B3 -> 0 | BR12: =BR11/$B3 -> 0 | BU12: =BU11/$B3 -> 0 | BX12: =BX11/$B3 -> 0 | CA12: =CA11/$B3 -> 0
B14: Физическое снятие показаний
B15: Из счёт фактуры должно подгятиваться
B16: Расчётные ячейки

Sheet К123,40
A1: ИНН | B1: =Реестр!D2 -> 444 | C1: Месяц | D1: 45962 | E1: 45992 | F1: Потребл. | G1: 45962 | H1: 46023 | I1: Потребл. | J1: 45992 | K1: 46054 | L1: Потребл. | M1: 46023 | N1: 46082 | O1: Потребл. | P1: 46054 | Q1: 46113 | R1: Потребл. | S1: 46082 | T1: 46143 | U1: Потребл. | V1: 46113 | W1: 46174 | X1: Потребл. | Y1: 46143 | Z1: 46204 | AA1: Потребл. | AB1: 46174 | AC1: 46235 | AD1: Потребл. | AE1: 46204 | AF1: 46266 | AG1: Потребл. | AH1: 46235 | AI1: 46296 | AJ1: Потребл. | AK1: 46266 | AL1: 46327 | AM1: Потребл. | AN1: 46296 | AO1: 46357 | AP1: Потребл. | AQ1: 46327 | AR1: 46388 | AS1: Потребл. | AT1: 46357 | AU1: 46419 | AV1: Потребл. | AW1: 46388 | AX1: 46447 | AY1: Потребл. | AZ1: 46419 | BA1: 46478 | BB1: Потребл. | BC1: 46447 | BD1: 46508 | BE1: Потребл. | BF1: 46478 | BG1: 46539 | BH1: Потребл. | BI1: 46508 | BJ1: 46569 | BK1: Потребл. | BL1: 46539 | BM1: 46600 | BN1: Потребл. | BO1: 46569 | BP1: 46631 | BQ1: Потребл. | BR1: 46600 | BS1: 46661 | BT1: Потребл. | BU1: 46631 | BV1: 46692 | BW1: Потребл. | BX1: 46661 | BY1: 46722 | BZ1: Потребл. | CA1: 46692 | CB1: 46753 | CC1: Потребл. | CD1: 46722
A2: Кадастр | B2: =Реестр!B2 -> 1006:3090 | D2: знач. | E2: знач. | F2: знач. | G2: руб. | H2: знач. | I2: знач. | J2: руб. | K2: знач. | L2: знач. | M2: руб. | N2: знач. | O2: знач | P2: руб. | Q2: знач. | R2: знач. | S2: руб. | T2: знач. | U2: знач. | V2: руб. | W2: знач. | X2: знач. | Y2: руб. | Z2: знач. | AA2: знач. | AB2: руб. | AC2: знач. | AD2: знач. | AE2: руб. | AF2: знач. | AG2: знач. | AH2: руб. | AI2: знач. | AJ2: знач. | AK2: руб. | AL2: знач. | AM2: знач. | AN2: руб. | AO2: знач. | AP2: знач. | AQ2: руб. | AR2: знач. | AS2: знач. | AT2: руб. | AU2: знач. | AV2: знач. | AW2: руб. | AX2: знач. | AY2: знач. | AZ2: руб. | BA2: знач. | BB2: знач. | BC2: руб. | BD2: знач. | BE2: знач. | BF2: руб. | BG2: знач. | BH2: знач. | BI2: руб. | BJ2: знач. | BK2: знач. | BL2: руб. | BM2: знач. | BN2: знач. | BO2: руб. | BP2: знач. | BQ2: знач. | BR2: руб. | BS2: знач. | BT2: знач. | BU2: руб. | BV2: знач. | BW2: знач. | BX2: руб. | BY2: знач. | BZ2: знач. | CA2: руб. | CB2: знач. | CC2: знач. | CD2: руб.
A3: Арендатор | B3: =Реестр!F2 -> Гареева А.В. | C3: Электричество | F3: =E3-D3 -> 0 | G3: =F3*G4 -> 0 | I3: =H3-E3 -> 0 | J3: =I3*J4 -> 0 | K3: 333333 | L3: =K3-H3 -> 333333 | M3: =L3*M4 -> 3058.1009 | O3: =N3-K3 -> -333333 | P3: =O3*P4 -> 0 | R3: =Q3-N3 -> 0 | S3: =R3*S4 -> #DIV/0! | U3: =T3-Q3 -> 0 | V3: =U3*V4 -> #DIV/0! | X3: =W3-T3 -> 0 | Y3: =X3*Y4 -> #DIV/0! | AA3: =Z3-W3 -> 0 | AB3: =AA3*AB4 -> #DIV/0! | AD3: =AC3-Z3 -> 0 | AE3: =AD3*AE4 -> #DIV/0! | AG3: =AF3-AC3 -> 0 | AH3: =AG3*AH4 -> #DIV/0! | AJ3: =AI3-AF3 -> 0 | AK3: =AJ3*AK4 -> #DIV/0! | AM3: =AL3-AI3 -> 0 | AN3: =AM3*AN4 -> #DIV/0! | AP3: =AO3-AL3 -> 0 | AQ3: =AP3*AQ4 -> #DIV/0! | AS3: =AR3-AO3 -> 0 | AT3: =AS3*AT4 -> #DIV/0! | AV3: =AU3-AR3 -> 0 | AW3: =AV3*AW4 -> #DIV/0! | AY3: =AX3-AU3 -> 0 | AZ3: =AY3*AZ4 -> #DIV/0! | BB3: =BA3-AX3 -> 0 | BC3: =BB3*BC4 -> #DIV/0! | BE3: =BD3-BA3 -> 0 | BF3: =BE3*BF4 -> #DIV/0! | BH3: =BG3-BD3 -> 0 | BI3: =BH3*BI4 -> #DIV/0! | BK3: =BJ3-BG3 -> 0 | BL3: =BK3*BL4 -> #DIV/0! | BN3: =BM3-BJ3 -> 0 | BO3: =BN3*BO4 -> #DIV/0! | BQ3: =BP3-BM3 -> 0 | BR3: =BQ3*BR4 -> #DIV/0! | BT3: =BS3-BP3 -> 0 | BU3: =BT3*BU4 -> #DIV/0! | BW3: =BV3-BS3 -> 0 | BX3: =BW3*BX4 -> #DIV/0! | BZ3: =BY3-BV3 -> 0 | CA3: =BZ3*CA4 -> #DIV/0! | CC3: =CB3-BY3 -> 0 | CD3: =CC3*CD4 -> 0
A4: Площадь | B4: =Реестр!H2 -> 123.4 | C4: Электричество тариф | G4: ='0. ГИРА'!G4 -> 0.045000045 | J4: ='0. ГИРА'!J4 -> 0.1956526 | M4: ='0. ГИРА'!M4 -> 0.0091743119 | P4: ='0. ГИРА'!P4 -> 0 | S4: ='0. ГИРА'!S4 -> #DIV/0! | V4: ='0. ГИРА'!V4 -> #DIV/0! | Y4: ='0. ГИРА'!Y4 -> #DIV/0! | AB4: ='0. ГИРА'!AB4 -> #DIV/0! | AE4: ='0. ГИРА'!AE4 -> #DIV/0! | AH4: ='0. ГИРА'!AH4 -> #DIV/0! | AK4: ='0. ГИРА'!AK4 -> #DIV/0! | AN4: ='0. ГИРА'!AN4 -> #DIV/0! | AQ4: ='0. ГИРА'!AQ4 -> #DIV/0! | AT4: ='0. ГИРА'!AT4 -> #DIV/0! | AW4: ='0. ГИРА'!AW4 -> #DIV/0! | AZ4: ='0. ГИРА'!AZ4 -> #DIV/0! | BC4: ='0. ГИРА'!BC4 -> #DIV/0! | BF4: ='0. ГИРА'!BF4 -> #DIV/0! | BI4: ='0. ГИРА'!BI4 -> #DIV/0! | BL4: ='0. ГИРА'!BL4 -> #DIV/0! | BO4: ='0. ГИРА'!BO4 -> #DIV/0! | BR4: ='0. ГИРА'!BR4 -> #DIV/0! | BU4: ='0. ГИРА'!BU4 -> #DIV/0! | BX4: ='0. ГИРА'!BX4 -> #DIV/0! | CA4: ='0. ГИРА'!CA4 -> #DIV/0! | CD4: ='0. ГИРА'!CD4 -> 0
C5: Водоканал холодная вода | F5: =E5-D5 -> 0 | I5: =H5-E5 -> 0 | K5: 11111 | L5: =K5-H5 -> 11111 | O5: =N5-K5 -> -11111 | R5: =Q5-N5 -> 0 | U5: =T5-Q5 -> 0 | X5: =W5-T5 -> 0 | AA5: =Z5-W5 -> 0 | AD5: =AC5-Z5 -> 0 | AG5: =AF5-AC5 -> 0 | AJ5: =AI5-AF5 -> 0 | AM5: =AL5-AI5 -> 0 | AP5: =AO5-AL5 -> 0 | AS5: =AR5-AO5 -> 0 | AV5: =AU5-AR5 -> 0 | AY5: =AX5-AU5 -> 0 | BB5: =BA5-AX5 -> 0 | BE5: =BD5-BA5 -> 0 | BH5: =BG5-BD5 -> 0 | BK5: =BJ5-BG5 -> 0 | BN5: =BM5-BJ5 -> 0 | BQ5: =BP5-BM5 -> 0 | BT5: =BS5-BP5 -> 0 | BW5: =BV5-BS5 -> 0 | BZ5: =BY5-BV5 -> 0 | CC5: =CB5-BY5 -> 0
A6: Имя 1 | B6: =Реестр!M2 -> Альфия | C6: Водоканал холодная Тариф | G6: ='0. ГИРА'!G6 -> 0.067500068 | J6: ='0. ГИРА'!J6 -> 0.14673945 | M6: ='0. ГИРА'!M6 -> -0.011069527 | P6: ='0. ГИРА'!P6 -> 0 | S6: ='0. ГИРА'!S6 -> #DIV/0! | V6: ='0. ГИРА'!V6 -> #DIV/0! | Y6: ='0. ГИРА'!Y6 -> #DIV/0! | AB6: ='0. ГИРА'!AB6 -> #DIV/0! | AE6: ='0. ГИРА'!AE6 -> #DIV/0! | AH6: ='0. ГИРА'!AH6 -> #DIV/0! | AK6: ='0. ГИРА'!AK6 -> #DIV/0! | AN6: ='0. ГИРА'!AN6 -> #DIV/0! | AQ6: ='0. ГИРА'!AQ6 -> #DIV/0! | AT6: ='0. ГИРА'!AT6 -> #DIV/0! | AW6: ='0. ГИРА'!AW6 -> #DIV/0! | AZ6: ='0. ГИРА'!AZ6 -> #DIV/0! | BC6: ='0. ГИРА'!BC6 -> #DIV/0! | BF6: ='0. ГИРА'!BF6 -> #DIV/0! | BI6: ='0. ГИРА'!BI6 -> #DIV/0! | BL6: ='0. ГИРА'!BL6 -> #DIV/0! | BO6: ='0. ГИРА'!BO6 -> #DIV/0! | BR6: ='0. ГИРА'!BR6 -> #DIV/0! | BU6: ='0. ГИРА'!BU6 -> #DIV/0! | BX6: ='0. ГИРА'!BX6 -> #DIV/0! | CA6: ='0. ГИРА'!CA6 -> #DIV/0! | CD6: ='0. ГИРА'!CD6 -> 0
A7: Контакт 1 | B7: =Реестр!N2 -> 89503228511 | C7: Водоканал горячая вода | F7: =E7-D7 -> 0 | G7: =G8*F7 -> 0 | I7: =H7-E7 -> 0 | J7: =J8*I7 -> 0 | K7: 22222 | L7: =K7-H7 -> 22222 | M7: =M8*L7 -> -1142.044 | O7: =N7-K7 -> -22222 | P7: =P8*O7 -> 0 | R7: =Q7-N7 -> 0 | S7: =S8*R7 -> #DIV/0! | U7: =T7-Q7 -> 0 | V7: =V8*U7 -> #DIV/0! | X7: =W7-T7 -> 0 | Y7: =Y8*X7 -> #DIV/0! | AA7: =Z7-W7 -> 0 | AB7: =AB8*AA7 -> #DIV/0! | AD7: =AC7-Z7 -> 0 | AE7: =AE8*AD7 -> #DIV/0! | AG7: =AF7-AC7 -> 0 | AH7: =AH8*AG7 -> #DIV/0! | AJ7: =AI7-AF7 -> 0 | AK7: =AK8*AJ7 -> #DIV/0! | AM7: =AL7-AI7 -> 0 | AN7: =AN8*AM7 -> #DIV/0! | AP7: =AO7-AL7 -> 0 | AQ7: =AQ8*AP7 -> #DIV/0! | AS7: =AR7-AO7 -> 0 | AT7: =AT8*AS7 -> #DIV/0! | AV7: =AU7-AR7 -> 0 | AW7: =AW8*AV7 -> #DIV/0! | AY7: =AX7-AU7 -> 0 | AZ7: =AZ8*AY7 -> #DIV/0! | BB7: =BA7-AX7 -> 0 | BC7: =BC8*BB7 -> #DIV/0! | BE7: =BD7-BA7 -> 0 | BF7: =BF8*BE7 -> #DIV/0! | BH7: =BG7-BD7 -> 0 | BI7: =BI8*BH7 -> #DIV/0! | BK7: =BJ7-BG7 -> 0 | BL7: =BL8*BK7 -> #DIV/0! | BN7: =BM7-BJ7 -> 0 | BO7: =BO8*BN7 -> #DIV/0! | BQ7: =BP7-BM7 -> 0 | BR7: =BR8*BQ7 -> #DIV/0! | BT7: =BS7-BP7 -> 0 | BU7: =BU8*BT7 -> #DIV/0! | BW7: =BV7-BS7 -> 0 | BX7: =BX8*BW7 -> #DIV/0! | BZ7: =BY7-BV7 -> 0 | CA7: =CA8*BZ7 -> #DIV/0! | CC7: =CB7-BY7 -> 0 | CD7: =CD8*CC7 -> 0
A8: Имя 2 | B8: =Реестр!O2 -> Карина | C8: Водоканал горячая Тариф | G8: ='0. ГИРА'!G8 -> 0.09000009 | J8: ='0. ГИРА'!J8 -> 0.1956526 | M8: ='0. ГИРА'!M8 -> -0.051392492 | P8: ='0. ГИРА'!P8 -> 0 | S8: ='0. ГИРА'!S8 -> #DIV/0! | V8: ='0. ГИРА'!V8 -> #DIV/0! | Y8: ='0. ГИРА'!Y8 -> #DIV/0! | AB8: ='0. ГИРА'!AB8 -> #DIV/0! | AE8: ='0. ГИРА'!AE8 -> #DIV/0! | AH8: ='0. ГИРА'!AH8 -> #DIV/0! | AK8: ='0. ГИРА'!AK8 -> #DIV/0! | AN8: ='0. ГИРА'!AN8 -> #DIV/0! | AQ8: ='0. ГИРА'!AQ8 -> #DIV/0! | AT8: ='0. ГИРА'!AT8 -> #DIV/0! | AW8: ='0. ГИРА'!AW8 -> #DIV/0! | AZ8: ='0. ГИРА'!AZ8 -> #DIV/0! | BC8: ='0. ГИРА'!BC8 -> #DIV/0! | BF8: ='0. ГИРА'!BF8 -> #DIV/0! | BI8: ='0. ГИРА'!BI8 -> #DIV/0! | BL8: ='0. ГИРА'!BL8 -> #DIV/0! | BO8: ='0. ГИРА'!BO8 -> #DIV/0! | BR8: ='0. ГИРА'!BR8 -> #DIV/0! | BU8: ='0. ГИРА'!BU8 -> #DIV/0! | BX8: ='0. ГИРА'!BX8 -> #DIV/0! | CA8: ='0. ГИРА'!CA8 -> #DIV/0! | CD8: ='0. ГИРА'!CD8 -> 0
A9: Контакт 2 | B9: =Реестр!P2 -> 89372840305 | C9: Тепло | F9: =E9-D9 -> 0 | G9: =G10*B4 -> 3037.85 | I9: =H9-E9 -> 0 | J9: =J10*E3 -> 0 | L9: =K9-H9 -> 0 | M9: =M10*H3 -> 0 | O9: =N9-K9 -> 0 | P9: =P10*K3 -> 0 | R9: =Q9-N9 -> 0 | S9: =S10*N3 -> 0 | U9: =T9-Q9 -> 0 | V9: =V10*Q3 -> 0 | X9: =W9-T9 -> 0 | Y9: =Y10*T3 -> 0 | AA9: =Z9-W9 -> 0 | AB9: =AB10*W3 -> 0 | AD9: =AC9-Z9 -> 0 | AE9: =AE10*Z3 -> 0 | AG9: =AF9-AC9 -> 0 | AH9: =AH10*AC3 -> 0 | AJ9: =AI9-AF9 -> 0 | AK9: =AK10*AF3 -> 0 | AM9: =AL9-AI9 -> 0 | AN9: =AN10*AI3 -> 0 | AP9: =AO9-AL9 -> 0 | AQ9: =AQ10*AL3 -> 0 | AS9: =AR9-AO9 -> 0 | AT9: =AT10*AO3 -> 0 | AV9: =AU9-AR9 -> 0 | AW9: =AW10*AR3 -> 0 | AY9: =AX9-AU9 -> 0 | AZ9: =AZ10*AU3 -> 0 | BB9: =BA9-AX9 -> 0 | BC9: =BC10*AX3 -> 0 | BE9: =BD9-BA9 -> 0 | BF9: =BF10*BA3 -> 0 | BH9: =BG9-BD9 -> 0 | BI9: =BI10*BD3 -> 0 | BK9: =BJ9-BG9 -> 0 | BL9: =BL10*BG3 -> 0 | BN9: =BM9-BJ9 -> 0 | BO9: =BO10*BJ3 -> 0 | BQ9: =BP9-BM9 -> 0 | BR9: =BR10*BM3 -> 0 | BT9: =BS9-BP9 -> 0 | BU9: =BU10*BP3 -> 0 | BW9: =BV9-BS9 -> 0 | BX9: =BX10*BS3 -> 0 | BZ9: =BY9-BV9 -> 0 | CA9: =CA10*BV3 -> 0 | CC9: =CB9-BY9 -> 0 | CD9: =CD10*BY3 -> 0
C10: Тепло тариф | G10: ='0. ГИРА'!G10 -> 24.61791 | J10: ='0. ГИРА'!J10 -> 24.61791 | M10: ='0. ГИРА'!M10 -> 20.514925 | P10: ='0. ГИРА'!P10 -> 0 | S10: ='0. ГИРА'!S10 -> 0 | V10: ='0. ГИРА'!V10 -> 0 | Y10: ='0. ГИРА'!Y10 -> 0 | AB10: ='0. ГИРА'!AB10 -> 0 | AE10: ='0. ГИРА'!AE10 -> 0 | AH10: ='0. ГИРА'!AH10 -> 0 | AK10: ='0. ГИРА'!AK10 -> 0 | AN10: ='0. ГИРА'!AN10 -> 0 | AQ10: ='0. ГИРА'!AQ10 -> 0 | AT10: ='0. ГИРА'!AT10 -> 0 | AW10: ='0. ГИРА'!AW10 -> 0 | AZ10: ='0. ГИРА'!AZ10 -> 0 | BC10: ='0. ГИРА'!BC10 -> 0 | BF10: ='0. ГИРА'!BF10 -> 0 | BI10: ='0. ГИРА'!BI10 -> 0 | BL10: ='0. ГИРА'!BL10 -> 0 | BO10: ='0. ГИРА'!BO10 -> 0 | BR10: ='0. ГИРА'!BR10 -> 0 | BU10: ='0. ГИРА'!BU10 -> 0 | BX10: ='0. ГИРА'!BX10 -> 0 | CA10: ='0. ГИРА'!CA10 -> 0 | CD10: ='0. ГИРА'!CD10 -> 0
A11: Номер счетчика | C11: Экспл. Услуги от УК | F11: =E11-D11 -> 0 | I11: =H11-E11 -> 0 | J11: =J12*E3 -> 0 | L11: =K11-H11 -> 0 | M11: =M12*H3 -> 0 | O11: =N11-K11 -> 0 | P11: =P12*K3 -> 0 | R11: =Q11-N11 -> 0 | S11: =S12*N3 -> 0 | U11: =T11-Q11 -> 0 | V11: =V12*Q3 -> 0 | X11: =W11-T11 -> 0 | Y11: =Y12*T3 -> 0 | AA11: =Z11-W11 -> 0 | AB11: =AB12*W3 -> 0 | AD11: =AC11-Z11 -> 0 | AE11: =AE12*Z3 -> 0 | AG11: =AF11-AC11 -> 0 | AH11: =AH12*AC3 -> 0 | AJ11: =AI11-AF11 -> 0 | AK11: =AK12*AF3 -> 0 | AM11: =AL11-AI11 -> 0 | AN11: =AN12*AI3 -> 0 | AP11: =AO11-AL11 -> 0 | AQ11: =AQ12*AL3 -> 0 | AS11: =AR11-AO11 -> 0 | AT11: =AT12*AO3 -> 0 | AV11: =AU11-AR11 -> 0 | AW11: =AW12*AR3 -> 0 | AY11: =AX11-AU11 -> 0 | AZ11: =AZ12*AU3 -> 0 | BB11: =BA11-AX11 -> 0 | BC11: =BC12*AX3 -> 0 | BE11: =BD11-BA11 -> 0 | BF11: =BF12*BA3 -> 0 | BH11: =BG11-BD11 -> 0 | BI11: =BI12*BD3 -> 0 | BK11: =BJ11-BG11 -> 0 | BL11: =BL12*BG3 -> 0 | BN11: =BM11-BJ11 -> 0 | BO11: =BO12*BJ3 -> 0 | BQ11: =BP11-BM11 -> 0 | BR11: =BR12*BM3 -> 0 | BT11: =BS11-BP11 -> 0 | BU11: =BU12*BP3 -> 0 | BW11: =BV11-BS11 -> 0 | BX11: =BX12*BS3 -> 0 | BZ11: =BY11-BV11 -> 0 | CA11: =CA12*BV3 -> 0 | CC11: =CB11-BY11 -> 0 | CD11: =CD12*BY3 -> 0
C12: Экспл. Услуги от УК тариф | G12: ='0. ГИРА'!G12 -> 12142.857 | J12: ='0. ГИРА'!J12 -> 174.37686 | M12: ='0. ГИРА'!M12 -> 102.57462 | P12: ='0. ГИРА'!P12 -> 0 | S12: ='0. ГИРА'!S12 -> 0 | V12: ='0. ГИРА'!V12 -> 0 | Y12: ='0. ГИРА'!Y12 -> 0 | AB12: ='0. ГИРА'!AB12 -> 0 | AE12: ='0. ГИРА'!AE12 -> 0 | AH12: ='0. ГИРА'!AH12 -> 0 | AK12: ='0. ГИРА'!AK12 -> 0 | AN12: ='0. ГИРА'!AN12 -> 0 | AQ12: ='0. ГИРА'!AQ12 -> 0 | AT12: ='0. ГИРА'!AT12 -> 0 | AW12: ='0. ГИРА'!AW12 -> 0 | AZ12: ='0. ГИРА'!AZ12 -> 0 | BC12: ='0. ГИРА'!BC12 -> 0 | BF12: ='0. ГИРА'!BF12 -> 0 | BI12: ='0. ГИРА'!BI12 -> 0 | BL12: ='0. ГИРА'!BL12 -> 0 | BO12: ='0. ГИРА'!BO12 -> 0 | BR12: ='0. ГИРА'!BR12 -> 0 | BU12: ='0. ГИРА'!BU12 -> 0 | BX12: ='0. ГИРА'!BX12 -> 0 | CA12: ='0. ГИРА'!CA12 -> 0 | CD12: ='0. ГИРА'!CD12 -> 0

Sheet К102,60
A1: ИНН | B1: =Реестр!D3 -> 111 | C1: Месяц | D1: 45962 | E1: 45992 | F1: Потребл. | G1: 45962 | H1: 46023 | I1: Потребл. | J1: 45992 | K1: 46054 | L1: Потребл. | M1: 46023 | N1: 46082 | O1: Потребл. | P1: 46054 | Q1: 46113 | R1: Потребл. | S1: 46082 | T1: 46143 | U1: Потребл. | V1: 46113 | W1: 46174 | X1: Потребл. | Y1: 46143 | Z1: 46204 | AA1: Потребл. | AB1: 46174 | AC1: 46235 | AD1: Потребл. | AE1: 46204 | AF1: 46266 | AG1: Потребл. | AH1: 46235 | AI1: 46296 | AJ1: Потребл. | AK1: 46266 | AL1: 46327 | AM1: Потребл. | AN1: 46296 | AO1: 46357 | AP1: Потребл. | AQ1: 46327 | AR1: 46388 | AS1: Потребл. | AT1: 46357 | AU1: 46419 | AV1: Потребл. | AW1: 46388 | AX1: 46447 | AY1: Потребл. | AZ1: 46419 | BA1: 46478 | BB1: Потребл. | BC1: 46447 | BD1: 46508 | BE1: Потребл. | BF1: 46478 | BG1: 46539 | BH1: Потребл. | BI1: 46508 | BJ1: 46569 | BK1: Потребл. | BL1: 46539 | BM1: 46600 | BN1: Потребл. | BO1: 46569 | BP1: 46631 | BQ1: Потребл. | BR1: 46600 | BS1: 46661 | BT1: Потребл. | BU1: 46631 | BV1: 46692 | BW1: Потребл. | BX1: 46661 | BY1: 46722 | BZ1: Потребл. | CA1: 46692 | CB1: 46753 | CC1: Потребл. | CD1: 46722
A2: Кадастр | B2: =Реестр!B3 -> 1006:3090 | D2: знач. | E2: знач. | F2: знач. | G2: руб. | H2: знач. | I2: знач. | J2: руб. | K2: знач. | L2: знач. | M2: руб. | N2: знач. | O2: знач | P2: руб. | Q2: знач. | R2: знач. | S2: руб. | T2: знач. | U2: знач. | V2: руб. | W2: знач. | X2: знач. | Y2: руб. | Z2: знач. | AA2: знач. | AB2: руб. | AC2: знач. | AD2: знач. | AE2: руб. | AF2: знач. | AG2: знач. | AH2: руб. | AI2: знач. | AJ2: знач. | AK2: руб. | AL2: знач. | AM2: знач. | AN2: руб. | AO2: знач. | AP2: знач. | AQ2: руб. | AR2: знач. | AS2: знач. | AT2: руб. | AU2: знач. | AV2: знач. | AW2: руб. | AX2: знач. | AY2: знач. | AZ2: руб. | BA2: знач. | BB2: знач. | BC2: руб. | BD2: знач. | BE2: знач. | BF2: руб. | BG2: знач. | BH2: знач. | BI2: руб. | BJ2: знач. | BK2: знач. | BL2: руб. | BM2: знач. | BN2: знач. | BO2: руб. | BP2: знач. | BQ2: знач. | BR2: руб. | BS2: знач. | BT2: знач. | BU2: руб. | BV2: знач. | BW2: знач. | BX2: руб. | BY2: знач. | BZ2: знач. | CA2: руб. | CB2: знач. | CC2: знач. | CD2: руб.
A3: Арендатор | B3: =Реестр!F3 -> Гарипов И.К. | C3: Электричество | F3: =E3-D3 -> 0 | G3: =F3*G4 -> 0 | H3: 200000 | I3: =H3-E3 -> 200000 | J3: =I3*J4 -> 39130.52 | K3: 678766 | L3: =K3-H3 -> 478766 | M3: =L3*M4 -> 4392.3486 | O3: =N3-K3 -> -678766 | P3: =O3*P4 -> 0 | R3: =Q3-N3 -> 0 | S3: =R3*S4 -> #DIV/0! | U3: =T3-Q3 -> 0 | V3: =U3*V4 -> #DIV/0! | X3: =W3-T3 -> 0 | Y3: =X3*Y4 -> #DIV/0! | AA3: =Z3-W3 -> 0 | AB3: =AA3*AB4 -> #DIV/0! | AD3: =AC3-Z3 -> 0 | AE3: =AD3*AE4 -> #DIV/0! | AG3: =AF3-AC3 -> 0 | AH3: =AG3*AH4 -> #DIV/0! | AJ3: =AI3-AF3 -> 0 | AK3: =AJ3*AK4 -> #DIV/0! | AM3: =AL3-AI3 -> 0 | AN3: =AM3*AN4 -> #DIV/0! | AP3: =AO3-AL3 -> 0 | AQ3: =AP3*AQ4 -> #DIV/0! | AS3: =AR3-AO3 -> 0 | AT3: =AS3*AT4 -> #DIV/0! | AV3: =AU3-AR3 -> 0 | AW3: =AV3*AW4 -> #DIV/0! | AY3: =AX3-AU3 -> 0 | AZ3: =AY3*AZ4 -> #DIV/0! | BB3: =BA3-AX3 -> 0 | BC3: =BB3*BC4 -> #DIV/0! | BE3: =BD3-BA3 -> 0 | BF3: =BE3*BF4 -> #DIV/0! | BH3: =BG3-BD3 -> 0 | BI3: =BH3*BI4 -> #DIV/0! | BK3: =BJ3-BG3 -> 0 | BL3: =BK3*BL4 -> #DIV/0! | BN3: =BM3-BJ3 -> 0 | BO3: =BN3*BO4 -> #DIV/0! | BQ3: =BP3-BM3 -> 0 | BR3: =BQ3*BR4 -> #DIV/0! | BT3: =BS3-BP3 -> 0 | BU3: =BT3*BU4 -> #DIV/0! | BW3: =BV3-BS3 -> 0 | BX3: =BW3*BX4 -> #DIV/0! | BZ3: =BY3-BV3 -> 0 | CA3: =BZ3*CA4 -> #DIV/0! | CC3: =CB3-BY3 -> 0 | CD3: =CC3*CD4 -> 0
A4: Площадь | B4: =Реестр!H3 -> 102.6 | C4: Электричество тариф | G4: ='0. ГИРА'!G4 -> 0.045000045 | J4: ='0. ГИРА'!J4 -> 0.1956526 | M4: ='0. ГИРА'!M4 -> 0.0091743119 | P4: ='0. ГИРА'!P4 -> 0 | S4: ='0. ГИРА'!S4 -> #DIV/0! | V4: ='0. ГИРА'!V4 -> #DIV/0! | Y4: ='0. ГИРА'!Y4 -> #DIV/0! | AB4: ='0. ГИРА'!AB4 -> #DIV/0! | AE4: ='0. ГИРА'!AE4 -> #DIV/0! | AH4: ='0. ГИРА'!AH4 -> #DIV/0! | AK4: ='0. ГИРА'!AK4 -> #DIV/0! | AN4: ='0. ГИРА'!AN4 -> #DIV/0! | AQ4: ='0. ГИРА'!AQ4 -> #DIV/0! | AT4: ='0. ГИРА'!AT4 -> #DIV/0! | AW4: ='0. ГИРА'!AW4 -> #DIV/0! | AZ4: ='0. ГИРА'!AZ4 -> #DIV/0! | BC4: ='0. ГИРА'!BC4 -> #DIV/0! | BF4: ='0. ГИРА'!BF4 -> #DIV/0! | BI4: ='0. ГИРА'!BI4 -> #DIV/0! | BL4: ='0. ГИРА'!BL4 -> #DIV/0! | BO4: ='0. ГИРА'!BO4 -> #DIV/0! | BR4: ='0. ГИРА'!BR4 -> #DIV/0! | BU4: ='0. ГИРА'!BU4 -> #DIV/0! | BX4: ='0. ГИРА'!BX4 -> #DIV/0! | CA4: ='0. ГИРА'!CA4 -> #DIV/0! | CD4: ='0. ГИРА'!CD4 -> 0
C5: Водоканал холодная вода | F5: =E5-D5 -> 0 | H5: 20000 | I5: =H5-E5 -> 20000 | J5: =I5*J6 -> 2934.789 | K5: 11111 | L5: =K5-H5 -> -8889 | M5: =L5*M6 -> 98.397027 | O5: =N5-K5 -> -11111 | R5: =Q5-N5 -> 0 | U5: =T5-Q5 -> 0 | X5: =W5-T5 -> 0 | AA5: =Z5-W5 -> 0 | AD5: =AC5-Z5 -> 0 | AG5: =AF5-AC5 -> 0 | AJ5: =AI5-AF5 -> 0 | AM5: =AL5-AI5 -> 0 | AP5: =AO5-AL5 -> 0 | AS5: =AR5-AO5 -> 0 | AV5: =AU5-AR5 -> 0 | AY5: =AX5-AU5 -> 0 | BB5: =BA5-AX5 -> 0 | BE5: =BD5-BA5 -> 0 | BH5: =BG5-BD5 -> 0 | BK5: =BJ5-BG5 -> 0 | BN5: =BM5-BJ5 -> 0 | BQ5: =BP5-BM5 -> 0 | BT5: =BS5-BP5 -> 0 | BW5: =BV5-BS5 -> 0 | BZ5: =BY5-BV5 -> 0 | CC5: =CB5-BY5 -> 0
A6: Имя 1 | B6: =Реестр!M3 -> Ильнар | C6: Водоканал холодная Тариф | G6: ='0. ГИРА'!G6 -> 0.067500068 | J6: ='0. ГИРА'!J6 -> 0.14673945 | M6: ='0. ГИРА'!M6 -> -0.011069527 | P6: ='0. ГИРА'!P6 -> 0 | S6: ='0. ГИРА'!S6 -> #DIV/0! | V6: ='0. ГИРА'!V6 -> #DIV/0! | Y6: ='0. ГИРА'!Y6 -> #DIV/0! | AB6: ='0. ГИРА'!AB6 -> #DIV/0! | AE6: ='0. ГИРА'!AE6 -> #DIV/0! | AH6: ='0. ГИРА'!AH6 -> #DIV/0! | AK6: ='0. ГИРА'!AK6 -> #DIV/0! | AN6: ='0. ГИРА'!AN6 -> #DIV/0! | AQ6: ='0. ГИРА'!AQ6 -> #DIV/0! | AT6: ='0. ГИРА'!AT6 -> #DIV/0! | AW6: ='0. ГИРА'!AW6 -> #DIV/0! | AZ6: ='0. ГИРА'!AZ6 -> #DIV/0! | BC6: ='0. ГИРА'!BC6 -> #DIV/0! | BF6: ='0. ГИРА'!BF6 -> #DIV/0! | BI6: ='0. ГИРА'!BI6 -> #DIV/0! | BL6: ='0. ГИРА'!BL6 -> #DIV/0! | BO6: ='0. ГИРА'!BO6 -> #DIV/0! | BR6: ='0. ГИРА'!BR6 -> #DIV/0! | BU6: ='0. ГИРА'!BU6 -> #DIV/0! | BX6: ='0. ГИРА'!BX6 -> #DIV/0! | CA6: ='0. ГИРА'!CA6 -> #DIV/0! | CD6: ='0. ГИРА'!CD6 -> 0
A7: Контакт 1 | B7: =Реестр!N3 -> 89053164414 | C7: Водоканал горячая вода | F7: =E7-D7 -> 0 | G7: =G8*F7 -> 0 | H7: 20000 | I7: =H7-E7 -> 20000 | J7: =J8*I7 -> 3913.052 | K7: 67656 | L7: =K7-H7 -> 47656 | M7: =M8*L7 -> -2449.1606 | O7: =N7-K7 -> -67656 | P7: =P8*O7 -> 0 | R7: =Q7-N7 -> 0 | S7: =S8*R7 -> #DIV/0! | U7: =T7-Q7 -> 0 | V7: =V8*U7 -> #DIV/0! | X7: =W7-T7 -> 0 | Y7: =Y8*X7 -> #DIV/0! | AA7: =Z7-W7 -> 0 | AB7: =AB8*AA7 -> #DIV/0! | AD7: =AC7-Z7 -> 0 | AE7: =AE8*AD7 -> #DIV/0! | AG7: =AF7-AC7 -> 0 | AH7: =AH8*AG7 -> #DIV/0! | AJ7: =AI7-AF7 -> 0 | AK7: =AK8*AJ7 -> #DIV/0! | AM7: =AL7-AI7 -> 0 | AN7: =AN8*AM7 -> #DIV/0! | AP7: =AO7-AL7 -> 0 | AQ7: =AQ8*AP7 -> #DIV/0! | AS7: =AR7-AO7 -> 0 | AT7: =AT8*AS7 -> #DIV/0! | AV7: =AU7-AR7 -> 0 | AW7: =AW8*AV7 -> #DIV/0! | AY7: =AX7-AU7 -> 0 | AZ7: =AZ8*AY7 -> #DIV/0! | BB7: =BA7-AX7 -> 0 | BC7: =BC8*BB7 -> #DIV/0! | BE7: =BD7-BA7 -> 0 | BF7: =BF8*BE7 -> #DIV/0! | BH7: =BG7-BD7 -> 0 | BI7: =BI8*BH7 -> #DIV/0! | BK7: =BJ7-BG7 -> 0 | BL7: =BL8*BK7 -> #DIV/0! | BN7: =BM7-BJ7 -> 0 | BO7: =BO8*BN7 -> #DIV/0! | BQ7: =BP7-BM7 -> 0 | BR7: =BR8*BQ7 -> #DIV/0! | BT7: =BS7-BP7 -> 0 | BU7: =BU8*BT7 -> #DIV/0! | BW7: =BV7-BS7 -> 0 | BX7: =BX8*BW7 -> #DIV/0! | BZ7: =BY7-BV7 -> 0 | CA7: =CA8*BZ7 -> #DIV/0! | CC7: =CB7-BY7 -> 0 | CD7: =CD8*CC7 -> 0
A8: Имя 2 | B8: =Реестр!O3 -> - | C8: Водоканал горячая Тариф | G8: ='0. ГИРА'!G8 -> 0.09000009 | J8: ='0. ГИРА'!J8 -> 0.1956526 | M8: ='0. ГИРА'!M8 -> -0.051392492 | P8: ='0. ГИРА'!P8 -> 0 | S8: ='0. ГИРА'!S8 -> #DIV/0! | V8: ='0. ГИРА'!V8 -> #DIV/0! | Y8: ='0. ГИРА'!Y8 -> #DIV/0! | AB8: ='0. ГИРА'!AB8 -> #DIV/0! | AE8: ='0. ГИРА'!AE8 -> #DIV/0! | AH8: ='0. ГИРА'!AH8 -> #DIV/0! | AK8: ='0. ГИРА'!AK8 -> #DIV/0! | AN8: ='0. ГИРА'!AN8 -> #DIV/0! | AQ8: ='0. ГИРА'!AQ8 -> #DIV/0! | AT8: ='0. ГИРА'!AT8 -> #DIV/0! | AW8: ='0. ГИРА'!AW8 -> #DIV/0! | AZ8: ='0. ГИРА'!AZ8 -> #DIV/0! | BC8: ='0. ГИРА'!BC8 -> #DIV/0! | BF8: ='0. ГИРА'!BF8 -> #DIV/0! | BI8: ='0. ГИРА'!BI8 -> #DIV/0! | BL8: ='0. ГИРА'!BL8 -> #DIV/0! | BO8: ='0. ГИРА'!BO8 -> #DIV/0! | BR8: ='0. ГИРА'!BR8 -> #DIV/0! | BU8: ='0. ГИРА'!BU8 -> #DIV/0! | BX8: ='0. ГИРА'!BX8 -> #DIV/0! | CA8: ='0. ГИРА'!CA8 -> #DIV/0! | CD8: ='0. ГИРА'!CD8 -> 0
A9: Контакт 2 | B9: =Реестр!P3 -> - | C9: Тепло | F9: =E9-D9 -> 0 | G9: =G10*B3 -> #VALUE! | I9: =H9-E9 -> 0 | J9: =J10*E3 -> 0 | K9: 1234 | L9: =K9-H9 -> 1234 | M9: 12 | O9: =N9-K9 -> -1234 | P9: =P10*K3 -> 0 | R9: =Q9-N9 -> 0 | S9: =S10*N3 -> 0 | U9: =T9-Q9 -> 0 | V9: =V10*Q3 -> 0 | X9: =W9-T9 -> 0 | Y9: =Y10*T3 -> 0 | AA9: =Z9-W9 -> 0 | AB9: =AB10*W3 -> 0 | AD9: =AC9-Z9 -> 0 | AE9: =AE10*Z3 -> 0 | AG9: =AF9-AC9 -> 0 | AH9: =AH10*AC3 -> 0 | AJ9: =AI9-AF9 -> 0 | AK9: =AK10*AF3 -> 0 | AM9: =AL9-AI9 -> 0 | AN9: =AN10*AI3 -> 0 | AP9: =AO9-AL9 -> 0 | AQ9: =AQ10*AL3 -> 0 | AS9: =AR9-AO9 -> 0 | AT9: =AT10*AO3 -> 0 | AV9: =AU9-AR9 -> 0 | AW9: =AW10*AR3 -> 0 | AY9: =AX9-AU9 -> 0 | AZ9: =AZ10*AU3 -> 0 | BB9: =BA9-AX9 -> 0 | BC9: =BC10*AX3 -> 0 | BE9: =BD9-BA9 -> 0 | BF9: =BF10*BA3 -> 0 | BH9: =BG9-BD9 -> 0 | BI9: =BI10*BD3 -> 0 | BK9: =BJ9-BG9 -> 0 | BL9: =BL10*BG3 -> 0 | BN9: =BM9-BJ9 -> 0 | BO9: =BO10*BJ3 -> 0 | BQ9: =BP9-BM9 -> 0 | BR9: =BR10*BM3 -> 0 | BT9: =BS9-BP9 -> 0 | BU9: =BU10*BP3 -> 0 | BW9: =BV9-BS9 -> 0 | BX9: =BX10*BS3 -> 0 | BZ9: =BY9-BV9 -> 0 | CA9: =CA10*BV3 -> 0 | CC9: =CB9-BY9 -> 0 | CD9: =CD10*BY3 -> 0
C10: Тепло тариф | G10: ='0. ГИРА'!G10 -> 24.61791 | J10: ='0. ГИРА'!J10 -> 24.61791 | M10: ='0. ГИРА'!M10 -> 20.514925 | P10: ='0. ГИРА'!P10 -> 0 | S10: ='0. ГИРА'!S10 -> 0 | V10: ='0. ГИРА'!V10 -> 0 | Y10: ='0. ГИРА'!Y10 -> 0 | AB10: ='0. ГИРА'!AB10 -> 0 | AE10: ='0. ГИРА'!AE10 -> 0 | AH10: ='0. ГИРА'!AH10 -> 0 | AK10: ='0. ГИРА'!AK10 -> 0 | AN10: ='0. ГИРА'!AN10 -> 0 | AQ10: ='0. ГИРА'!AQ10 -> 0 | AT10: ='0. ГИРА'!AT10 -> 0 | AW10: ='0. ГИРА'!AW10 -> 0 | AZ10: ='0. ГИРА'!AZ10 -> 0 | BC10: ='0. ГИРА'!BC10 -> 0 | BF10: ='0. ГИРА'!BF10 -> 0 | BI10: ='0. ГИРА'!BI10 -> 0 | BL10: ='0. ГИРА'!BL10 -> 0 | BO10: ='0. ГИРА'!BO10 -> 0 | BR10: ='0. ГИРА'!BR10 -> 0 | BU10: ='0. ГИРА'!BU10 -> 0 | BX10: ='0. ГИРА'!BX10 -> 0 | CA10: ='0. ГИРА'!CA10 -> 0 | CD10: ='0. ГИРА'!CD10 -> 0
A11: Номер счетчика | B11: 43432,34343 | C11: Экспл. Услуги от УК | F11: =E11-D11 -> 0 | G11: ='0. ГИРА'!G12 -> 12142.857 | I11: =H11-G11 -> -12142.857 | J11: ='0. ГИРА'!J12 -> 174.37686 | L11: =K11-J11 -> -174.37686 | M11: ='0. ГИРА'!M12 -> 102.57462 | O11: =N11-M11 -> -102.57462 | P11: ='0. ГИРА'!P12 -> 0 | R11: =Q11-P11 -> 0 | S11: ='0. ГИРА'!S12 -> 0 | U11: =T11-S11 -> 0 | V11: ='0. ГИРА'!V12 -> 0 | X11: =W11-T11 -> 0 | Y11: =Y12*T3 -> 0 | AA11: =Z11-W11 -> 0 | AB11: =AB12*W3 -> 0 | AD11: =AC11-Z11 -> 0 | AE11: =AE12*Z3 -> 0 | AG11: =AF11-AC11 -> 0 | AH11: =AH12*AC3 -> 0 | AJ11: =AI11-AF11 -> 0 | AK11: =AK12*AF3 -> 0 | AM11: =AL11-AI11 -> 0 | AN11: =AN12*AI3 -> 0 | AP11: =AO11-AL11 -> 0 | AQ11: =AQ12*AL3 -> 0 | AS11: =AR11-AO11 -> 0 | AT11: =AT12*AO3 -> 0 | AV11: =AU11-AR11 -> 0 | AW11: =AW12*AR3 -> 0 | AY11: =AX11-AU11 -> 0 | AZ11: =AZ12*AU3 -> 0 | BB11: =BA11-AX11 -> 0 | BC11: =BC12*AX3 -> 0 | BE11: =BD11-BA11 -> 0 | BF11: =BF12*BA3 -> 0 | BH11: =BG11-BD11 -> 0 | BI11: =BI12*BD3 -> 0 | BK11: =BJ11-BG11 -> 0 | BL11: =BL12*BG3 -> 0 | BN11: =BM11-BJ11 -> 0 | BO11: =BO12*BJ3 -> 0 | BQ11: =BP11-BM11 -> 0 | BR11: =BR12*BM3 -> 0 | BT11: =BS11-BP11 -> 0 | BU11: =BU12*BP3 -> 0 | BW11: =BV11-BS11 -> 0 | BX11: =BX12*BS3 -> 0 | BZ11: =BY11-BV11 -> 0 | CA11: =CA12*BV3 -> 0 | CC11: =CB11-BY11 -> 0 | CD11: =CD12*BY3 -> 0
C12: Экспл. Услуги от УК тариф | G12: ='0. ГИРА'!G12 -> 12142.857 | J12: ='0. ГИРА'!J12 -> 174.37686 | M12: ='0. ГИРА'!M12 -> 102.57462 | P12: ='0. ГИРА'!P12 -> 0 | S12: ='0. ГИРА'!S12 -> 0 | V12: ='0. ГИРА'!V12 -> 0 | Y12: ='0. ГИРА'!Y12 -> 0 | AB12: ='0. ГИРА'!AB12 -> 0 | AE12: ='0. ГИРА'!AE12 -> 0 | AH12: ='0. ГИРА'!AH12 -> 0 | AK12: ='0. ГИРА'!AK12 -> 0 | AN12: ='0. ГИРА'!AN12 -> 0 | AQ12: ='0. ГИРА'!AQ12 -> 0 | AT12: ='0. ГИРА'!AT12 -> 0 | AW12: ='0. ГИРА'!AW12 -> 0 | AZ12: ='0. ГИРА'!AZ12 -> 0 | BC12: ='0. ГИРА'!BC12 -> 0 | BF12: ='0. ГИРА'!BF12 -> 0 | BI12: ='0. ГИРА'!BI12 -> 0 | BL12: ='0. ГИРА'!BL12 -> 0 | BO12: ='0. ГИРА'!BO12 -> 0 | BR12: ='0. ГИРА'!BR12 -> 0 | BU12: ='0. ГИРА'!BU12 -> 0 | BX12: ='0. ГИРА'!BX12 -> 0 | CA12: ='0. ГИРА'!CA12 -> 0 | CD12: ='0. ГИРА'!CD12 -> 0

Sheet К45,20
A1: ИНН | B1: =Реестр!D4 -> 333 | C1: Месяц | D1: 45962 | E1: 45992 | F1: Потребл. | G1: 45962 | H1: 46023 | I1: Потребл. | J1: 45992 | K1: 46054 | L1: Потребл. | M1: 46023 | N1: 46082 | O1: Потребл. | P1: 46054 | Q1: 46113 | R1: Потребл. | S1: 46082 | T1: 46143 | U1: Потребл. | V1: 46113 | W1: 46174 | X1: Потребл. | Y1: 46143 | Z1: 46204 | AA1: Потребл. | AB1: 46174 | AC1: 46235 | AD1: Потребл. | AE1: 46204 | AF1: 46266 | AG1: Потребл. | AH1: 46235 | AI1: 46296 | AJ1: Потребл. | AK1: 46266 | AL1: 46327 | AM1: Потребл. | AN1: 46296 | AO1: 46357 | AP1: Потребл. | AQ1: 46327 | AR1: 46388 | AS1: Потребл. | AT1: 46357 | AU1: 46419 | AV1: Потребл. | AW1: 46388 | AX1: 46447 | AY1: Потребл. | AZ1: 46419 | BA1: 46478 | BB1: Потребл. | BC1: 46447 | BD1: 46508 | BE1: Потребл. | BF1: 46478 | BG1: 46539 | BH1: Потребл. | BI1: 46508 | BJ1: 46569 | BK1: Потребл. | BL1: 46539 | BM1: 46600 | BN1: Потребл. | BO1: 46569 | BP1: 46631 | BQ1: Потребл. | BR1: 46600 | BS1: 46661 | BT1: Потребл. | BU1: 46631 | BV1: 46692 | BW1: Потребл. | BX1: 46661 | BY1: 46722 | BZ1: Потребл. | CA1: 46692 | CB1: 46753 | CC1: Потребл. | CD1: 46722
A2: Кадастр | B2: =Реестр!B4 -> 1006:3090 | D2: знач. | E2: знач. | F2: знач. | G2: руб. | H2: знач. | I2: знач. | J2: руб. | K2: знач. | L2: знач. | M2: руб. | N2: знач. | O2: знач | P2: руб. | Q2: знач. | R2: знач. | S2: руб. | T2: знач. | U2: знач. | V2: руб. | W2: знач. | X2: знач. | Y2: руб. | Z2: знач. | AA2: знач. | AB2: руб. | AC2: знач. | AD2: знач. | AE2: руб. | AF2: знач. | AG2: знач. | AH2: руб. | AI2: знач. | AJ2: знач. | AK2: руб. | AL2: знач. | AM2: знач. | AN2: руб. | AO2: знач. | AP2: знач. | AQ2: руб. | AR2: знач. | AS2: знач. | AT2: руб. | AU2: знач. | AV2: знач. | AW2: руб. | AX2: знач. | AY2: знач. | AZ2: руб. | BA2: знач. | BB2: знач. | BC2: руб. | BD2: знач. | BE2: знач. | BF2: руб. | BG2: знач. | BH2: знач. | BI2: руб. | BJ2: знач. | BK2: знач. | BL2: руб. | BM2: знач. | BN2: знач. | BO2: руб. | BP2: знач. | BQ2: знач. | BR2: руб. | BS2: знач. | BT2: знач. | BU2: руб. | BV2: знач. | BW2: знач. | BX2: руб. | BY2: знач. | BZ2: знач. | CA2: руб. | CB2: знач. | CC2: знач. | CD2: руб.
A3: Арендатор | B3: =Реестр!F4 -> Нал | C3: Электричество | F3: =E3-D3 -> 0 | G3: =F3*G4 -> 0 | I3: =H3-E3 -> 0 | J3: =I3*J4 -> 0 | K3: 345678 | L3: =K3-H3 -> 345678 | M3: =L3*M4 -> 3171.3578 | O3: =N3-K3 -> -345678 | P3: =O3*P4 -> 0 | R3: =Q3-N3 -> 0 | S3: =R3*S4 -> #DIV/0! | U3: =T3-Q3 -> 0 | V3: =U3*V4 -> #DIV/0! | X3: =W3-T3 -> 0 | Y3: =X3*Y4 -> #DIV/0! | AA3: =Z3-W3 -> 0 | AB3: =AA3*AB4 -> #DIV/0! | AD3: =AC3-Z3 -> 0 | AE3: =AD3*AE4 -> #DIV/0! | AG3: =AF3-AC3 -> 0 | AH3: =AG3*AH4 -> #DIV/0! | AJ3: =AI3-AF3 -> 0 | AK3: =AJ3*AK4 -> #DIV/0! | AM3: =AL3-AI3 -> 0 | AN3: =AM3*AN4 -> #DIV/0! | AP3: =AO3-AL3 -> 0 | AQ3: =AP3*AQ4 -> #DIV/0! | AS3: =AR3-AO3 -> 0 | AT3: =AS3*AT4 -> #DIV/0! | AV3: =AU3-AR3 -> 0 | AW3: =AV3*AW4 -> #DIV/0! | AY3: =AX3-AU3 -> 0 | AZ3: =AY3*AZ4 -> #DIV/0! | BB3: =BA3-AX3 -> 0 | BC3: =BB3*BC4 -> #DIV/0! | BE3: =BD3-BA3 -> 0 | BF3: =BE3*BF4 -> #DIV/0! | BH3: =BG3-BD3 -> 0 | BI3: =BH3*BI4 -> #DIV/0! | BK3: =BJ3-BG3 -> 0 | BL3: =BK3*BL4 -> #DIV/0! | BN3: =BM3-BJ3 -> 0 | BO3: =BN3*BO4 -> #DIV/0! | BQ3: =BP3-BM3 -> 0 | BR3: =BQ3*BR4 -> #DIV/0! | BT3: =BS3-BP3 -> 0 | BU3: =BT3*BU4 -> #DIV/0! | BW3: =BV3-BS3 -> 0 | BX3: =BW3*BX4 -> #DIV/0! | BZ3: =BY3-BV3 -> 0 | CA3: =BZ3*CA4 -> #DIV/0! | CC3: =CB3-BY3 -> 0 | CD3: =CC3*CD4 -> 0
A4: Площадь | B4: =Реестр!H4 -> 45.2 | C4: Электричество тариф | G4: ='0. ГИРА'!G4 -> 0.045000045 | J4: ='0. ГИРА'!J4 -> 0.1956526 | M4: ='0. ГИРА'!M4 -> 0.0091743119 | P4: ='0. ГИРА'!P4 -> 0 | S4: ='0. ГИРА'!S4 -> #DIV/0! | V4: ='0. ГИРА'!V4 -> #DIV/0! | Y4: ='0. ГИРА'!Y4 -> #DIV/0! | AB4: ='0. ГИРА'!AB4 -> #DIV/0! | AE4: ='0. ГИРА'!AE4 -> #DIV/0! | AH4: ='0. ГИРА'!AH4 -> #DIV/0! | AK4: ='0. ГИРА'!AK4 -> #DIV/0! | AN4: ='0. ГИРА'!AN4 -> #DIV/0! | AQ4: ='0. ГИРА'!AQ4 -> #DIV/0! | AT4: ='0. ГИРА'!AT4 -> #DIV/0! | AW4: ='0. ГИРА'!AW4 -> #DIV/0! | AZ4: ='0. ГИРА'!AZ4 -> #DIV/0! | BC4: ='0. ГИРА'!BC4 -> #DIV/0! | BF4: ='0. ГИРА'!BF4 -> #DIV/0! | BI4: ='0. ГИРА'!BI4 -> #DIV/0! | BL4: ='0. ГИРА'!BL4 -> #DIV/0! | BO4: ='0. ГИРА'!BO4 -> #DIV/0! | BR4: ='0. ГИРА'!BR4 -> #DIV/0! | BU4: ='0. ГИРА'!BU4 -> #DIV/0! | BX4: ='0. ГИРА'!BX4 -> #DIV/0! | CA4: ='0. ГИРА'!CA4 -> #DIV/0! | CD4: ='0. ГИРА'!CD4 -> 0
C5: Водоканал холодная вода | F5: =E5-D5 -> 0 | I5: =H5-E5 -> 0 | K5: 579 | L5: =K5-H5 -> 579 | O5: =N5-K5 -> -579 | R5: =Q5-N5 -> 0 | U5: =T5-Q5 -> 0 | X5: =W5-T5 -> 0 | AA5: =Z5-W5 -> 0 | AD5: =AC5-Z5 -> 0 | AG5: =AF5-AC5 -> 0 | AJ5: =AI5-AF5 -> 0 | AM5: =AL5-AI5 -> 0 | AP5: =AO5-AL5 -> 0 | AS5: =AR5-AO5 -> 0 | AV5: =AU5-AR5 -> 0 | AY5: =AX5-AU5 -> 0 | BB5: =BA5-AX5 -> 0 | BE5: =BD5-BA5 -> 0 | BH5: =BG5-BD5 -> 0 | BK5: =BJ5-BG5 -> 0 | BN5: =BM5-BJ5 -> 0 | BQ5: =BP5-BM5 -> 0 | BT5: =BS5-BP5 -> 0 | BW5: =BV5-BS5 -> 0 | BZ5: =BY5-BV5 -> 0 | CC5: =CB5-BY5 -> 0
A6: Имя 1 | B6: =Реестр!M4 -> - | C6: Водоканал холодная Тариф | G6: ='0. ГИРА'!G6 -> 0.067500068 | J6: ='0. ГИРА'!J6 -> 0.14673945 | M6: ='0. ГИРА'!M6 -> -0.011069527 | P6: ='0. ГИРА'!P6 -> 0 | S6: ='0. ГИРА'!S6 -> #DIV/0! | V6: ='0. ГИРА'!V6 -> #DIV/0! | Y6: ='0. ГИРА'!Y6 -> #DIV/0! | AB6: ='0. ГИРА'!AB6 -> #DIV/0! | AE6: ='0. ГИРА'!AE6 -> #DIV/0! | AH6: ='0. ГИРА'!AH6 -> #DIV/0! | AK6: ='0. ГИРА'!AK6 -> #DIV/0! | AN6: ='0. ГИРА'!AN6 -> #DIV/0! | AQ6: ='0. ГИРА'!AQ6 -> #DIV/0! | AT6: ='0. ГИРА'!AT6 -> #DIV/0! | AW6: ='0. ГИРА'!AW6 -> #DIV/0! | AZ6: ='0. ГИРА'!AZ6 -> #DIV/0! | BC6: ='0. ГИРА'!BC6 -> #DIV/0! | BF6: ='0. ГИРА'!BF6 -> #DIV/0! | BI6: ='0. ГИРА'!BI6 -> #DIV/0! | BL6: ='0. ГИРА'!BL6 -> #DIV/0! | BO6: ='0. ГИРА'!BO6 -> #DIV/0! | BR6: ='0. ГИРА'!BR6 -> #DIV/0! | BU6: ='0. ГИРА'!BU6 -> #DIV/0! | BX6: ='0. ГИРА'!BX6 -> #DIV/0! | CA6: ='0. ГИРА'!CA6 -> #DIV/0! | CD6: ='0. ГИРА'!CD6 -> 0
A7: Контакт 1 | B7: =Реестр!N4 -> - | C7: Водоканал горячая вода | F7: =E7-D7 -> 0 | G7: =G8*F7 -> 0 | I7: =H7-E7 -> 0 | J7: =J8*I7 -> 0 | L7: =K7-H7 -> 0 | M7: =M8*L7 -> 0 | O7: =N7-K7 -> 0 | P7: =P8*O7 -> 0 | R7: =Q7-N7 -> 0 | S7: =S8*R7 -> #DIV/0! | U7: =T7-Q7 -> 0 | V7: =V8*U7 -> #DIV/0! | X7: =W7-T7 -> 0 | Y7: =Y8*X7 -> #DIV/0! | AA7: =Z7-W7 -> 0 | AB7: =AB8*AA7 -> #DIV/0! | AD7: =AC7-Z7 -> 0 | AE7: =AE8*AD7 -> #DIV/0! | AG7: =AF7-AC7 -> 0 | AH7: =AH8*AG7 -> #DIV/0! | AJ7: =AI7-AF7 -> 0 | AK7: =AK8*AJ7 -> #DIV/0! | AM7: =AL7-AI7 -> 0 | AN7: =AN8*AM7 -> #DIV/0! | AP7: =AO7-AL7 -> 0 | AQ7: =AQ8*AP7 -> #DIV/0! | AS7: =AR7-AO7 -> 0 | AT7: =AT8*AS7 -> #DIV/0! | AV7: =AU7-AR7 -> 0 | AW7: =AW8*AV7 -> #DIV/0! | AY7: =AX7-AU7 -> 0 | AZ7: =AZ8*AY7 -> #DIV/0! | BB7: =BA7-AX7 -> 0 | BC7: =BC8*BB7 -> #DIV/0! | BE7: =BD7-BA7 -> 0 | BF7: =BF8*BE7 -> #DIV/0! | BH7: =BG7-BD7 -> 0 | BI7: =BI8*BH7 -> #DIV/0! | BK7: =BJ7-BG7 -> 0 | BL7: =BL8*BK7 -> #DIV/0! | BN7: =BM7-BJ7 -> 0 | BO7: =BO8*BN7 -> #DIV/0! | BQ7: =BP7-BM7 -> 0 | BR7: =BR8*BQ7 -> #DIV/0! | BT7: =BS7-BP7 -> 0 | BU7: =BU8*BT7 -> #DIV/0! | BW7: =BV7-BS7 -> 0 | BX7: =BX8*BW7 -> #DIV/0! | BZ7: =BY7-BV7 -> 0 | CA7: =CA8*BZ7 -> #DIV/0! | CC7: =CB7-BY7 -> 0 | CD7: =CD8*CC7 -> 0
A8: Имя 2 | B8: =Реестр!O4 -> - | C8: Водоканал горячая Тариф | G8: ='0. ГИРА'!G8 -> 0.09000009 | J8: ='0. ГИРА'!J8 -> 0.1956526 | M8: ='0. ГИРА'!M8 -> -0.051392492 | P8: ='0. ГИРА'!P8 -> 0 | S8: ='0. ГИРА'!S8 -> #DIV/0! | V8: ='0. ГИРА'!V8 -> #DIV/0! | Y8: ='0. ГИРА'!Y8 -> #DIV/0! | AB8: ='0. ГИРА'!AB8 -> #DIV/0! | AE8: ='0. ГИРА'!AE8 -> #DIV/0! | AH8: ='0. ГИРА'!AH8 -> #DIV/0! | AK8: ='0. ГИРА'!AK8 -> #DIV/0! | AN8: ='0. ГИРА'!AN8 -> #DIV/0! | AQ8: ='0. ГИРА'!AQ8 -> #DIV/0! | AT8: ='0. ГИРА'!AT8 -> #DIV/0! | AW8: ='0. ГИРА'!AW8 -> #DIV/0! | AZ8: ='0. ГИРА'!AZ8 -> #DIV/0! | BC8: ='0. ГИРА'!BC8 -> #DIV/0! | BF8: ='0. ГИРА'!BF8 -> #DIV/0! | BI8: ='0. ГИРА'!BI8 -> #DIV/0! | BL8: ='0. ГИРА'!BL8 -> #DIV/0! | BO8: ='0. ГИРА'!BO8 -> #DIV/0! | BR8: ='0. ГИРА'!BR8 -> #DIV/0! | BU8: ='0. ГИРА'!BU8 -> #DIV/0! | BX8: ='0. ГИРА'!BX8 -> #DIV/0! | CA8: ='0. ГИРА'!CA8 -> #DIV/0! | CD8: ='0. ГИРА'!CD8 -> 0
A9: Контакт 2 | B9: =Реестр!P4 -> - | C9: Тепло | F9: =E9-D9 -> 0 | G9: =G10*B3 -> #VALUE! | I9: =H9-E9 -> 0 | J9: =J10*E3 -> 0 | K9: 123 | L9: =K9-H9 -> 123 | M9: 12 | O9: =N9-K9 -> -123 | P9: =P10*K3 -> 0 | R9: =Q9-N9 -> 0 | S9: =S10*N3 -> 0 | U9: =T9-Q9 -> 0 | V9: =V10*Q3 -> 0 | X9: =W9-T9 -> 0 | Y9: =Y10*T3 -> 0 | AA9: =Z9-W9 -> 0 | AB9: =AB10*W3 -> 0 | AD9: =AC9-Z9 -> 0 | AE9: =AE10*Z3 -> 0 | AG9: =AF9-AC9 -> 0 | AH9: =AH10*AC3 -> 0 | AJ9: =AI9-AF9 -> 0 | AK9: =AK10*AF3 -> 0 | AM9: =AL9-AI9 -> 0 | AN9: =AN10*AI3 -> 0 | AP9: =AO9-AL9 -> 0 | AQ9: =AQ10*AL3 -> 0 | AS9: =AR9-AO9 -> 0 | AT9: =AT10*AO3 -> 0 | AV9: =AU9-AR9 -> 0 | AW9: =AW10*AR3 -> 0 | AY9: =AX9-AU9 -> 0 | AZ9: =AZ10*AU3 -> 0 | BB9: =BA9-AX9 -> 0 | BC9: =BC10*AX3 -> 0 | BE9: =BD9-BA9 -> 0 | BF9: =BF10*BA3 -> 0 | BH9: =BG9-BD9 -> 0 | BI9: =BI10*BD3 -> 0 | BK9: =BJ9-BG9 -> 0 | BL9: =BL10*BG3 -> 0 | BN9: =BM9-BJ9 -> 0 | BO9: =BO10*BJ3 -> 0 | BQ9: =BP9-BM9 -> 0 | BR9: =BR10*BM3 -> 0 | BT9: =BS9-BP9 -> 0 | BU9: =BU10*BP3 -> 0 | BW9: =BV9-BS9 -> 0 | BX9: =BX10*BS3 -> 0 | BZ9: =BY9-BV9 -> 0 | CA9: =CA10*BV3 -> 0 | CC9: =CB9-BY9 -> 0 | CD9: =CD10*BY3 -> 0
C10: Тепло тариф | G10: ='0. ГИРА'!G10 -> 24.61791 | J10: ='0. ГИРА'!J10 -> 24.61791 | M10: ='0. ГИРА'!M10 -> 20.514925 | P10: ='0. ГИРА'!P10 -> 0 | S10: ='0. ГИРА'!S10 -> 0 | V10: ='0. ГИРА'!V10 -> 0 | Y10: ='0. ГИРА'!Y10 -> 0 | AB10: ='0. ГИРА'!AB10 -> 0 | AE10: ='0. ГИРА'!AE10 -> 0 | AH10: ='0. ГИРА'!AH10 -> 0 | AK10: ='0. ГИРА'!AK10 -> 0 | AN10: ='0. ГИРА'!AN10 -> 0 | AQ10: ='0. ГИРА'!AQ10 -> 0 | AT10: ='0. ГИРА'!AT10 -> 0 | AW10: ='0. ГИРА'!AW10 -> 0 | AZ10: ='0. ГИРА'!AZ10 -> 0 | BC10: ='0. ГИРА'!BC10 -> 0 | BF10: ='0. ГИРА'!BF10 -> 0 | BI10: ='0. ГИРА'!BI10 -> 0 | BL10: ='0. ГИРА'!BL10 -> 0 | BO10: ='0. ГИРА'!BO10 -> 0 | BR10: ='0. ГИРА'!BR10 -> 0 | BU10: ='0. ГИРА'!BU10 -> 0 | BX10: ='0. ГИРА'!BX10 -> 0 | CA10: ='0. ГИРА'!CA10 -> 0 | CD10: ='0. ГИРА'!CD10 -> 0
A11: Номер счетчика | C11: Экспл. Услуги от УК | F11: =E11-D11 -> 0 | I11: =H11-E11 -> 0 | J11: =J12*E3 -> 0 | L11: =K11-H11 -> 0 | M11: =M12*H3 -> 0 | O11: =N11-K11 -> 0 | P11: =P12*K3 -> 0 | R11: =Q11-N11 -> 0 | S11: =S12*N3 -> 0 | U11: =T11-Q11 -> 0 | V11: =V12*Q3 -> 0 | X11: =W11-T11 -> 0 | Y11: =Y12*T3 -> 0 | AA11: =Z11-W11 -> 0 | AB11: =AB12*W3 -> 0 | AD11: =AC11-Z11 -> 0 | AE11: =AE12*Z3 -> 0 | AG11: =AF11-AC11 -> 0 | AH11: =AH12*AC3 -> 0 | AJ11: =AI11-AF11 -> 0 | AK11: =AK12*AF3 -> 0 | AM11: =AL11-AI11 -> 0 | AN11: =AN12*AI3 -> 0 | AP11: =AO11-AL11 -> 0 | AQ11: =AQ12*AL3 -> 0 | AS11: =AR11-AO11 -> 0 | AT11: =AT12*AO3 -> 0 | AV11: =AU11-AR11 -> 0 | AW11: =AW12*AR3 -> 0 | AY11: =AX11-AU11 -> 0 | AZ11: =AZ12*AU3 -> 0 | BB11: =BA11-AX11 -> 0 | BC11: =BC12*AX3 -> 0 | BE11: =BD11-BA11 -> 0 | BF11: =BF12*BA3 -> 0 | BH11: =BG11-BD11 -> 0 | BI11: =BI12*BD3 -> 0 | BK11: =BJ11-BG11 -> 0 | BL11: =BL12*BG3 -> 0 | BN11: =BM11-BJ11 -> 0 | BO11: =BO12*BJ3 -> 0 | BQ11: =BP11-BM11 -> 0 | BR11: =BR12*BM3 -> 0 | BT11: =BS11-BP11 -> 0 | BU11: =BU12*BP3 -> 0 | BW11: =BV11-BS11 -> 0 | BX11: =BX12*BS3 -> 0 | BZ11: =BY11-BV11 -> 0 | CA11: =CA12*BV3 -> 0 | CC11: =CB11-BY11 -> 0 | CD11: =CD12*BY3 -> 0
C12: Экспл. Услуги от УК тариф | G12: ='0. ГИРА'!G12 -> 12142.857 | J12: ='0. ГИРА'!J12 -> 174.37686 | M12: ='0. ГИРА'!M12 -> 102.57462 | P12: ='0. ГИРА'!P12 -> 0 | S12: ='0. ГИРА'!S12 -> 0 | V12: ='0. ГИРА'!V12 -> 0 | Y12: ='0. ГИРА'!Y12 -> 0 | AB12: ='0. ГИРА'!AB12 -> 0 | AE12: ='0. ГИРА'!AE12 -> 0 | AH12: ='0. ГИРА'!AH12 -> 0 | AK12: ='0. ГИРА'!AK12 -> 0 | AN12: ='0. ГИРА'!AN12 -> 0 | AQ12: ='0. ГИРА'!AQ12 -> 0 | AT12: ='0. ГИРА'!AT12 -> 0 | AW12: ='0. ГИРА'!AW12 -> 0 | AZ12: ='0. ГИРА'!AZ12 -> 0 | BC12: ='0. ГИРА'!BC12 -> 0 | BF12: ='0. ГИРА'!BF12 -> 0 | BI12: ='0. ГИРА'!BI12 -> 0 | BL12: ='0. ГИРА'!BL12 -> 0 | BO12: ='0. ГИРА'!BO12 -> 0 | BR12: ='0. ГИРА'!BR12 -> 0 | BU12: ='0. ГИРА'!BU12 -> 0 | BX12: ='0. ГИРА'!BX12 -> 0 | CA12: ='0. ГИРА'!CA12 -> 0 | CD12: ='0. ГИРА'!CD12 -> 0

Sheet К43,30
A1: ИНН | B1: =Реестр!D5 -> 555 | C1: Месяц | D1: 45962 | E1: 45992 | F1: Потребл. | G1: 45962 | H1: 46023 | I1: Потребл. | J1: 45992 | K1: 46054 | L1: Потребл. | M1: 46023 | N1: 46082 | O1: Потребл. | P1: 46054 | Q1: 46113 | R1: Потребл. | S1: 46082 | T1: 46143 | U1: Потребл. | V1: 46113 | W1: 46174 | X1: Потребл. | Y1: 46143 | Z1: 46204 | AA1: Потребл. | AB1: 46174 | AC1: 46235 | AD1: Потребл. | AE1: 46204 | AF1: 46266 | AG1: Потребл. | AH1: 46235 | AI1: 46296 | AJ1: Потребл. | AK1: 46266 | AL1: 46327 | AM1: Потребл. | AN1: 46296 | AO1: 46357 | AP1: Потребл. | AQ1: 46327 | AR1: 46388 | AS1: Потребл. | AT1: 46357 | AU1: 46419 | AV1: Потребл. | AW1: 46388 | AX1: 46447 | AY1: Потребл. | AZ1: 46419 | BA1: 46478 | BB1: Потребл. | BC1: 46447 | BD1: 46508 | BE1: Потребл. | BF1: 46478 | BG1: 46539 | BH1: Потребл. | BI1: 46508 | BJ1: 46569 | BK1: Потребл. | BL1: 46539 | BM1: 46600 | BN1: Потребл. | BO1: 46569 | BP1: 46631 | BQ1: Потребл. | BR1: 46600 | BS1: 46661 | BT1: Потребл. | BU1: 46631 | BV1: 46692 | BW1: Потребл. | BX1: 46661 | BY1: 46722 | BZ1: Потребл. | CA1: 46692 | CB1: 46753 | CC1: Потребл. | CD1: 46722
A2: Кадастр | B2: =Реестр!B5 -> 1006:3090 | D2: знач. | E2: знач. | F2: знач. | G2: руб. | H2: знач. | I2: знач. | J2: руб. | K2: знач. | L2: знач. | M2: руб. | N2: знач. | O2: знач | P2: руб. | Q2: знач. | R2: знач. | S2: руб. | T2: знач. | U2: знач. | V2: руб. | W2: знач. | X2: знач. | Y2: руб. | Z2: знач. | AA2: знач. | AB2: руб. | AC2: знач. | AD2: знач. | AE2: руб. | AF2: знач. | AG2: знач. | AH2: руб. | AI2: знач. | AJ2: знач. | AK2: руб. | AL2: знач. | AM2: знач. | AN2: руб. | AO2: знач. | AP2: знач. | AQ2: руб. | AR2: знач. | AS2: знач. | AT2: руб. | AU2: знач. | AV2: знач. | AW2: руб. | AX2: знач. | AY2: знач. | AZ2: руб. | BA2: знач. | BB2: знач. | BC2: руб. | BD2: знач. | BE2: знач. | BF2: руб. | BG2: знач. | BH2: знач. | BI2: руб. | BJ2: знач. | BK2: знач. | BL2: руб. | BM2: знач. | BN2: знач. | BO2: руб. | BP2: знач. | BQ2: знач. | BR2: руб. | BS2: знач. | BT2: знач. | BU2: руб. | BV2: знач. | BW2: знач. | BX2: руб. | BY2: знач. | BZ2: знач. | CA2: руб. | CB2: знач. | CC2: знач. | CD2: руб.
A3: Арендатор | B3: =Реестр!F5 -> Мясоо | C3: Электричество | F3: =E3-D3 -> 0 | G3: =F3*G4 -> 0 | I3: =H3-E3 -> 0 | J3: =I3*J4 -> 0 | L3: =K3-H3 -> 0 | M3: =L3*M4 -> 0 | O3: =N3-K3 -> 0 | P3: =O3*P4 -> 0 | R3: =Q3-N3 -> 0 | S3: =R3*S4 -> #DIV/0! | U3: =T3-Q3 -> 0 | V3: =U3*V4 -> #DIV/0! | X3: =W3-T3 -> 0 | Y3: =X3*Y4 -> #DIV/0! | AA3: =Z3-W3 -> 0 | AB3: =AA3*AB4 -> #DIV/0! | AD3: =AC3-Z3 -> 0 | AE3: =AD3*AE4 -> #DIV/0! | AG3: =AF3-AC3 -> 0 | AH3: =AG3*AH4 -> #DIV/0! | AJ3: =AI3-AF3 -> 0 | AK3: =AJ3*AK4 -> #DIV/0! | AM3: =AL3-AI3 -> 0 | AN3: =AM3*AN4 -> #DIV/0! | AP3: =AO3-AL3 -> 0 | AQ3: =AP3*AQ4 -> #DIV/0! | AS3: =AR3-AO3 -> 0 | AT3: =AS3*AT4 -> #DIV/0! | AV3: =AU3-AR3 -> 0 | AW3: =AV3*AW4 -> #DIV/0! | AY3: =AX3-AU3 -> 0 | AZ3: =AY3*AZ4 -> #DIV/0! | BB3: =BA3-AX3 -> 0 | BC3: =BB3*BC4 -> #DIV/0! | BE3: =BD3-BA3 -> 0 | BF3: =BE3*BF4 -> #DIV/0! | BH3: =BG3-BD3 -> 0 | BI3: =BH3*BI4 -> #DIV/0! | BK3: =BJ3-BG3 -> 0 | BL3: =BK3*BL4 -> #DIV/0! | BN3: =BM3-BJ3 -> 0 | BO3: =BN3*BO4 -> #DIV/0! | BQ3: =BP3-BM3 -> 0 | BR3: =BQ3*BR4 -> #DIV/0! | BT3: =BS3-BP3 -> 0 | BU3: =BT3*BU4 -> #DIV/0! | BW3: =BV3-BS3 -> 0 | BX3: =BW3*BX4 -> #DIV/0! | BZ3: =BY3-BV3 -> 0 | CA3: =BZ3*CA4 -> #DIV/0! | CC3: =CB3-BY3 -> 0 | CD3: =CC3*CD4 -> 0
A4: Площадь | B4: =Реестр!H5 -> 43.3 | C4: Электричество тариф | G4: ='0. ГИРА'!G4 -> 0.045000045 | J4: ='0. ГИРА'!J4 -> 0.1956526 | M4: ='0. ГИРА'!M4 -> 0.0091743119 | P4: ='0. ГИРА'!P4 -> 0 | S4: ='0. ГИРА'!S4 -> #DIV/0! | V4: ='0. ГИРА'!V4 -> #DIV/0! | Y4: ='0. ГИРА'!Y4 -> #DIV/0! | AB4: ='0. ГИРА'!AB4 -> #DIV/0! | AE4: ='0. ГИРА'!AE4 -> #DIV/0! | AH4: ='0. ГИРА'!AH4 -> #DIV/0! | AK4: ='0. ГИРА'!AK4 -> #DIV/0! | AN4: ='0. ГИРА'!AN4 -> #DIV/0! | AQ4: ='0. ГИРА'!AQ4 -> #DIV/0! | AT4: ='0. ГИРА'!AT4 -> #DIV/0! | AW4: ='0. ГИРА'!AW4 -> #DIV/0! | AZ4: ='0. ГИРА'!AZ4 -> #DIV/0! | BC4: ='0. ГИРА'!BC4 -> #DIV/0! | BF4: ='0. ГИРА'!BF4 -> #DIV/0! | BI4: ='0. ГИРА'!BI4 -> #DIV/0! | BL4: ='0. ГИРА'!BL4 -> #DIV/0! | BO4: ='0. ГИРА'!BO4 -> #DIV/0! | BR4: ='0. ГИРА'!BR4 -> #DIV/0! | BU4: ='0. ГИРА'!BU4 -> #DIV/0! | BX4: ='0. ГИРА'!BX4 -> #DIV/0! | CA4: ='0. ГИРА'!CA4 -> #DIV/0! | CD4: ='0. ГИРА'!CD4 -> 0
C5: Водоканал холодная вода | F5: =E5-D5 -> 0 | I5: =H5-E5 -> 0 | L5: =K5-H5 -> 0 | O5: =N5-K5 -> 0 | R5: =Q5-N5 -> 0 | U5: =T5-Q5 -> 0 | X5: =W5-T5 -> 0 | AA5: =Z5-W5 -> 0 | AD5: =AC5-Z5 -> 0 | AG5: =AF5-AC5 -> 0 | AJ5: =AI5-AF5 -> 0 | AM5: =AL5-AI5 -> 0 | AP5: =AO5-AL5 -> 0 | AS5: =AR5-AO5 -> 0 | AV5: =AU5-AR5 -> 0 | AY5: =AX5-AU5 -> 0 | BB5: =BA5-AX5 -> 0 | BE5: =BD5-BA5 -> 0 | BH5: =BG5-BD5 -> 0 | BK5: =BJ5-BG5 -> 0 | BN5: =BM5-BJ5 -> 0 | BQ5: =BP5-BM5 -> 0 | BT5: =BS5-BP5 -> 0 | BW5: =BV5-BS5 -> 0 | BZ5: =BY5-BV5 -> 0 | CC5: =CB5-BY5 -> 0
A6: Имя 1 | B6: =Реестр!M5 -> - | C6: Водоканал холодная Тариф | G6: ='0. ГИРА'!G6 -> 0.067500068 | J6: ='0. ГИРА'!J6 -> 0.14673945 | M6: ='0. ГИРА'!M6 -> -0.011069527 | P6: ='0. ГИРА'!P6 -> 0 | S6: ='0. ГИРА'!S6 -> #DIV/0! | V6: ='0. ГИРА'!V6 -> #DIV/0! | Y6: ='0. ГИРА'!Y6 -> #DIV/0! | AB6: ='0. ГИРА'!AB6 -> #DIV/0! | AE6: ='0. ГИРА'!AE6 -> #DIV/0! | AH6: ='0. ГИРА'!AH6 -> #DIV/0! | AK6: ='0. ГИРА'!AK6 -> #DIV/0! | AN6: ='0. ГИРА'!AN6 -> #DIV/0! | AQ6: ='0. ГИРА'!AQ6 -> #DIV/0! | AT6: ='0. ГИРА'!AT6 -> #DIV/0! | AW6: ='0. ГИРА'!AW6 -> #DIV/0! | AZ6: ='0. ГИРА'!AZ6 -> #DIV/0! | BC6: ='0. ГИРА'!BC6 -> #DIV/0! | BF6: ='0. ГИРА'!BF6 -> #DIV/0! | BI6: ='0. ГИРА'!BI6 -> #DIV/0! | BL6: ='0. ГИРА'!BL6 -> #DIV/0! | BO6: ='0. ГИРА'!BO6 -> #DIV/0! | BR6: ='0. ГИРА'!BR6 -> #DIV/0! | BU6: ='0. ГИРА'!BU6 -> #DIV/0! | BX6: ='0. ГИРА'!BX6 -> #DIV/0! | CA6: ='0. ГИРА'!CA6 -> #DIV/0! | CD6: ='0. ГИРА'!CD6 -> 0
A7: Контакт 1 | B7: =Реестр!N5 -> - | C7: Водоканал горячая вода | F7: =E7-D7 -> 0 | G7: =G8*F7 -> 0 | I7: =H7-E7 -> 0 | J7: =J8*I7 -> 0 | L7: =K7-H7 -> 0 | M7: =M8*L7 -> 0 | O7: =N7-K7 -> 0 | P7: =P8*O7 -> 0 | R7: =Q7-N7 -> 0 | S7: =S8*R7 -> #DIV/0! | U7: =T7-Q7 -> 0 | V7: =V8*U7 -> #DIV/0! | X7: =W7-T7 -> 0 | Y7: =Y8*X7 -> #DIV/0! | AA7: =Z7-W7 -> 0 | AB7: =AB8*AA7 -> #DIV/0! | AD7: =AC7-Z7 -> 0 | AE7: =AE8*AD7 -> #DIV/0! | AG7: =AF7-AC7 -> 0 | AH7: =AH8*AG7 -> #DIV/0! | AJ7: =AI7-AF7 -> 0 | AK7: =AK8*AJ7 -> #DIV/0! | AM7: =AL7-AI7 -> 0 | AN7: =AN8*AM7 -> #DIV/0! | AP7: =AO7-AL7 -> 0 | AQ7: =AQ8*AP7 -> #DIV/0! | AS7: =AR7-AO7 -> 0 | AT7: =AT8*AS7 -> #DIV/0! | AV7: =AU7-AR7 -> 0 | AW7: =AW8*AV7 -> #DIV/0! | AY7: =AX7-AU7 -> 0 | AZ7: =AZ8*AY7 -> #DIV/0! | BB7: =BA7-AX7 -> 0 | BC7: =BC8*BB7 -> #DIV/0! | BE7: =BD7-BA7 -> 0 | BF7: =BF8*BE7 -> #DIV/0! | BH7: =BG7-BD7 -> 0 | BI7: =BI8*BH7 -> #DIV/0! | BK7: =BJ7-BG7 -> 0 | BL7: =BL8*BK7 -> #DIV/0! | BN7: =BM7-BJ7 -> 0 | BO7: =BO8*BN7 -> #DIV/0! | BQ7: =BP7-BM7 -> 0 | BR7: =BR8*BQ7 -> #DIV/0! | BT7: =BS7-BP7 -> 0 | BU7: =BU8*BT7 -> #DIV/0! | BW7: =BV7-BS7 -> 0 | BX7: =BX8*BW7 -> #DIV/0! | BZ7: =BY7-BV7 -> 0 | CA7: =CA8*BZ7 -> #DIV/0! | CC7: =CB7-BY7 -> 0 | CD7: =CD8*CC7 -> 0
A8: Имя 2 | B8: =Реестр!O5 -> - | C8: Водоканал горячая Тариф | G8: ='0. ГИРА'!G8 -> 0.09000009 | J8: ='0. ГИРА'!J8 -> 0.1956526 | M8: ='0. ГИРА'!M8 -> -0.051392492 | P8: ='0. ГИРА'!P8 -> 0 | S8: ='0. ГИРА'!S8 -> #DIV/0! | V8: ='0. ГИРА'!V8 -> #DIV/0! | Y8: ='0. ГИРА'!Y8 -> #DIV/0! | AB8: ='0. ГИРА'!AB8 -> #DIV/0! | AE8: ='0. ГИРА'!AE8 -> #DIV/0! | AH8: ='0. ГИРА'!AH8 -> #DIV/0! | AK8: ='0. ГИРА'!AK8 -> #DIV/0! | AN8: ='0. ГИРА'!AN8 -> #DIV/0! | AQ8: ='0. ГИРА'!AQ8 -> #DIV/0! | AT8: ='0. ГИРА'!AT8 -> #DIV/0! | AW8: ='0. ГИРА'!AW8 -> #DIV/0! | AZ8: ='0. ГИРА'!AZ8 -> #DIV/0! | BC8: ='0. ГИРА'!BC8 -> #DIV/0! | BF8: ='0. ГИРА'!BF8 -> #DIV/0! | BI8: ='0. ГИРА'!BI8 -> #DIV/0! | BL8: ='0. ГИРА'!BL8 -> #DIV/0! | BO8: ='0. ГИРА'!BO8 -> #DIV/0! | BR8: ='0. ГИРА'!BR8 -> #DIV/0! | BU8: ='0. ГИРА'!BU8 -> #DIV/0! | BX8: ='0. ГИРА'!BX8 -> #DIV/0! | CA8: ='0. ГИРА'!CA8 -> #DIV/0! | CD8: ='0. ГИРА'!CD8 -> 0
A9: Контакт 2 | B9: =Реестр!P5 -> - | C9: Тепло | F9: =E9-D9 -> 0 | G9: =G10*B3 -> #VALUE! | I9: =H9-E9 -> 0 | J9: =J10*E3 -> 0 | K9: 1234 | L9: =K9-H9 -> 1234 | M9: 12 | O9: =N9-K9 -> -1234 | P9: =P10*K3 -> 0 | R9: =Q9-N9 -> 0 | S9: =S10*N3 -> 0 | U9: =T9-Q9 -> 0 | V9: =V10*Q3 -> 0 | X9: =W9-T9 -> 0 | Y9: =Y10*T3 -> 0 | AA9: =Z9-W9 -> 0 | AB9: =AB10*W3 -> 0 | AD9: =AC9-Z9 -> 0 | AE9: =AE10*Z3 -> 0 | AG9: =AF9-AC9 -> 0 | AH9: =AH10*AC3 -> 0 | AJ9: =AI9-AF9 -> 0 | AK9: =AK10*AF3 -> 0 | AM9: =AL9-AI9 -> 0 | AN9: =AN10*AI3 -> 0 | AP9: =AO9-AL9 -> 0 | AQ9: =AQ10*AL3 -> 0 | AS9: =AR9-AO9 -> 0 | AT9: =AT10*AO3 -> 0 | AV9: =AU9-AR9 -> 0 | AW9: =AW10*AR3 -> 0 | AY9: =AX9-AU9 -> 0 | AZ9: =AZ10*AU3 -> 0 | BB9: =BA9-AX9 -> 0 | BC9: =BC10*AX3 -> 0 | BE9: =BD9-BA9 -> 0 | BF9: =BF10*BA3 -> 0 | BH9: =BG9-BD9 -> 0 | BI9: =BI10*BD3 -> 0 | BK9: =BJ9-BG9 -> 0 | BL9: =BL10*BG3 -> 0 | BN9: =BM9-BJ9 -> 0 | BO9: =BO10*BJ3 -> 0 | BQ9: =BP9-BM9 -> 0 | BR9: =BR10*BM3 -> 0 | BT9: =BS9-BP9 -> 0 | BU9: =BU10*BP3 -> 0 | BW9: =BV9-BS9 -> 0 | BX9: =BX10*BS3 -> 0 | BZ9: =BY9-BV9 -> 0 | CA9: =CA10*BV3 -> 0 | CC9: =CB9-BY9 -> 0 | CD9: =CD10*BY3 -> 0
C10: Тепло тариф | G10: ='0. ГИРА'!G10 -> 24.61791 | J10: ='0. ГИРА'!J10 -> 24.61791 | M10: ='0. ГИРА'!M10 -> 20.514925 | P10: ='0. ГИРА'!P10 -> 0 | S10: ='0. ГИРА'!S10 -> 0 | V10: ='0. ГИРА'!V10 -> 0 | Y10: ='0. ГИРА'!Y10 -> 0 | AB10: ='0. ГИРА'!AB10 -> 0 | AE10: ='0. ГИРА'!AE10 -> 0 | AH10: ='0. ГИРА'!AH10 -> 0 | AK10: ='0. ГИРА'!AK10 -> 0 | AN10: ='0. ГИРА'!AN10 -> 0 | AQ10: ='0. ГИРА'!AQ10 -> 0 | AT10: ='0. ГИРА'!AT10 -> 0 | AW10: ='0. ГИРА'!AW10 -> 0 | AZ10: ='0. ГИРА'!AZ10 -> 0 | BC10: ='0. ГИРА'!BC10 -> 0 | BF10: ='0. ГИРА'!BF10 -> 0 | BI10: ='0. ГИРА'!BI10 -> 0 | BL10: ='0. ГИРА'!BL10 -> 0 | BO10: ='0. ГИРА'!BO10 -> 0 | BR10: ='0. ГИРА'!BR10 -> 0 | BU10: ='0. ГИРА'!BU10 -> 0 | BX10: ='0. ГИРА'!BX10 -> 0 | CA10: ='0. ГИРА'!CA10 -> 0 | CD10: ='0. ГИРА'!CD10 -> 0
A11: Номер счетчика | B11: =Реестр!J5 -> 0 | C11: Экспл. Услуги от УК | F11: =E11-D11 -> 0 | I11: =H11-E11 -> 0 | J11: =J12*E3 -> 0 | L11: =K11-H11 -> 0 | M11: =M12*H3 -> 0 | O11: =N11-K11 -> 0 | P11: =P12*K3 -> 0 | R11: =Q11-N11 -> 0 | S11: =S12*N3 -> 0 | U11: =T11-Q11 -> 0 | V11: =V12*Q3 -> 0 | X11: =W11-T11 -> 0 | Y11: =Y12*T3 -> 0 | AA11: =Z11-W11 -> 0 | AB11: =AB12*W3 -> 0 | AD11: =AC11-Z11 -> 0 | AE11: =AE12*Z3 -> 0 | AG11: =AF11-AC11 -> 0 | AH11: =AH12*AC3 -> 0 | AJ11: =AI11-AF11 -> 0 | AK11: =AK12*AF3 -> 0 | AM11: =AL11-AI11 -> 0 | AN11: =AN12*AI3 -> 0 | AP11: =AO11-AL11 -> 0 | AQ11: =AQ12*AL3 -> 0 | AS11: =AR11-AO11 -> 0 | AT11: =AT12*AO3 -> 0 | AV11: =AU11-AR11 -> 0 | AW11: =AW12*AR3 -> 0 | AY11: =AX11-AU11 -> 0 | AZ11: =AZ12*AU3 -> 0 | BB11: =BA11-AX11 -> 0 | BC11: =BC12*AX3 -> 0 | BE11: =BD11-BA11 -> 0 | BF11: =BF12*BA3 -> 0 | BH11: =BG11-BD11 -> 0 | BI11: =BI12*BD3 -> 0 | BK11: =BJ11-BG11 -> 0 | BL11: =BL12*BG3 -> 0 | BN11: =BM11-BJ11 -> 0 | BO11: =BO12*BJ3 -> 0 | BQ11: =BP11-BM11 -> 0 | BR11: =BR12*BM3 -> 0 | BT11: =BS11-BP11 -> 0 | BU11: =BU12*BP3 -> 0 | BW11: =BV11-BS11 -> 0 | BX11: =BX12*BS3 -> 0 | BZ11: =BY11-BV11 -> 0 | CA11: =CA12*BV3 -> 0 | CC11: =CB11-BY11 -> 0 | CD11: =CD12*BY3 -> 0
C12: Экспл. Услуги от УК тариф | G12: ='0. ГИРА'!G12 -> 12142.857 | J12: ='0. ГИРА'!J12 -> 174.37686 | M12: ='0. ГИРА'!M12 -> 102.57462 | P12: ='0. ГИРА'!P12 -> 0 | S12: ='0. ГИРА'!S12 -> 0 | V12: ='0. ГИРА'!V12 -> 0 | Y12: ='0. ГИРА'!Y12 -> 0 | AB12: ='0. ГИРА'!AB12 -> 0 | AE12: ='0. ГИРА'!AE12 -> 0 | AH12: ='0. ГИРА'!AH12 -> 0 | AK12: ='0. ГИРА'!AK12 -> 0 | AN12: ='0. ГИРА'!AN12 -> 0 | AQ12: ='0. ГИРА'!AQ12 -> 0 | AT12: ='0. ГИРА'!AT12 -> 0 | AW12: ='0. ГИРА'!AW12 -> 0 | AZ12: ='0. ГИРА'!AZ12 -> 0 | BC12: ='0. ГИРА'!BC12 -> 0 | BF12: ='0. ГИРА'!BF12 -> 0 | BI12: ='0. ГИРА'!BI12 -> 0 | BL12: ='0. ГИРА'!BL12 -> 0 | BO12: ='0. ГИРА'!BO12 -> 0 | BR12: ='0. ГИРА'!BR12 -> 0 | BU12: ='0. ГИРА'!BU12 -> 0 | BX12: ='0. ГИРА'!BX12 -> 0 | CA12: ='0. ГИРА'!CA12 -> 0 | CD12: ='0. ГИРА'!CD12 -> 0

Sheet К36,00
A1: ИНН | B1: =Реестр!D6 -> 222 | C1: Месяц | D1: 45962 | E1: 45992 | F1: Потребл. | G1: 45962 | H1: 46023 | I1: Потребл. | J1: 45992 | K1: 46054 | L1: Потребл. | M1: 46023 | N1: 46082 | O1: Потребл. | P1: 46054 | Q1: 46113 | R1: Потребл. | S1: 46082 | T1: 46143 | U1: Потребл. | V1: 46113 | W1: 46174 | X1: Потребл. | Y1: 46143 | Z1: 46204 | AA1: Потребл. | AB1: 46174 | AC1: 46235 | AD1: Потребл. | AE1: 46204 | AF1: 46266 | AG1: Потребл. | AH1: 46235 | AI1: 46296 | AJ1: Потребл. | AK1: 46266 | AL1: 46327 | AM1: Потребл. | AN1: 46296 | AO1: 46357 | AP1: Потребл. | AQ1: 46327 | AR1: 46388 | AS1: Потребл. | AT1: 46357 | AU1: 46419 | AV1: Потребл. | AW1: 46388 | AX1: 46447 | AY1: Потребл. | AZ1: 46419 | BA1: 46478 | BB1: Потребл. | BC1: 46447 | BD1: 46508 | BE1: Потребл. | BF1: 46478 | BG1: 46539 | BH1: Потребл. | BI1: 46508 | BJ1: 46569 | BK1: Потребл. | BL1: 46539 | BM1: 46600 | BN1: Потребл. | BO1: 46569 | BP1: 46631 | BQ1: Потребл. | BR1: 46600 | BS1: 46661 | BT1: Потребл. | BU1: 46631 | BV1: 46692 | BW1: Потребл. | BX1: 46661 | BY1: 46722 | BZ1: Потребл. | CA1: 46692 | CB1: 46753 | CC1: Потребл. | CD1: 46722
A2: Кадастр | B2: =Реестр!B6 -> 1006:3090 | D2: знач. | E2: знач. | F2: знач. | G2: руб. | H2: знач. | I2: знач. | J2: руб. | K2: знач. | L2: знач. | M2: руб. | N2: знач. | O2: знач | P2: руб. | Q2: знач. | R2: знач. | S2: руб. | T2: знач. | U2: знач. | V2: руб. | W2: знач. | X2: знач. | Y2: руб. | Z2: знач. | AA2: знач. | AB2: руб. | AC2: знач. | AD2: знач. | AE2: руб. | AF2: знач. | AG2: знач. | AH2: руб. | AI2: знач. | AJ2: знач. | AK2: руб. | AL2: знач. | AM2: знач. | AN2: руб. | AO2: знач. | AP2: знач. | AQ2: руб. | AR2: знач. | AS2: знач. | AT2: руб. | AU2: знач. | AV2: знач. | AW2: руб. | AX2: знач. | AY2: знач. | AZ2: руб. | BA2: знач. | BB2: знач. | BC2: руб. | BD2: знач. | BE2: знач. | BF2: руб. | BG2: знач. | BH2: знач. | BI2: руб. | BJ2: знач. | BK2: знач. | BL2: руб. | BM2: знач. | BN2: знач. | BO2: руб. | BP2: знач. | BQ2: знач. | BR2: руб. | BS2: знач. | BT2: знач. | BU2: руб. | BV2: знач. | BW2: знач. | BX2: руб. | BY2: знач. | BZ2: знач. | CA2: руб. | CB2: знач. | CC2: знач. | CD2: руб.
A3: Арендатор | B3: =Реестр!F6 -> Галяутдинова Н.А. | C3: Электричество | F3: =E3-D3 -> 0 | G3: =F3*G4 -> 0 | I3: =H3-E3 -> 0 | J3: =I3*J4 -> 0 | L3: =K3-H3 -> 0 | M3: =L3*M4 -> 0 | O3: =N3-K3 -> 0 | P3: =O3*P4 -> 0 | R3: =Q3-N3 -> 0 | S3: =R3*S4 -> #DIV/0! | U3: =T3-Q3 -> 0 | V3: =U3*V4 -> #DIV/0! | X3: =W3-T3 -> 0 | Y3: =X3*Y4 -> #DIV/0! | AA3: =Z3-W3 -> 0 | AB3: =AA3*AB4 -> #DIV/0! | AD3: =AC3-Z3 -> 0 | AE3: =AD3*AE4 -> #DIV/0! | AG3: =AF3-AC3 -> 0 | AH3: =AG3*AH4 -> #DIV/0! | AJ3: =AI3-AF3 -> 0 | AK3: =AJ3*AK4 -> #DIV/0! | AM3: =AL3-AI3 -> 0 | AN3: =AM3*AN4 -> #DIV/0! | AP3: =AO3-AL3 -> 0 | AQ3: =AP3*AQ4 -> #DIV/0! | AS3: =AR3-AO3 -> 0 | AT3: =AS3*AT4 -> #DIV/0! | AV3: =AU3-AR3 -> 0 | AW3: =AV3*AW4 -> #DIV/0! | AY3: =AX3-AU3 -> 0 | AZ3: =AY3*AZ4 -> #DIV/0! | BB3: =BA3-AX3 -> 0 | BC3: =BB3*BC4 -> #DIV/0! | BE3: =BD3-BA3 -> 0 | BF3: =BE3*BF4 -> #DIV/0! | BH3: =BG3-BD3 -> 0 | BI3: =BH3*BI4 -> #DIV/0! | BK3: =BJ3-BG3 -> 0 | BL3: =BK3*BL4 -> #DIV/0! | BN3: =BM3-BJ3 -> 0 | BO3: =BN3*BO4 -> #DIV/0! | BQ3: =BP3-BM3 -> 0 | BR3: =BQ3*BR4 -> #DIV/0! | BT3: =BS3-BP3 -> 0 | BU3: =BT3*BU4 -> #DIV/0! | BW3: =BV3-BS3 -> 0 | BX3: =BW3*BX4 -> #DIV/0! | BZ3: =BY3-BV3 -> 0 | CA3: =BZ3*CA4 -> #DIV/0! | CC3: =CB3-BY3 -> 0 | CD3: =CC3*CD4 -> 0
A4: Площадь | B4: =Реестр!H6 -> 36 | C4: Электричество тариф | G4: ='0. ГИРА'!G4 -> 0.045000045 | J4: ='0. ГИРА'!J4 -> 0.1956526 | M4: ='0. ГИРА'!M4 -> 0.0091743119 | P4: ='0. ГИРА'!P4 -> 0 | S4: ='0. ГИРА'!S4 -> #DIV/0! | V4: ='0. ГИРА'!V4 -> #DIV/0! | Y4: ='0. ГИРА'!Y4 -> #DIV/0! | AB4: ='0. ГИРА'!AB4 -> #DIV/0! | AE4: ='0. ГИРА'!AE4 -> #DIV/0! | AH4: ='0. ГИРА'!AH4 -> #DIV/0! | AK4: ='0. ГИРА'!AK4 -> #DIV/0! | AN4: ='0. ГИРА'!AN4 -> #DIV/0! | AQ4: ='0. ГИРА'!AQ4 -> #DIV/0! | AT4: ='0. ГИРА'!AT4 -> #DIV/0! | AW4: ='0. ГИРА'!AW4 -> #DIV/0! | AZ4: ='0. ГИРА'!AZ4 -> #DIV/0! | BC4: ='0. ГИРА'!BC4 -> #DIV/0! | BF4: ='0. ГИРА'!BF4 -> #DIV/0! | BI4: ='0. ГИРА'!BI4 -> #DIV/0! | BL4: ='0. ГИРА'!BL4 -> #DIV/0! | BO4: ='0. ГИРА'!BO4 -> #DIV/0! | BR4: ='0. ГИРА'!BR4 -> #DIV/0! | BU4: ='0. ГИРА'!BU4 -> #DIV/0! | BX4: ='0. ГИРА'!BX4 -> #DIV/0! | CA4: ='0. ГИРА'!CA4 -> #DIV/0! | CD4: ='0. ГИРА'!CD4 -> 0
C5: Водоканал холодная вода | F5: =E5-D5 -> 0 | I5: =H5-E5 -> 0 | L5: =K5-H5 -> 0 | O5: =N5-K5 -> 0 | R5: =Q5-N5 -> 0 | U5: =T5-Q5 -> 0 | X5: =W5-T5 -> 0 | AA5: =Z5-W5 -> 0 | AD5: =AC5-Z5 -> 0 | AG5: =AF5-AC5 -> 0 | AJ5: =AI5-AF5 -> 0 | AM5: =AL5-AI5 -> 0 | AP5: =AO5-AL5 -> 0 | AS5: =AR5-AO5 -> 0 | AV5: =AU5-AR5 -> 0 | AY5: =AX5-AU5 -> 0 | BB5: =BA5-AX5 -> 0 | BE5: =BD5-BA5 -> 0 | BH5: =BG5-BD5 -> 0 | BK5: =BJ5-BG5 -> 0 | BN5: =BM5-BJ5 -> 0 | BQ5: =BP5-BM5 -> 0 | BT5: =BS5-BP5 -> 0 | BW5: =BV5-BS5 -> 0 | BZ5: =BY5-BV5 -> 0 | CC5: =CB5-BY5 -> 0
A6: Имя 1 | B6: =Реестр!M6 -> Наталья | C6: Водоканал холодная Тариф | G6: ='0. ГИРА'!G6 -> 0.067500068 | J6: ='0. ГИРА'!J6 -> 0.14673945 | M6: ='0. ГИРА'!M6 -> -0.011069527 | P6: ='0. ГИРА'!P6 -> 0 | S6: ='0. ГИРА'!S6 -> #DIV/0! | V6: ='0. ГИРА'!V6 -> #DIV/0! | Y6: ='0. ГИРА'!Y6 -> #DIV/0! | AB6: ='0. ГИРА'!AB6 -> #DIV/0! | AE6: ='0. ГИРА'!AE6 -> #DIV/0! | AH6: ='0. ГИРА'!AH6 -> #DIV/0! | AK6: ='0. ГИРА'!AK6 -> #DIV/0! | AN6: ='0. ГИРА'!AN6 -> #DIV/0! | AQ6: ='0. ГИРА'!AQ6 -> #DIV/0! | AT6: ='0. ГИРА'!AT6 -> #DIV/0! | AW6: ='0. ГИРА'!AW6 -> #DIV/0! | AZ6: ='0. ГИРА'!AZ6 -> #DIV/0! | BC6: ='0. ГИРА'!BC6 -> #DIV/0! | BF6: ='0. ГИРА'!BF6 -> #DIV/0! | BI6: ='0. ГИРА'!BI6 -> #DIV/0! | BL6: ='0. ГИРА'!BL6 -> #DIV/0! | BO6: ='0. ГИРА'!BO6 -> #DIV/0! | BR6: ='0. ГИРА'!BR6 -> #DIV/0! | BU6: ='0. ГИРА'!BU6 -> #DIV/0! | BX6: ='0. ГИРА'!BX6 -> #DIV/0! | CA6: ='0. ГИРА'!CA6 -> #DIV/0! | CD6: ='0. ГИРА'!CD6 -> 0
A7: Контакт 1 | B7: =Реестр!N6 -> 89655937317 | C7: Водоканал горячая вода | F7: =E7-D7 -> 0 | G7: =G8*F7 -> 0 | I7: =H7-E7 -> 0 | J7: =J8*I7 -> 0 | L7: =K7-H7 -> 0 | M7: =M8*L7 -> 0 | O7: =N7-K7 -> 0 | P7: =P8*O7 -> 0 | R7: =Q7-N7 -> 0 | S7: =S8*R7 -> #DIV/0! | U7: =T7-Q7 -> 0 | V7: =V8*U7 -> #DIV/0! | X7: =W7-T7 -> 0 | Y7: =Y8*X7 -> #DIV/0! | AA7: =Z7-W7 -> 0 | AB7: =AB8*AA7 -> #DIV/0! | AD7: =AC7-Z7 -> 0 | AE7: =AE8*AD7 -> #DIV/0! | AG7: =AF7-AC7 -> 0 | AH7: =AH8*AG7 -> #DIV/0! | AJ7: =AI7-AF7 -> 0 | AK7: =AK8*AJ7 -> #DIV/0! | AM7: =AL7-AI7 -> 0 | AN7: =AN8*AM7 -> #DIV/0! | AP7: =AO7-AL7 -> 0 | AQ7: =AQ8*AP7 -> #DIV/0! | AS7: =AR7-AO7 -> 0 | AT7: =AT8*AS7 -> #DIV/0! | AV7: =AU7-AR7 -> 0 | AW7: =AW8*AV7 -> #DIV/0! | AY7: =AX7-AU7 -> 0 | AZ7: =AZ8*AY7 -> #DIV/0! | BB7: =BA7-AX7 -> 0 | BC7: =BC8*BB7 -> #DIV/0! | BE7: =BD7-BA7 -> 0 | BF7: =BF8*BE7 -> #DIV/0! | BH7: =BG7-BD7 -> 0 | BI7: =BI8*BH7 -> #DIV/0! | BK7: =BJ7-BG7 -> 0 | BL7: =BL8*BK7 -> #DIV/0! | BN7: =BM7-BJ7 -> 0 | BO7: =BO8*BN7 -> #DIV/0! | BQ7: =BP7-BM7 -> 0 | BR7: =BR8*BQ7 -> #DIV/0! | BT7: =BS7-BP7 -> 0 | BU7: =BU8*BT7 -> #DIV/0! | BW7: =BV7-BS7 -> 0 | BX7: =BX8*BW7 -> #DIV/0! | BZ7: =BY7-BV7 -> 0 | CA7: =CA8*BZ7 -> #DIV/0! | CC7: =CB7-BY7 -> 0 | CD7: =CD8*CC7 -> 0
A8: Имя 2 | B8: =Реестр!O6 -> - | C8: Водоканал горячая Тариф | G8: ='0. ГИРА'!G8 -> 0.09000009 | J8: ='0. ГИРА'!J8 -> 0.1956526 | M8: ='0. ГИРА'!M8 -> -0.051392492 | P8: ='0. ГИРА'!P8 -> 0 | S8: ='0. ГИРА'!S8 -> #DIV/0! | V8: ='0. ГИРА'!V8 -> #DIV/0! | Y8: ='0. ГИРА'!Y8 -> #DIV/0! | AB8: ='0. ГИРА'!AB8 -> #DIV/0! | AE8: ='0. ГИРА'!AE8 -> #DIV/0! | AH8: ='0. ГИРА'!AH8 -> #DIV/0! | AK8: ='0. ГИРА'!AK8 -> #DIV/0! | AN8: ='0. ГИРА'!AN8 -> #DIV/0! | AQ8: ='0. ГИРА'!AQ8 -> #DIV/0! | AT8: ='0. ГИРА'!AT8 -> #DIV/0! | AW8: ='0. ГИРА'!AW8 -> #DIV/0! | AZ8: ='0. ГИРА'!AZ8 -> #DIV/0! | BC8: ='0. ГИРА'!BC8 -> #DIV/0! | BF8: ='0. ГИРА'!BF8 -> #DIV/0! | BI8: ='0. ГИРА'!BI8 -> #DIV/0! | BL8: ='0. ГИРА'!BL8 -> #DIV/0! | BO8: ='0. ГИРА'!BO8 -> #DIV/0! | BR8: ='0. ГИРА'!BR8 -> #DIV/0! | BU8: ='0. ГИРА'!BU8 -> #DIV/0! | BX8: ='0. ГИРА'!BX8 -> #DIV/0! | CA8: ='0. ГИРА'!CA8 -> #DIV/0! | CD8: ='0. ГИРА'!CD8 -> 0
A9: Контакт 2 | B9: =Реестр!P6 -> - | C9: Тепло | F9: =E9-D9 -> 0 | G9: =G10*B3 -> #VALUE! | I9: =H9-E9 -> 0 | J9: =J10*E3 -> 0 | L9: =K9-H9 -> 0 | M9: =M10*H3 -> 0 | O9: =N9-K9 -> 0 | P9: =P10*K3 -> 0 | R9: =Q9-N9 -> 0 | S9: =S10*N3 -> 0 | U9: =T9-Q9 -> 0 | V9: =V10*Q3 -> 0 | X9: =W9-T9 -> 0 | Y9: =Y10*T3 -> 0 | AA9: =Z9-W9 -> 0 | AB9: =AB10*W3 -> 0 | AD9: =AC9-Z9 -> 0 | AE9: =AE10*Z3 -> 0 | AG9: =AF9-AC9 -> 0 | AH9: =AH10*AC3 -> 0 | AJ9: =AI9-AF9 -> 0 | AK9: =AK10*AF3 -> 0 | AM9: =AL9-AI9 -> 0 | AN9: =AN10*AI3 -> 0 | AP9: =AO9-AL9 -> 0 | AQ9: =AQ10*AL3 -> 0 | AS9: =AR9-AO9 -> 0 | AT9: =AT10*AO3 -> 0 | AV9: =AU9-AR9 -> 0 | AW9: =AW10*AR3 -> 0 | AY9: =AX9-AU9 -> 0 | AZ9: =AZ10*AU3 -> 0 | BB9: =BA9-AX9 -> 0 | BC9: =BC10*AX3 -> 0 | BE9: =BD9-BA9 -> 0 | BF9: =BF10*BA3 -> 0 | BH9: =BG9-BD9 -> 0 | BI9: =BI10*BD3 -> 0 | BK9: =BJ9-BG9 -> 0 | BL9: =BL10*BG3 -> 0 | BN9: =BM9-BJ9 -> 0 | BO9: =BO10*BJ3 -> 0 | BQ9: =BP9-BM9 -> 0 | BR9: =BR10*BM3 -> 0 | BT9: =BS9-BP9 -> 0 | BU9: =BU10*BP3 -> 0 | BW9: =BV9-BS9 -> 0 | BX9: =BX10*BS3 -> 0 | BZ9: =BY9-BV9 -> 0 | CA9: =CA10*BV3 -> 0 | CC9: =CB9-BY9 -> 0 | CD9: =CD10*BY3 -> 0
C10: Тепло тариф | G10: ='0. ГИРА'!G10 -> 24.61791 | J10: ='0. ГИРА'!J10 -> 24.61791 | M10: ='0. ГИРА'!M10 -> 20.514925 | P10: ='0. ГИРА'!P10 -> 0 | S10: ='0. ГИРА'!S10 -> 0 | V10: ='0. ГИРА'!V10 -> 0 | Y10: ='0. ГИРА'!Y10 -> 0 | AB10: ='0. ГИРА'!AB10 -> 0 | AE10: ='0. ГИРА'!AE10 -> 0 | AH10: ='0. ГИРА'!AH10 -> 0 | AK10: ='0. ГИРА'!AK10 -> 0 | AN10: ='0. ГИРА'!AN10 -> 0 | AQ10: ='0. ГИРА'!AQ10 -> 0 | AT10: ='0. ГИРА'!AT10 -> 0 | AW10: ='0. ГИРА'!AW10 -> 0 | AZ10: ='0. ГИРА'!AZ10 -> 0 | BC10: ='0. ГИРА'!BC10 -> 0 | BF10: ='0. ГИРА'!BF10 -> 0 | BI10: ='0. ГИРА'!BI10 -> 0 | BL10: ='0. ГИРА'!BL10 -> 0 | BO10: ='0. ГИРА'!BO10 -> 0 | BR10: ='0. ГИРА'!BR10 -> 0 | BU10: ='0. ГИРА'!BU10 -> 0 | BX10: ='0. ГИРА'!BX10 -> 0 | CA10: ='0. ГИРА'!CA10 -> 0 | CD10: ='0. ГИРА'!CD10 -> 0
A11: Номер счетчика | B11: 111 000111,000788,000191, 11111111, 11111110 | C11: Экспл. Услуги от УК | F11: =E11-D11 -> 0 | I11: =H11-E11 -> 0 | J11: =J12*E3 -> 0 | L11: =K11-H11 -> 0 | M11: =M12*H3 -> 0 | O11: =N11-K11 -> 0 | P11: =P12*K3 -> 0 | R11: =Q11-N11 -> 0 | S11: =S12*N3 -> 0 | U11: =T11-Q11 -> 0 | V11: =V12*Q3 -> 0 | X11: =W11-T11 -> 0 | Y11: =Y12*T3 -> 0 | AA11: =Z11-W11 -> 0 | AB11: =AB12*W3 -> 0 | AD11: =AC11-Z11 -> 0 | AE11: =AE12*Z3 -> 0 | AG11: =AF11-AC11 -> 0 | AH11: =AH12*AC3 -> 0 | AJ11: =AI11-AF11 -> 0 | AK11: =AK12*AF3 -> 0 | AM11: =AL11-AI11 -> 0 | AN11: =AN12*AI3 -> 0 | AP11: =AO11-AL11 -> 0 | AQ11: =AQ12*AL3 -> 0 | AS11: =AR11-AO11 -> 0 | AT11: =AT12*AO3 -> 0 | AV11: =AU11-AR11 -> 0 | AW11: =AW12*AR3 -> 0 | AY11: =AX11-AU11 -> 0 | AZ11: =AZ12*AU3 -> 0 | BB11: =BA11-AX11 -> 0 | BC11: =BC12*AX3 -> 0 | BE11: =BD11-BA11 -> 0 | BF11: =BF12*BA3 -> 0 | BH11: =BG11-BD11 -> 0 | BI11: =BI12*BD3 -> 0 | BK11: =BJ11-BG11 -> 0 | BL11: =BL12*BG3 -> 0 | BN11: =BM11-BJ11 -> 0 | BO11: =BO12*BJ3 -> 0 | BQ11: =BP11-BM11 -> 0 | BR11: =BR12*BM3 -> 0 | BT11: =BS11-BP11 -> 0 | BU11: =BU12*BP3 -> 0 | BW11: =BV11-BS11 -> 0 | BX11: =BX12*BS3 -> 0 | BZ11: =BY11-BV11 -> 0 | CA11: =CA12*BV3 -> 0 | CC11: =CB11-BY11 -> 0 | CD11: =CD12*BY3 -> 0
C12: Экспл. Услуги от УК тариф | G12: ='0. ГИРА'!G12 -> 12142.857 | J12: ='0. ГИРА'!J12 -> 174.37686 | M12: ='0. ГИРА'!M12 -> 102.57462 | P12: ='0. ГИРА'!P12 -> 0 | S12: ='0. ГИРА'!S12 -> 0 | V12: ='0. ГИРА'!V12 -> 0 | Y12: ='0. ГИРА'!Y12 -> 0 | AB12: ='0. ГИРА'!AB12 -> 0 | AE12: ='0. ГИРА'!AE12 -> 0 | AH12: ='0. ГИРА'!AH12 -> 0 | AK12: ='0. ГИРА'!AK12 -> 0 | AN12: ='0. ГИРА'!AN12 -> 0 | AQ12: ='0. ГИРА'!AQ12 -> 0 | AT12: ='0. ГИРА'!AT12 -> 0 | AW12: ='0. ГИРА'!AW12 -> 0 | AZ12: ='0. ГИРА'!AZ12 -> 0 | BC12: ='0. ГИРА'!BC12 -> 0 | BF12: ='0. ГИРА'!BF12 -> 0 | BI12: ='0. ГИРА'!BI12 -> 0 | BL12: ='0. ГИРА'!BL12 -> 0 | BO12: ='0. ГИРА'!BO12 -> 0 | BR12: ='0. ГИРА'!BR12 -> 0 | BU12: ='0. ГИРА'!BU12 -> 0 | BX12: ='0. ГИРА'!BX12 -> 0 | CA12: ='0. ГИРА'!CA12 -> 0 | CD12: ='0. ГИРА'!CD12 -> 0

Sheet К28,35
A1: ИНН | B1: =Реестр!D7 -> 1111111111 | C1: Месяц | D1: 45962 | E1: 45992 | F1: Потребл. | G1: 45962 | H1: 46023 | I1: Потребл. | J1: 45992 | K1: 46054 | L1: Потребл. | M1: 46023 | N1: 46082 | O1: Потребл. | P1: 46054 | Q1: 46113 | R1: Потребл. | S1: 46082 | T1: 46143 | U1: Потребл. | V1: 46113 | W1: 46174 | X1: Потребл. | Y1: 46143 | Z1: 46204 | AA1: Потребл. | AB1: 46174 | AC1: 46235 | AD1: Потребл. | AE1: 46204 | AF1: 46266 | AG1: Потребл. | AH1: 46235 | AI1: 46296 | AJ1: Потребл. | AK1: 46266 | AL1: 46327 | AM1: Потребл. | AN1: 46296 | AO1: 46357 | AP1: Потребл. | AQ1: 46327 | AR1: 46388 | AS1: Потребл. | AT1: 46357 | AU1: 46419 | AV1: Потребл. | AW1: 46388 | AX1: 46447 | AY1: Потребл. | AZ1: 46419 | BA1: 46478 | BB1: Потребл. | BC1: 46447 | BD1: 46508 | BE1: Потребл. | BF1: 46478 | BG1: 46539 | BH1: Потребл. | BI1: 46508 | BJ1: 46569 | BK1: Потребл. | BL1: 46539 | BM1: 46600 | BN1: Потребл. | BO1: 46569 | BP1: 46631 | BQ1: Потребл. | BR1: 46600 | BS1: 46661 | BT1: Потребл. | BU1: 46631 | BV1: 46692 | BW1: Потребл. | BX1: 46661 | BY1: 46722 | BZ1: Потребл. | CA1: 46692 | CB1: 46753 | CC1: Потребл. | CD1: 46722
A2: Кадастр | B2: =Реестр!B7 -> 1006:3090 | D2: знач. | E2: знач. | F2: знач. | G2: руб. | H2: знач. | I2: знач. | J2: руб. | K2: знач. | L2: знач. | M2: руб. | N2: знач. | O2: знач | P2: руб. | Q2: знач. | R2: знач. | S2: руб. | T2: знач. | U2: знач. | V2: руб. | W2: знач. | X2: знач. | Y2: руб. | Z2: знач. | AA2: знач. | AB2: руб. | AC2: знач. | AD2: знач. | AE2: руб. | AF2: знач. | AG2: знач. | AH2: руб. | AI2: знач. | AJ2: знач. | AK2: руб. | AL2: знач. | AM2: знач. | AN2: руб. | AO2: знач. | AP2: знач. | AQ2: руб. | AR2: знач. | AS2: знач. | AT2: руб. | AU2: знач. | AV2: знач. | AW2: руб. | AX2: знач. | AY2: знач. | AZ2: руб. | BA2: знач. | BB2: знач. | BC2: руб. | BD2: знач. | BE2: знач. | BF2: руб. | BG2: знач. | BH2: знач. | BI2: руб. | BJ2: знач. | BK2: знач. | BL2: руб. | BM2: знач. | BN2: знач. | BO2: руб. | BP2: знач. | BQ2: знач. | BR2: руб. | BS2: знач. | BT2: знач. | BU2: руб. | BV2: знач. | BW2: знач. | BX2: руб. | BY2: знач. | BZ2: знач. | CA2: руб. | CB2: знач. | CC2: знач. | CD2: руб.
A3: Арендатор | B3: =Реестр!F7 -> зож | C3: Электричество | F3: =E3-D3 -> 0 | G3: =F3*G4 -> 0 | I3: =H3-E3 -> 0 | J3: =I3*J4 -> 0 | L3: =K3-H3 -> 0 | M3: =L3*M4 -> 0 | O3: =N3-K3 -> 0 | P3: =O3*P4 -> 0 | R3: =Q3-N3 -> 0 | S3: =R3*S4 -> #DIV/0! | U3: =T3-Q3 -> 0 | V3: =U3*V4 -> #DIV/0! | X3: =W3-T3 -> 0 | Y3: =X3*Y4 -> #DIV/0! | AA3: =Z3-W3 -> 0 | AB3: =AA3*AB4 -> #DIV/0! | AD3: =AC3-Z3 -> 0 | AE3: =AD3*AE4 -> #DIV/0! | AG3: =AF3-AC3 -> 0 | AH3: =AG3*AH4 -> #DIV/0! | AJ3: =AI3-AF3 -> 0 | AK3: =AJ3*AK4 -> #DIV/0! | AM3: =AL3-AI3 -> 0 | AN3: =AM3*AN4 -> #DIV/0! | AP3: =AO3-AL3 -> 0 | AQ3: =AP3*AQ4 -> #DIV/0! | AS3: =AR3-AO3 -> 0 | AT3: =AS3*AT4 -> #DIV/0! | AV3: =AU3-AR3 -> 0 | AW3: =AV3*AW4 -> #DIV/0! | AY3: =AX3-AU3 -> 0 | AZ3: =AY3*AZ4 -> #DIV/0! | BB3: =BA3-AX3 -> 0 | BC3: =BB3*BC4 -> #DIV/0! | BE3: =BD3-BA3 -> 0 | BF3: =BE3*BF4 -> #DIV/0! | BH3: =BG3-BD3 -> 0 | BI3: =BH3*BI4 -> #DIV/0! | BK3: =BJ3-BG3 -> 0 | BL3: =BK3*BL4 -> #DIV/0! | BN3: =BM3-BJ3 -> 0 | BO3: =BN3*BO4 -> #DIV/0! | BQ3: =BP3-BM3 -> 0 | BR3: =BQ3*BR4 -> #DIV/0! | BT3: =BS3-BP3 -> 0 | BU3: =BT3*BU4 -> #DIV/0! | BW3: =BV3-BS3 -> 0 | BX3: =BW3*BX4 -> #DIV/0! | BZ3: =BY3-BV3 -> 0 | CA3: =BZ3*CA4 -> #DIV/0! | CC3: =CB3-BY3 -> 0 | CD3: =CC3*CD4 -> 0
A4: Площадь | B4: =Реестр!H7 -> K8888.0 | C4: Электричество тариф | G4: ='0. ГИРА'!G4 -> 0.045000045 | J4: ='0. ГИРА'!J4 -> 0.1956526 | M4: ='0. ГИРА'!M4 -> 0.0091743119 | P4: ='0. ГИРА'!P4 -> 0 | S4: ='0. ГИРА'!S4 -> #DIV/0! | V4: ='0. ГИРА'!V4 -> #DIV/0! | Y4: ='0. ГИРА'!Y4 -> #DIV/0! | AB4: ='0. ГИРА'!AB4 -> #DIV/0! | AE4: ='0. ГИРА'!AE4 -> #DIV/0! | AH4: ='0. ГИРА'!AH4 -> #DIV/0! | AK4: ='0. ГИРА'!AK4 -> #DIV/0! | AN4: ='0. ГИРА'!AN4 -> #DIV/0! | AQ4: ='0. ГИРА'!AQ4 -> #DIV/0! | AT4: ='0. ГИРА'!AT4 -> #DIV/0! | AW4: ='0. ГИРА'!AW4 -> #DIV/0! | AZ4: ='0. ГИРА'!AZ4 -> #DIV/0! | BC4: ='0. ГИРА'!BC4 -> #DIV/0! | BF4: ='0. ГИРА'!BF4 -> #DIV/0! | BI4: ='0. ГИРА'!BI4 -> #DIV/0! | BL4: ='0. ГИРА'!BL4 -> #DIV/0! | BO4: ='0. ГИРА'!BO4 -> #DIV/0! | BR4: ='0. ГИРА'!BR4 -> #DIV/0! | BU4: ='0. ГИРА'!BU4 -> #DIV/0! | BX4: ='0. ГИРА'!BX4 -> #DIV/0! | CA4: ='0. ГИРА'!CA4 -> #DIV/0! | CD4: ='0. ГИРА'!CD4 -> 0
C5: Водоканал холодная вода | F5: =E5-D5 -> 0 | I5: =H5-E5 -> 0 | L5: =K5-H5 -> 0 | O5: =N5-K5 -> 0 | R5: =Q5-N5 -> 0 | U5: =T5-Q5 -> 0 | X5: =W5-T5 -> 0 | AA5: =Z5-W5 -> 0 | AD5: =AC5-Z5 -> 0 | AG5: =AF5-AC5 -> 0 | AJ5: =AI5-AF5 -> 0 | AM5: =AL5-AI5 -> 0 | AP5: =AO5-AL5 -> 0 | AS5: =AR5-AO5 -> 0 | AV5: =AU5-AR5 -> 0 | AY5: =AX5-AU5 -> 0 | BB5: =BA5-AX5 -> 0 | BE5: =BD5-BA5 -> 0 | BH5: =BG5-BD5 -> 0 | BK5: =BJ5-BG5 -> 0 | BN5: =BM5-BJ5 -> 0 | BQ5: =BP5-BM5 -> 0 | BT5: =BS5-BP5 -> 0 | BW5: =BV5-BS5 -> 0 | BZ5: =BY5-BV5 -> 0 | CC5: =CB5-BY5 -> 0
A6: Имя 1 | B6: =Реестр!M7 -> - | C6: Водоканал холодная Тариф | G6: ='0. ГИРА'!G6 -> 0.067500068 | J6: ='0. ГИРА'!J6 -> 0.14673945 | M6: ='0. ГИРА'!M6 -> -0.011069527 | P6: ='0. ГИРА'!P6 -> 0 | S6: ='0. ГИРА'!S6 -> #DIV/0! | V6: ='0. ГИРА'!V6 -> #DIV/0! | Y6: ='0. ГИРА'!Y6 -> #DIV/0! | AB6: ='0. ГИРА'!AB6 -> #DIV/0! | AE6: ='0. ГИРА'!AE6 -> #DIV/0! | AH6: ='0. ГИРА'!AH6 -> #DIV/0! | AK6: ='0. ГИРА'!AK6 -> #DIV/0! | AN6: ='0. ГИРА'!AN6 -> #DIV/0! | AQ6: ='0. ГИРА'!AQ6 -> #DIV/0! | AT6: ='0. ГИРА'!AT6 -> #DIV/0! | AW6: ='0. ГИРА'!AW6 -> #DIV/0! | AZ6: ='0. ГИРА'!AZ6 -> #DIV/0! | BC6: ='0. ГИРА'!BC6 -> #DIV/0! | BF6: ='0. ГИРА'!BF6 -> #DIV/0! | BI6: ='0. ГИРА'!BI6 -> #DIV/0! | BL6: ='0. ГИРА'!BL6 -> #DIV/0! | BO6: ='0. ГИРА'!BO6 -> #DIV/0! | BR6: ='0. ГИРА'!BR6 -> #DIV/0! | BU6: ='0. ГИРА'!BU6 -> #DIV/0! | BX6: ='0. ГИРА'!BX6 -> #DIV/0! | CA6: ='0. ГИРА'!CA6 -> #DIV/0! | CD6: ='0. ГИРА'!CD6 -> 0
A7: Контакт 1 | B7: =Реестр!N7 -> 89393374081 | C7: Водоканал горячая вода | F7: =E7-D7 -> 0 | G7: =G8*F7 -> 0 | I7: =H7-E7 -> 0 | J7: =J8*I7 -> 0 | L7: =K7-H7 -> 0 | M7: =M8*L7 -> 0 | O7: =N7-K7 -> 0 | P7: =P8*O7 -> 0 | R7: =Q7-N7 -> 0 | S7: =S8*R7 -> #DIV/0! | U7: =T7-Q7 -> 0 | V7: =V8*U7 -> #DIV/0! | X7: =W7-T7 -> 0 | Y7: =Y8*X7 -> #DIV/0! | AA7: =Z7-W7 -> 0 | AB7: =AB8*AA7 -> #DIV/0! | AD7: =AC7-Z7 -> 0 | AE7: =AE8*AD7 -> #DIV/0! | AG7: =AF7-AC7 -> 0 | AH7: =AH8*AG7 -> #DIV/0! | AJ7: =AI7-AF7 -> 0 | AK7: =AK8*AJ7 -> #DIV/0! | AM7: =AL7-AI7 -> 0 | AN7: =AN8*AM7 -> #DIV/0! | AP7: =AO7-AL7 -> 0 | AQ7: =AQ8*AP7 -> #DIV/0! | AS7: =AR7-AO7 -> 0 | AT7: =AT8*AS7 -> #DIV/0! | AV7: =AU7-AR7 -> 0 | AW7: =AW8*AV7 -> #DIV/0! | AY7: =AX7-AU7 -> 0 | AZ7: =AZ8*AY7 -> #DIV/0! | BB7: =BA7-AX7 -> 0 | BC7: =BC8*BB7 -> #DIV/0! | BE7: =BD7-BA7 -> 0 | BF7: =BF8*BE7 -> #DIV/0! | BH7: =BG7-BD7 -> 0 | BI7: =BI8*BH7 -> #DIV/0! | BK7: =BJ7-BG7 -> 0 | BL7: =BL8*BK7 -> #DIV/0! | BN7: =BM7-BJ7 -> 0 | BO7: =BO8*BN7 -> #DIV/0! | BQ7: =BP7-BM7 -> 0 | BR7: =BR8*BQ7 -> #DIV/0! | BT7: =BS7-BP7 -> 0 | BU7: =BU8*BT7 -> #DIV/0! | BW7: =BV7-BS7 -> 0 | BX7: =BX8*BW7 -> #DIV/0! | BZ7: =BY7-BV7 -> 0 | CA7: =CA8*BZ7 -> #DIV/0! | CC7: =CB7-BY7 -> 0 | CD7: =CD8*CC7 -> 0
A8: Имя 2 | B8: =Реестр!O7 -> - | C8: Водоканал горячая Тариф | G8: ='0. ГИРА'!G8 -> 0.09000009 | J8: ='0. ГИРА'!J8 -> 0.1956526 | M8: ='0. ГИРА'!M8 -> -0.051392492 | P8: ='0. ГИРА'!P8 -> 0 | S8: ='0. ГИРА'!S8 -> #DIV/0! | V8: ='0. ГИРА'!V8 -> #DIV/0! | Y8: ='0. ГИРА'!Y8 -> #DIV/0! | AB8: ='0. ГИРА'!AB8 -> #DIV/0! | AE8: ='0. ГИРА'!AE8 -> #DIV/0! | AH8: ='0. ГИРА'!AH8 -> #DIV/0! | AK8: ='0. ГИРА'!AK8 -> #DIV/0! | AN8: ='0. ГИРА'!AN8 -> #DIV/0! | AQ8: ='0. ГИРА'!AQ8 -> #DIV/0! | AT8: ='0. ГИРА'!AT8 -> #DIV/0! | AW8: ='0. ГИРА'!AW8 -> #DIV/0! | AZ8: ='0. ГИРА'!AZ8 -> #DIV/0! | BC8: ='0. ГИРА'!BC8 -> #DIV/0! | BF8: ='0. ГИРА'!BF8 -> #DIV/0! | BI8: ='0. ГИРА'!BI8 -> #DIV/0! | BL8: ='0. ГИРА'!BL8 -> #DIV/0! | BO8: ='0. ГИРА'!BO8 -> #DIV/0! | BR8: ='0. ГИРА'!BR8 -> #DIV/0! | BU8: ='0. ГИРА'!BU8 -> #DIV/0! | BX8: ='0. ГИРА'!BX8 -> #DIV/0! | CA8: ='0. ГИРА'!CA8 -> #DIV/0! | CD8: ='0. ГИРА'!CD8 -> 0
A9: Контакт 2 | B9: =Реестр!P7 -> - | C9: Тепло | F9: =E9-D9 -> 0 | G9: =G10*B3 -> #VALUE! | I9: =H9-E9 -> 0 | J9: =J10*E3 -> 0 | L9: =K9-H9 -> 0 | M9: =M10*H3 -> 0 | O9: =N9-K9 -> 0 | P9: =P10*K3 -> 0 | R9: =Q9-N9 -> 0 | S9: =S10*N3 -> 0 | U9: =T9-Q9 -> 0 | V9: =V10*Q3 -> 0 | X9: =W9-T9 -> 0 | Y9: =Y10*T3 -> 0 | AA9: =Z9-W9 -> 0 | AB9: =AB10*W3 -> 0 | AD9: =AC9-Z9 -> 0 | AE9: =AE10*Z3 -> 0 | AG9: =AF9-AC9 -> 0 | AH9: =AH10*AC3 -> 0 | AJ9: =AI9-AF9 -> 0 | AK9: =AK10*AF3 -> 0 | AM9: =AL9-AI9 -> 0 | AN9: =AN10*AI3 -> 0 | AP9: =AO9-AL9 -> 0 | AQ9: =AQ10*AL3 -> 0 | AS9: =AR9-AO9 -> 0 | AT9: =AT10*AO3 -> 0 | AV9: =AU9-AR9 -> 0 | AW9: =AW10*AR3 -> 0 | AY9: =AX9-AU9 -> 0 | AZ9: =AZ10*AU3 -> 0 | BB9: =BA9-AX9 -> 0 | BC9: =BC10*AX3 -> 0 | BE9: =BD9-BA9 -> 0 | BF9: =BF10*BA3 -> 0 | BH9: =BG9-BD9 -> 0 | BI9: =BI10*BD3 -> 0 | BK9: =BJ9-BG9 -> 0 | BL9: =BL10*BG3 -> 0 | BN9: =BM9-BJ9 -> 0 | BO9: =BO10*BJ3 -> 0 | BQ9: =BP9-BM9 -> 0 | BR9: =BR10*BM3 -> 0 | BT9: =BS9-BP9 -> 0 | BU9: =BU10*BP3 -> 0 | BW9: =BV9-BS9 -> 0 | BX9: =BX10*BS3 -> 0 | BZ9: =BY9-BV9 -> 0 | CA9: =CA10*BV3 -> 0 | CC9: =CB9-BY9 -> 0 | CD9: =CD10*BY3 -> 0
C10: Тепло тариф | G10: ='0. ГИРА'!G10 -> 24.61791 | J10: ='0. ГИРА'!J10 -> 24.61791 | M10: ='0. ГИРА'!M10 -> 20.514925 | P10: ='0. ГИРА'!P10 -> 0 | S10: ='0. ГИРА'!S10 -> 0 | V10: ='0. ГИРА'!V10 -> 0 | Y10: ='0. ГИРА'!Y10 -> 0 | AB10: ='0. ГИРА'!AB10 -> 0 | AE10: ='0. ГИРА'!AE10 -> 0 | AH10: ='0. ГИРА'!AH10 -> 0 | AK10: ='0. ГИРА'!AK10 -> 0 | AN10: ='0. ГИРА'!AN10 -> 0 | AQ10: ='0. ГИРА'!AQ10 -> 0 | AT10: ='0. ГИРА'!AT10 -> 0 | AW10: ='0. ГИРА'!AW10 -> 0 | AZ10: ='0. ГИРА'!AZ10 -> 0 | BC10: ='0. ГИРА'!BC10 -> 0 | BF10: ='0. ГИРА'!BF10 -> 0 | BI10: ='0. ГИРА'!BI10 -> 0 | BL10: ='0. ГИРА'!BL10 -> 0 | BO10: ='0. ГИРА'!BO10 -> 0 | BR10: ='0. ГИРА'!BR10 -> 0 | BU10: ='0. ГИРА'!BU10 -> 0 | BX10: ='0. ГИРА'!BX10 -> 0 | CA10: ='0. ГИРА'!CA10 -> 0 | CD10: ='0. ГИРА'!CD10 -> 0
C11: Экспл. Услуги от УК | F11: =E11-D11 -> 0 | I11: =H11-E11 -> 0 | J11: =J12*E3 -> 0 | L11: =K11-H11 -> 0 | M11: =M12*H3 -> 0 | O11: =N11-K11 -> 0 | P11: =P12*K3 -> 0 | R11: =Q11-N11 -> 0 | S11: =S12*N3 -> 0 | U11: =T11-Q11 -> 0 | V11: =V12*Q3 -> 0 | X11: =W11-T11 -> 0 | Y11: =Y12*T3 -> 0 | AA11: =Z11-W11 -> 0 | AB11: =AB12*W3 -> 0 | AD11: =AC11-Z11 -> 0 | AE11: =AE12*Z3 -> 0 | AG11: =AF11-AC11 -> 0 | AH11: =AH12*AC3 -> 0 | AJ11: =AI11-AF11 -> 0 | AK11: =AK12*AF3 -> 0 | AM11: =AL11-AI11 -> 0 | AN11: =AN12*AI3 -> 0 | AP11: =AO11-AL11 -> 0 | AQ11: =AQ12*AL3 -> 0 | AS11: =AR11-AO11 -> 0 | AT11: =AT12*AO3 -> 0 | AV11: =AU11-AR11 -> 0 | AW11: =AW12*AR3 -> 0 | AY11: =AX11-AU11 -> 0 | AZ11: =AZ12*AU3 -> 0 | BB11: =BA11-AX11 -> 0 | BC11: =BC12*AX3 -> 0 | BE11: =BD11-BA11 -> 0 | BF11: =BF12*BA3 -> 0 | BH11: =BG11-BD11 -> 0 | BI11: =BI12*BD3 -> 0 | BK11: =BJ11-BG11 -> 0 | BL11: =BL12*BG3 -> 0 | BN11: =BM11-BJ11 -> 0 | BO11: =BO12*BJ3 -> 0 | BQ11: =BP11-BM11 -> 0 | BR11: =BR12*BM3 -> 0 | BT11: =BS11-BP11 -> 0 | BU11: =BU12*BP3 -> 0 | BW11: =BV11-BS11 -> 0 | BX11: =BX12*BS3 -> 0 | BZ11: =BY11-BV11 -> 0 | CA11: =CA12*BV3 -> 0 | CC11: =CB11-BY11 -> 0 | CD11: =CD12*BY3 -> 0
A12: Номер счетчика | B12: =Реестр!J7 -> 0 | C12: Экспл. Услуги от УК тариф | G12: ='0. ГИРА'!G12 -> 12142.857 | J12: ='0. ГИРА'!J12 -> 174.37686 | M12: ='0. ГИРА'!M12 -> 102.57462 | P12: ='0. ГИРА'!P12 -> 0 | S12: ='0. ГИРА'!S12 -> 0 | V12: ='0. ГИРА'!V12 -> 0 | Y12: ='0. ГИРА'!Y12 -> 0 | AB12: ='0. ГИРА'!AB12 -> 0 | AE12: ='0. ГИРА'!AE12 -> 0 | AH12: ='0. ГИРА'!AH12 -> 0 | AK12: ='0. ГИРА'!AK12 -> 0 | AN12: ='0. ГИРА'!AN12 -> 0 | AQ12: ='0. ГИРА'!AQ12 -> 0 | AT12: ='0. ГИРА'!AT12 -> 0 | AW12: ='0. ГИРА'!AW12 -> 0 | AZ12: ='0. ГИРА'!AZ12 -> 0 | BC12: ='0. ГИРА'!BC12 -> 0 | BF12: ='0. ГИРА'!BF12 -> 0 | BI12: ='0. ГИРА'!BI12 -> 0 | BL12: ='0. ГИРА'!BL12 -> 0 | BO12: ='0. ГИРА'!BO12 -> 0 | BR12: ='0. ГИРА'!BR12 -> 0 | BU12: ='0. ГИРА'!BU12 -> 0 | BX12: ='0. ГИРА'!BX12 -> 0 | CA12: ='0. ГИРА'!CA12 -> 0 | CD12: ='0. ГИРА'!CD12 -> 0

Sheet К23
A1: ИНН | B1: =Реестр!#REF! -> #REF! | C1: Месяц | D1: 45962 | E1: 45992 | F1: Потребл. | G1: 45962 | H1: 46023 | I1: Потребл. | J1: 45992 | K1: 46054 | L1: Потребл. | M1: 46023 | N1: 46082 | O1: Потребл. | P1: 46054 | Q1: 46113 | R1: Потребл. | S1: 46082 | T1: 46143 | U1: Потребл. | V1: 46113 | W1: 46174 | X1: Потребл. | Y1: 46143 | Z1: 46204 | AA1: Потребл. | AB1: 46174 | AC1: 46235 | AD1: Потребл. | AE1: 46204 | AF1: 46266 | AG1: Потребл. | AH1: 46235 | AI1: 46296 | AJ1: Потребл. | AK1: 46266 | AL1: 46327 | AM1: Потребл. | AN1: 46296 | AO1: 46357 | AP1: Потребл. | AQ1: 46327 | AR1: 46388 | AS1: Потребл. | AT1: 46357 | AU1: 46419 | AV1: Потребл. | AW1: 46388 | AX1: 46447 | AY1: Потребл. | AZ1: 46419 | BA1: 46478 | BB1: Потребл. | BC1: 46447 | BD1: 46508 | BE1: Потребл. | BF1: 46478 | BG1: 46539 | BH1: Потребл. | BI1: 46508 | BJ1: 46569 | BK1: Потребл. | BL1: 46539 | BM1: 46600 | BN1: Потребл. | BO1: 46569 | BP1: 46631 | BQ1: Потребл. | BR1: 46600 | BS1: 46661 | BT1: Потребл. | BU1: 46631 | BV1: 46692 | BW1: Потребл. | BX1: 46661 | BY1: 46722 | BZ1: Потребл. | CA1: 46692 | CB1: 46753 | CC1: Потребл. | CD1: 46722
A2: Кадастр | B2: =Реестр!#REF! -> #REF! | D2: знач. | E2: знач. | F2: знач. | G2: руб. | H2: знач. | I2: знач. | J2: руб. | K2: знач. | L2: знач. | M2: руб. | N2: знач. | O2: знач | P2: руб. | Q2: знач. | R2: знач. | S2: руб. | T2: знач. | U2: знач. | V2: руб. | W2: знач. | X2: знач. | Y2: руб. | Z2: знач. | AA2: знач. | AB2: руб. | AC2: знач. | AD2: знач. | AE2: руб. | AF2: знач. | AG2: знач. | AH2: руб. | AI2: знач. | AJ2: знач. | AK2: руб. | AL2: знач. | AM2: знач. | AN2: руб. | AO2: знач. | AP2: знач. | AQ2: руб. | AR2: знач. | AS2: знач. | AT2: руб. | AU2: знач. | AV2: знач. | AW2: руб. | AX2: знач. | AY2: знач. | AZ2: руб. | BA2: знач. | BB2: знач. | BC2: руб. | BD2: знач. | BE2: знач. | BF2: руб. | BG2: знач. | BH2: знач. | BI2: руб. | BJ2: знач. | BK2: знач. | BL2: руб. | BM2: знач. | BN2: знач. | BO2: руб. | BP2: знач. | BQ2: знач. | BR2: руб. | BS2: знач. | BT2: знач. | BU2: руб. | BV2: знач. | BW2: знач. | BX2: руб. | BY2: знач. | BZ2: знач. | CA2: руб. | CB2: знач. | CC2: знач. | CD2: руб.
A3: Арендатор | B3: =Реестр!#REF! -> #REF! | C3: Электричество | F3: =E3-D3 -> 0 | G3: =F3*G4 -> 0 | I3: =H3-E3 -> 0 | J3: =I3*J4 -> 0 | L3: =K3-H3 -> 0 | M3: =L3*M4 -> 0 | O3: =N3-K3 -> 0 | P3: =O3*P4 -> 0 | R3: =Q3-N3 -> 0 | S3: =R3*S4 -> #DIV/0! | U3: =T3-Q3 -> 0 | V3: =U3*V4 -> #DIV/0! | X3: =W3-T3 -> 0 | Y3: =X3*Y4 -> #DIV/0! | AA3: =Z3-W3 -> 0 | AB3: =AA3*AB4 -> #DIV/0! | AD3: =AC3-Z3 -> 0 | AE3: =AD3*AE4 -> #DIV/0! | AG3: =AF3-AC3 -> 0 | AH3: =AG3*AH4 -> #DIV/0! | AJ3: =AI3-AF3 -> 0 | AK3: =AJ3*AK4 -> #DIV/0! | AM3: =AL3-AI3 -> 0 | AN3: =AM3*AN4 -> #DIV/0! | AP3: =AO3-AL3 -> 0 | AQ3: =AP3*AQ4 -> #DIV/0! | AS3: =AR3-AO3 -> 0 | AT3: =AS3*AT4 -> #DIV/0! | AV3: =AU3-AR3 -> 0 | AW3: =AV3*AW4 -> #DIV/0! | AY3: =AX3-AU3 -> 0 | AZ3: =AY3*AZ4 -> #DIV/0! | BB3: =BA3-AX3 -> 0 | BC3: =BB3*BC4 -> #DIV/0! | BE3: =BD3-BA3 -> 0 | BF3: =BE3*BF4 -> #DIV/0! | BH3: =BG3-BD3 -> 0 | BI3: =BH3*BI4 -> #DIV/0! | BK3: =BJ3-BG3 -> 0 | BL3: =BK3*BL4 -> #DIV/0! | BN3: =BM3-BJ3 -> 0 | BO3: =BN3*BO4 -> #DIV/0! | BQ3: =BP3-BM3 -> 0 | BR3: =BQ3*BR4 -> #DIV/0! | BT3: =BS3-BP3 -> 0 | BU3: =BT3*BU4 -> #DIV/0! | BW3: =BV3-BS3 -> 0 | BX3: =BW3*BX4 -> #DIV/0! | BZ3: =BY3-BV3 -> 0 | CA3: =BZ3*CA4 -> #DIV/0! | CC3: =CB3-BY3 -> 0 | CD3: =CC3*CD4 -> 0
A4: Площадь | B4: =Реестр!#REF! -> #REF! | C4: Электричество тариф | G4: ='0. ГИРА'!G4 -> 0.045000045 | J4: ='0. ГИРА'!J4 -> 0.1956526 | M4: ='0. ГИРА'!M4 -> 0.0091743119 | P4: ='0. ГИРА'!P4 -> 0 | S4: ='0. ГИРА'!S4 -> #DIV/0! | V4: ='0. ГИРА'!V4 -> #DIV/0! | Y4: ='0. ГИРА'!Y4 -> #DIV/0! | AB4: ='0. ГИРА'!AB4 -> #DIV/0! | AE4: ='0. ГИРА'!AE4 -> #DIV/0! | AH4: ='0. ГИРА'!AH4 -> #DIV/0! | AK4: ='0. ГИРА'!AK4 -> #DIV/0! | AN4: ='0. ГИРА'!AN4 -> #DIV/0! | AQ4: ='0. ГИРА'!AQ4 -> #DIV/0! | AT4: ='0. ГИРА'!AT4 -> #DIV/0! | AW4: ='0. ГИРА'!AW4 -> #DIV/0! | AZ4: ='0. ГИРА'!AZ4 -> #DIV/0! | BC4: ='0. ГИРА'!BC4 -> #DIV/0! | BF4: ='0. ГИРА'!BF4 -> #DIV/0! | BI4: ='0. ГИРА'!BI4 -> #DIV/0! | BL4: ='0. ГИРА'!BL4 -> #DIV/0! | BO4: ='0. ГИРА'!BO4 -> #DIV/0! | BR4: ='0. ГИРА'!BR4 -> #DIV/0! | BU4: ='0. ГИРА'!BU4 -> #DIV/0! | BX4: ='0. ГИРА'!BX4 -> #DIV/0! | CA4: ='0. ГИРА'!CA4 -> #DIV/0! | CD4: ='0. ГИРА'!CD4 -> 0
C5: Водоканал холодная вода | F5: =E5-D5 -> 0 | H5: 22222 | I5: =H5-E5 -> 22222 | L5: =K5-H5 -> -22222 | O5: =N5-K5 -> 0 | R5: =Q5-N5 -> 0 | U5: =T5-Q5 -> 0 | X5: =W5-T5 -> 0 | AA5: =Z5-W5 -> 0 | AD5: =AC5-Z5 -> 0 | AG5: =AF5-AC5 -> 0 | AJ5: =AI5-AF5 -> 0 | AM5: =AL5-AI5 -> 0 | AP5: =AO5-AL5 -> 0 | AS5: =AR5-AO5 -> 0 | AV5: =AU5-AR5 -> 0 | AY5: =AX5-AU5 -> 0 | BB5: =BA5-AX5 -> 0 | BE5: =BD5-BA5 -> 0 | BH5: =BG5-BD5 -> 0 | BK5: =BJ5-BG5 -> 0 | BN5: =BM5-BJ5 -> 0 | BQ5: =BP5-BM5 -> 0 | BT5: =BS5-BP5 -> 0 | BW5: =BV5-BS5 -> 0 | BZ5: =BY5-BV5 -> 0 | CC5: =CB5-BY5 -> 0
A6: Имя 1 | B6: =Реестр!#REF! -> #REF! | C6: Водоканал холодная Тариф | G6: ='0. ГИРА'!G6 -> 0.067500068 | J6: ='0. ГИРА'!J6 -> 0.14673945 | M6: ='0. ГИРА'!M6 -> -0.011069527 | P6: ='0. ГИРА'!P6 -> 0 | S6: ='0. ГИРА'!S6 -> #DIV/0! | V6: ='0. ГИРА'!V6 -> #DIV/0! | Y6: ='0. ГИРА'!Y6 -> #DIV/0! | AB6: ='0. ГИРА'!AB6 -> #DIV/0! | AE6: ='0. ГИРА'!AE6 -> #DIV/0! | AH6: ='0. ГИРА'!AH6 -> #DIV/0! | AK6: ='0. ГИРА'!AK6 -> #DIV/0! | AN6: ='0. ГИРА'!AN6 -> #DIV/0! | AQ6: ='0. ГИРА'!AQ6 -> #DIV/0! | AT6: ='0. ГИРА'!AT6 -> #DIV/0! | AW6: ='0. ГИРА'!AW6 -> #DIV/0! | AZ6: ='0. ГИРА'!AZ6 -> #DIV/0! | BC6: ='0. ГИРА'!BC6 -> #DIV/0! | BF6: ='0. ГИРА'!BF6 -> #DIV/0! | BI6: ='0. ГИРА'!BI6 -> #DIV/0! | BL6: ='0. ГИРА'!BL6 -> #DIV/0! | BO6: ='0. ГИРА'!BO6 -> #DIV/0! | BR6: ='0. ГИРА'!BR6 -> #DIV/0! | BU6: ='0. ГИРА'!BU6 -> #DIV/0! | BX6: ='0. ГИРА'!BX6 -> #DIV/0! | CA6: ='0. ГИРА'!CA6 -> #DIV/0! | CD6: ='0. ГИРА'!CD6 -> 0
A7: Контакт 1 | B7: =Реестр!#REF! -> #REF! | C7: Водоканал горячая вода | F7: =E7-D7 -> 0 | G7: =G8*F7 -> 0 | I7: =H7-E7 -> 0 | J7: =J8*I7 -> 0 | L7: =K7-H7 -> 0 | M7: =M8*L7 -> 0 | O7: =N7-K7 -> 0 | P7: =P8*O7 -> 0 | R7: =Q7-N7 -> 0 | S7: =S8*R7 -> #DIV/0! | U7: =T7-Q7 -> 0 | V7: =V8*U7 -> #DIV/0! | X7: =W7-T7 -> 0 | Y7: =Y8*X7 -> #DIV/0! | AA7: =Z7-W7 -> 0 | AB7: =AB8*AA7 -> #DIV/0! | AD7: =AC7-Z7 -> 0 | AE7: =AE8*AD7 -> #DIV/0! | AG7: =AF7-AC7 -> 0 | AH7: =AH8*AG7 -> #DIV/0! | AJ7: =AI7-AF7 -> 0 | AK7: =AK8*AJ7 -> #DIV/0! | AM7: =AL7-AI7 -> 0 | AN7: =AN8*AM7 -> #DIV/0! | AP7: =AO7-AL7 -> 0 | AQ7: =AQ8*AP7 -> #DIV/0! | AS7: =AR7-AO7 -> 0 | AT7: =AT8*AS7 -> #DIV/0! | AV7: =AU7-AR7 -> 0 | AW7: =AW8*AV7 -> #DIV/0! | AY7: =AX7-AU7 -> 0 | AZ7: =AZ8*AY7 -> #DIV/0! | BB7: =BA7-AX7 -> 0 | BC7: =BC8*BB7 -> #DIV/0! | BE7: =BD7-BA7 -> 0 | BF7: =BF8*BE7 -> #DIV/0! | BH7: =BG7-BD7 -> 0 | BI7: =BI8*BH7 -> #DIV/0! | BK7: =BJ7-BG7 -> 0 | BL7: =BL8*BK7 -> #DIV/0! | BN7: =BM7-BJ7 -> 0 | BO7: =BO8*BN7 -> #DIV/0! | BQ7: =BP7-BM7 -> 0 | BR7: =BR8*BQ7 -> #DIV/0! | BT7: =BS7-BP7 -> 0 | BU7: =BU8*BT7 -> #DIV/0! | BW7: =BV7-BS7 -> 0 | BX7: =BX8*BW7 -> #DIV/0! | BZ7: =BY7-BV7 -> 0 | CA7: =CA8*BZ7 -> #DIV/0! | CC7: =CB7-BY7 -> 0 | CD7: =CD8*CC7 -> 0
A8: Имя 2 | B8: =Реестр!#REF! -> #REF! | C8: Водоканал горячая Тариф | G8: ='0. ГИРА'!G8 -> 0.09000009 | J8: ='0. ГИРА'!J8 -> 0.1956526 | M8: ='0. ГИРА'!M8 -> -0.051392492 | P8: ='0. ГИРА'!P8 -> 0 | S8: ='0. ГИРА'!S8 -> #DIV/0! | V8: ='0. ГИРА'!V8 -> #DIV/0! | Y8: ='0. ГИРА'!Y8 -> #DIV/0! | AB8: ='0. ГИРА'!AB8 -> #DIV/0! | AE8: ='0. ГИРА'!AE8 -> #DIV/0! | AH8: ='0. ГИРА'!AH8 -> #DIV/0! | AK8: ='0. ГИРА'!AK8 -> #DIV/0! | AN8: ='0. ГИРА'!AN8 -> #DIV/0! | AQ8: ='0. ГИРА'!AQ8 -> #DIV/0! | AT8: ='0. ГИРА'!AT8 -> #DIV/0! | AW8: ='0. ГИРА'!AW8 -> #DIV/0! | AZ8: ='0. ГИРА'!AZ8 -> #DIV/0! | BC8: ='0. ГИРА'!BC8 -> #DIV/0! | BF8: ='0. ГИРА'!BF8 -> #DIV/0! | BI8: ='0. ГИРА'!BI8 -> #DIV/0! | BL8: ='0. ГИРА'!BL8 -> #DIV/0! | BO8: ='0. ГИРА'!BO8 -> #DIV/0! | BR8: ='0. ГИРА'!BR8 -> #DIV/0! | BU8: ='0. ГИРА'!BU8 -> #DIV/0! | BX8: ='0. ГИРА'!BX8 -> #DIV/0! | CA8: ='0. ГИРА'!CA8 -> #DIV/0! | CD8: ='0. ГИРА'!CD8 -> 0
A9: Контакт 2 | B9: =Реестр!#REF! -> #REF! | C9: Тепло | F9: =E9-D9 -> 0 | G9: =G10*B3 -> #REF! | I9: =H9-E9 -> 0 | J9: =J10*E3 -> 0 | L9: =K9-H9 -> 0 | M9: =M10*H3 -> 0 | O9: =N9-K9 -> 0 | P9: =P10*K3 -> 0 | R9: =Q9-N9 -> 0 | S9: =S10*N3 -> 0 | U9: =T9-Q9 -> 0 | V9: =V10*Q3 -> 0 | X9: =W9-T9 -> 0 | Y9: =Y10*T3 -> 0 | AA9: =Z9-W9 -> 0 | AB9: =AB10*W3 -> 0 | AD9: =AC9-Z9 -> 0 | AE9: =AE10*Z3 -> 0 | AG9: =AF9-AC9 -> 0 | AH9: =AH10*AC3 -> 0 | AJ9: =AI9-AF9 -> 0 | AK9: =AK10*AF3 -> 0 | AM9: =AL9-AI9 -> 0 | AN9: =AN10*AI3 -> 0 | AP9: =AO9-AL9 -> 0 | AQ9: =AQ10*AL3 -> 0 | AS9: =AR9-AO9 -> 0 | AT9: =AT10*AO3 -> 0 | AV9: =AU9-AR9 -> 0 | AW9: =AW10*AR3 -> 0 | AY9: =AX9-AU9 -> 0 | AZ9: =AZ10*AU3 -> 0 | BB9: =BA9-AX9 -> 0 | BC9: =BC10*AX3 -> 0 | BE9: =BD9-BA9 -> 0 | BF9: =BF10*BA3 -> 0 | BH9: =BG9-BD9 -> 0 | BI9: =BI10*BD3 -> 0 | BK9: =BJ9-BG9 -> 0 | BL9: =BL10*BG3 -> 0 | BN9: =BM9-BJ9 -> 0 | BO9: =BO10*BJ3 -> 0 | BQ9: =BP9-BM9 -> 0 | BR9: =BR10*BM3 -> 0 | BT9: =BS9-BP9 -> 0 | BU9: =BU10*BP3 -> 0 | BW9: =BV9-BS9 -> 0 | BX9: =BX10*BS3 -> 0 | BZ9: =BY9-BV9 -> 0 | CA9: =CA10*BV3 -> 0 | CC9: =CB9-BY9 -> 0 | CD9: =CD10*BY3 -> 0
C10: Тепло тариф | G10: ='0. ГИРА'!G10 -> 24.61791 | J10: ='0. ГИРА'!J10 -> 24.61791 | M10: ='0. ГИРА'!M10 -> 20.514925 | P10: ='0. ГИРА'!P10 -> 0 | S10: ='0. ГИРА'!S10 -> 0 | V10: ='0. ГИРА'!V10 -> 0 | Y10: ='0. ГИРА'!Y10 -> 0 | AB10: ='0. ГИРА'!AB10 -> 0 | AE10: ='0. ГИРА'!AE10 -> 0 | AH10: ='0. ГИРА'!AH10 -> 0 | AK10: ='0. ГИРА'!AK10 -> 0 | AN10: ='0. ГИРА'!AN10 -> 0 | AQ10: ='0. ГИРА'!AQ10 -> 0 | AT10: ='0. ГИРА'!AT10 -> 0 | AW10: ='0. ГИРА'!AW10 -> 0 | AZ10: ='0. ГИРА'!AZ10 -> 0 | BC10: ='0. ГИРА'!BC10 -> 0 | BF10: ='0. ГИРА'!BF10 -> 0 | BI10: ='0. ГИРА'!BI10 -> 0 | BL10: ='0. ГИРА'!BL10 -> 0 | BO10: ='0. ГИРА'!BO10 -> 0 | BR10: ='0. ГИРА'!BR10 -> 0 | BU10: ='0. ГИРА'!BU10 -> 0 | BX10: ='0. ГИРА'!BX10 -> 0 | CA10: ='0. ГИРА'!CA10 -> 0 | CD10: ='0. ГИРА'!CD10 -> 0
A11: Номер счетчика | B11: =Реестр!#REF! -> #REF! | C11: Экспл. Услуги от УК | F11: =E11-D11 -> 0 | I11: =H11-E11 -> 0 | J11: =J12*E3 -> 0 | L11: =K11-H11 -> 0 | M11: =M12*H3 -> 0 | O11: =N11-K11 -> 0 | P11: =P12*K3 -> 0 | R11: =Q11-N11 -> 0 | S11: =S12*N3 -> 0 | U11: =T11-Q11 -> 0 | V11: =V12*Q3 -> 0 | X11: =W11-T11 -> 0 | Y11: =Y12*T3 -> 0 | AA11: =Z11-W11 -> 0 | AB11: =AB12*W3 -> 0 | AD11: =AC11-Z11 -> 0 | AE11: =AE12*Z3 -> 0 | AG11: =AF11-AC11 -> 0 | AH11: =AH12*AC3 -> 0 | AJ11: =AI11-AF11 -> 0 | AK11: =AK12*AF3 -> 0 | AM11: =AL11-AI11 -> 0 | AN11: =AN12*AI3 -> 0 | AP11: =AO11-AL11 -> 0 | AQ11: =AQ12*AL3 -> 0 | AS11: =AR11-AO11 -> 0 | AT11: =AT12*AO3 -> 0 | AV11: =AU11-AR11 -> 0 | AW11: =AW12*AR3 -> 0 | AY11: =AX11-AU11 -> 0 | AZ11: =AZ12*AU3 -> 0 | BB11: =BA11-AX11 -> 0 | BC11: =BC12*AX3 -> 0 | BE11: =BD11-BA11 -> 0 | BF11: =BF12*BA3 -> 0 | BH11: =BG11-BD11 -> 0 | BI11: =BI12*BD3 -> 0 | BK11: =BJ11-BG11 -> 0 | BL11: =BL12*BG3 -> 0 | BN11: =BM11-BJ11 -> 0 | BO11: =BO12*BJ3 -> 0 | BQ11: =BP11-BM11 -> 0 | BR11: =BR12*BM3 -> 0 | BT11: =BS11-BP11 -> 0 | BU11: =BU12*BP3 -> 0 | BW11: =BV11-BS11 -> 0 | BX11: =BX12*BS3 -> 0 | BZ11: =BY11-BV11 -> 0 | CA11: =CA12*BV3 -> 0 | CC11: =CB11-BY11 -> 0 | CD11: =CD12*BY3 -> 0
C12: Экспл. Услуги от УК тариф | G12: ='0. ГИРА'!G12 -> 12142.857 | J12: ='0. ГИРА'!J12 -> 174.37686 | M12: ='0. ГИРА'!M12 -> 102.57462 | P12: ='0. ГИРА'!P12 -> 0 | S12: ='0. ГИРА'!S12 -> 0 | V12: ='0. ГИРА'!V12 -> 0 | Y12: ='0. ГИРА'!Y12 -> 0 | AB12: ='0. ГИРА'!AB12 -> 0 | AE12: ='0. ГИРА'!AE12 -> 0 | AH12: ='0. ГИРА'!AH12 -> 0 | AK12: ='0. ГИРА'!AK12 -> 0 | AN12: ='0. ГИРА'!AN12 -> 0 | AQ12: ='0. ГИРА'!AQ12 -> 0 | AT12: ='0. ГИРА'!AT12 -> 0 | AW12: ='0. ГИРА'!AW12 -> 0 | AZ12: ='0. ГИРА'!AZ12 -> 0 | BC12: ='0. ГИРА'!BC12 -> 0 | BF12: ='0. ГИРА'!BF12 -> 0 | BI12: ='0. ГИРА'!BI12 -> 0 | BL12: ='0. ГИРА'!BL12 -> 0 | BO12: ='0. ГИРА'!BO12 -> 0 | BR12: ='0. ГИРА'!BR12 -> 0 | BU12: ='0. ГИРА'!BU12 -> 0 | BX12: ='0. ГИРА'!BX12 -> 0 | CA12: ='0. ГИРА'!CA12 -> 0 | CD12: ='0. ГИРА'!CD12 -> 0

Sheet Реестр
A1: Договор | B1: Кадастр | C1: Помещение | D1: ИНН | E1: Форма бизнеса | F1: Арендатор | G1: Вид деятельности | H1: Площадь | I1: Листы | J1: Номер счетчика | K1: Акт п/п | L1: Счет | M1: Имя 1 | N1: Контакт 1 | O1: Имя 2 | P1: Контакт 2 | Q1: Собственник | R1: Фамилия | S1: Имя | T1: Отчество | V1: Срок аренды
A2: №99 12.02.2024 | B2: 1006:3090 | D2: 444 | E2: ИП | F2: Гареева А.В. | G2: Магазин обоев | H2: 123.4 | I2: К123,40 | K2: 45367 | M2: Альфия | N2: 89503228511 | O2: Карина | P2: 89372840305 | Q2: ООО ГИРА | R2: тестов | S2: тест | T2: тестович
A3: №11 07.02.2025 | B3: 1006:3090 | D3: 111 | E3: ИП | F3: Гарипов И.К. | G3: памятнки | H3: 102.6 | I3: К102,60 | K3: 45362 | M3: Ильнар | N3: 89053164414 | O3: - | P3: - | Q3: ООО ГИРА | R3: понов | S3: пон | T3: понович
A4: №56 02.02.2025 | B4: 1006:3090 | D4: 333 | E4: ООО | F4: Нал | G4: Врач | H4: 45.2 | I4: К45,20 | K4: 44631 | M4: - | N4: - | O4: - | P4: - | Q4: ООО ГИРА | R4: Крихтин | S4: Кирилл | T4: Валентинович
A5: №1 27.11.2025 | B5: 1006:3090 | D5: 555 | E5: ООО | F5: Мясоо | G5: Мясная | H5: 43.3 | I5: К43,30 | K5: 45333 | M5: - | N5: - | O5: - | P5: - | Q5: ООО ГИРА
A6: №73 27.11.2023 | B6: 1006:3090 | D6: 222 | E6: ИП | F6: Галяутдинова Н.А. | G6: Шоурум одежды | H6: 36 | I6: К36,00 | K6: 45275 | M6: Наталья | N6: 89655937317 | O6: - | P6: - | Q6: ИП Султанов Р.М
A7: №12 12.12.2000 | B7: 1006:3090 | C7: 1 | D7: 1111111111 | E7: пввпа | F7: зож | G7: 8888 | H7: K8888.0 | I7: К28,35 | K7: 36872 | M7: - | N7: 89393374081 | O7: - | P7: - | Q7: ООО ГИРА | R7: Шагиахметов | S7: Амин | T7: Айратович | V7: 12.12.2044
A8: 12 12.12.2020 | D8: 1234567890 | E8: 3 | F8: РАНЕЛЬ-ПАНЕЛЬ | G8: Шнели-ПАНЕЛИ | H8: 100 | I8: K100.0 | K8: 46075 | N8: 89393497741 | R8: Нагимов | S8: Ранель | T8: Алмазович | V8: 12.12.2027
A9: №12 12.12.2026 | D9: 1234567890 | E9: 3 | F9: Ранель-Панель | G9: Панели | H9: 100 | I9: K100.0 | K9: 47099 | N9: 89393497741 | R9: Нагимов | S9: Ранель | T9: Алмазович | V9: 12.12.2028
A10: №12 12.12.20026 | D10: 1234567890 | E10: 3 | F10: Ранель-Панель | G10: шнели панели | H10: 100 | I10: K100.0 | K10: 46003 | N10: 89393497741 | R10: Нагимов | S10: Ранель | T10: Алмазович | V10: 12.12.2026

Sheet Аренда
E1: 45962 | G1: 45992 | I1: 46023 | K1: 46054 | M1: 46082 | O1: 46113 | Q1: 46143 | S1: 46174 | U1: 46204 | W1: 46235 | Y1: 46266 | AA1: 46296 | AC1: 46327 | AE1: 46357 | AG1: 46388 | AI1: 46419 | AK1: 46447 | AM1: 46478 | AO1: 46508 | AQ1: 46539 | AS1: 46569 | AU1: 46600 | AW1: 46631 | AY1: 46661 | BA1: 46692
A2: ИНН | B2: Арендатор | C2: Площадь | D2: Ставка | E2: Сумма | F2: Ставка | G2: Сумма | H2: Ставка | I2: Сумма | J2: Ставка | K2: Сумма | L2: Ставка | M2: Сумма | N2: Ставка | O2: Сумма | P2: Ставка | Q2: Сумма | R2: Ставка | S2: Сумма | T2: Ставка | U2: Сумма | V2: Ставка | W2: Сумма | X2: Ставка | Y2: Сумма | Z2: Ставка | AA2: Сумма | AB2: Ставка | AC2: Сумма | AD2: Ставка | AE2: Сумма | AF2: Ставка | AG2: Сумма | AH2: Ставка | AI2: Сумма | AJ2: Ставка | AK2: Сумма | AL2: Ставка | AM2: Сумма | AN2: Ставка | AO2: Сумма | AP2: Ставка | AQ2: Сумма | AR2: Ставка | AS2: Сумма | AT2: Ставка | AU2: Сумма | AV2: Ставка | AW2: Сумма | AX2: Ставка | AY2: Сумма | AZ2: Ставка | BA2: Сумма
A3: =Реестр!D2 -> 444 | B3: =Реестр!F2 -> Гареева А.В. | C3: =Реестр!H2 -> 123.4 | D3: 1600 | E3: =D3*$C3 -> 197440 | F3: =D3 -> 1600 | G3: =$C3*F3 -> 197440 | I3: =$C3*H3 -> 0 | J3: =H3 -> 0 | K3: =$C3*J3 -> 0 | L3: =J3 -> 0 | M3: =$C3*L3 -> 0 | N3: =L3 -> 0 | O3: =$C3*N3 -> 0 | P3: =N3 -> 0 | Q3: =$C3*P3 -> 0 | R3: =P3 -> 0 | S3: =$C3*R3 -> 0 | T3: =R3 -> 0 | U3: =$C3*T3 -> 0 | V3: =T3 -> 0 | W3: =$C3*V3 -> 0 | X3: =V3 -> 0 | Y3: =$C3*X3 -> 0 | Z3: =X3 -> 0 | AA3: =$C3*Z3 -> 0 | AB3: =Z3 -> 0 | AC3: =$C3*AB3 -> 0 | AD3: =AB3 -> 0 | AE3: =$C3*AD3 -> 0 | AG3: =$C3*AF3 -> 0 | AH3: =AF3 -> 0 | AI3: =$C3*AH3 -> 0 | AJ3: =AH3 -> 0 | AK3: =$C3*AJ3 -> 0 | AL3: =AJ3 -> 0 | AM3: =$C3*AL3 -> 0 | AN3: =AL3 -> 0 | AO3: =$C3*AN3 -> 0 | AP3: =AN3 -> 0 | AQ3: =$C3*AP3 -> 0 | AR3: =AP3 -> 0 | AS3: =$C3*AR3 -> 0 | AT3: =AR3 -> 0 | AU3: =$C3*AT3 -> 0 | AV3: =AT3 -> 0 | AW3: =$C3*AV3 -> 0 | AX3: =AV3 -> 0 | AY3: =$C3*AX3 -> 0 | AZ3: =AX3 -> 0 | BA3: =$C3*AZ3 -> 0
A4: =Реестр!D3 -> 111 | B4: =Реестр!F3 -> Гарипов И.К. | C4: =Реестр!H3 -> 102.6 | D4: 1800 | E4: =D4*$C4 -> 184680 | F4: =D4 -> 1800 | G4: =$C4*F4 -> 184680 | I4: =$C4*H4 -> 0 | J4: =H4 -> 0 | K4: =$C4*J4 -> 0 | L4: =J4 -> 0 | M4: =$C4*L4 -> 0 | N4: =L4 -> 0 | O4: =$C4*N4 -> 0 | P4: =N4 -> 0 | Q4: =$C4*P4 -> 0 | R4: =P4 -> 0 | S4: =$C4*R4 -> 0 | T4: =R4 -> 0 | U4: =$C4*T4 -> 0 | V4: =T4 -> 0 | W4: =$C4*V4 -> 0 | X4: =V4 -> 0 | Y4: =$C4*X4 -> 0 | Z4: =X4 -> 0 | AA4: =$C4*Z4 -> 0 | AB4: =Z4 -> 0 | AC4: =$C4*AB4 -> 0 | AD4: =AB4 -> 0 | AE4: =$C4*AD4 -> 0 | AG4: =$C4*AF4 -> 0 | AH4: =AF4 -> 0 | AI4: =$C4*AH4 -> 0 | AJ4: =AH4 -> 0 | AK4: =$C4*AJ4 -> 0 | AL4: =AJ4 -> 0 | AM4: =$C4*AL4 -> 0 | AN4: =AL4 -> 0 | AO4: =$C4*AN4 -> 0 | AP4: =AN4 -> 0 | AQ4: =$C4*AP4 -> 0 | AR4: =AP4 -> 0 | AS4: =$C4*AR4 -> 0 | AT4: =AR4 -> 0 | AU4: =$C4*AT4 -> 0 | AV4: =AT4 -> 0 | AW4: =$C4*AV4 -> 0 | AX4: =AV4 -> 0 | AY4: =$C4*AX4 -> 0 | AZ4: =AX4 -> 0 | BA4: =$C4*AZ4 -> 0
A5: =Реестр!D4 -> 333 | B5: =Реестр!F4 -> Нал | C5: =Реестр!H4 -> 45.2 | E5: =D5*$C5 -> 0 | F5: =D5 -> 0 | G5: =$C5*F5 -> 0 | I5: =$C5*H5 -> 0 | J5: =H5 -> 0 | K5: =$C5*J5 -> 0 | L5: =J5 -> 0 | M5: =$C5*L5 -> 0 | N5: =L5 -> 0 | O5: =$C5*N5 -> 0 | P5: =N5 -> 0 | Q5: =$C5*P5 -> 0 | R5: =P5 -> 0 | S5: =$C5*R5 -> 0 | T5: =R5 -> 0 | U5: =$C5*T5 -> 0 | V5: =T5 -> 0 | W5: =$C5*V5 -> 0 | X5: =V5 -> 0 | Y5: =$C5*X5 -> 0 | Z5: =X5 -> 0 | AA5: =$C5*Z5 -> 0 | AB5: =Z5 -> 0 | AC5: =$C5*AB5 -> 0 | AD5: =AB5 -> 0 | AE5: =$C5*AD5 -> 0 | AG5: =$C5*AF5 -> 0 | AH5: =AF5 -> 0 | AI5: =$C5*AH5 -> 0 | AJ5: =AH5 -> 0 | AK5: =$C5*AJ5 -> 0 | AL5: =AJ5 -> 0 | AM5: =$C5*AL5 -> 0 | AN5: =AL5 -> 0 | AO5: =$C5*AN5 -> 0 | AP5: =AN5 -> 0 | AQ5: =$C5*AP5 -> 0 | AR5: =AP5 -> 0 | AS5: =$C5*AR5 -> 0 | AT5: =AR5 -> 0 | AU5: =$C5*AT5 -> 0 | AV5: =AT5 -> 0 | AW5: =$C5*AV5 -> 0 | AX5: =AV5 -> 0 | AY5: =$C5*AX5 -> 0 | AZ5: =AX5 -> 0 | BA5: =$C5*AZ5 -> 0
A6: =Реестр!D5 -> 555 | B6: =Реестр!F5 -> Мясоо | C6: =Реестр!H5 -> 43.3 | E6: =D6*$C6 -> 0 | F6: =D6 -> 0 | G6: =$C6*F6 -> 0 | I6: =$C6*H6 -> 0 | J6: =H6 -> 0 | K6: =$C6*J6 -> 0 | L6: =J6 -> 0 | M6: =$C6*L6 -> 0 | N6: =L6 -> 0 | O6: =$C6*N6 -> 0 | P6: =N6 -> 0 | Q6: =$C6*P6 -> 0 | R6: =P6 -> 0 | S6: =$C6*R6 -> 0 | T6: =R6 -> 0 | U6: =$C6*T6 -> 0 | V6: =T6 -> 0 | W6: =$C6*V6 -> 0 | X6: =V6 -> 0 | Y6: =$C6*X6 -> 0 | Z6: =X6 -> 0 | AA6: =$C6*Z6 -> 0 | AB6: =Z6 -> 0 | AC6: =$C6*AB6 -> 0 | AD6: =AB6 -> 0 | AE6: =$C6*AD6 -> 0 | AG6: =$C6*AF6 -> 0 | AH6: =AF6 -> 0 | AI6: =$C6*AH6 -> 0 | AJ6: =AH6 -> 0 | AK6: =$C6*AJ6 -> 0 | AL6: =AJ6 -> 0 | AM6: =$C6*AL6 -> 0 | AN6: =AL6 -> 0 | AO6: =$C6*AN6 -> 0 | AP6: =AN6 -> 0 | AQ6: =$C6*AP6 -> 0 | AR6: =AP6 -> 0 | AS6: =$C6*AR6 -> 0 | AT6: =AR6 -> 0 | AU6: =$C6*AT6 -> 0 | AV6: =AT6 -> 0 | AW6: =$C6*AV6 -> 0 | AX6: =AV6 -> 0 | AY6: =$C6*AX6 -> 0 | AZ6: =AX6 -> 0 | BA6: =$C6*AZ6 -> 0
A7: =Реестр!D6 -> 222 | B7: =Реестр!F6 -> Галяутдинова Н.А. | C7: =Реестр!H6 -> 36 | D7: 2200 | E7: =D7*$C7 -> 79200 | F7: =D7 -> 2200 | G7: =$C7*F7 -> 79200 | I7: =$C7*H7 -> 0 | J7: =H7 -> 0 | K7: =$C7*J7 -> 0 | L7: =J7 -> 0 | M7: =$C7*L7 -> 0 | N7: =L7 -> 0 | O7: =$C7*N7 -> 0 | P7: =N7 -> 0 | Q7: =$C7*P7 -> 0 | R7: =P7 -> 0 | S7: =$C7*R7 -> 0 | T7: =R7 -> 0 | U7: =$C7*T7 -> 0 | V7: =T7 -> 0 | W7: =$C7*V7 -> 0 | X7: =V7 -> 0 | Y7: =$C7*X7 -> 0 | Z7: =X7 -> 0 | AA7: =$C7*Z7 -> 0 | AB7: =Z7 -> 0 | AC7: =$C7*AB7 -> 0 | AD7: =AB7 -> 0 | AE7: =$C7*AD7 -> 0 | AG7: =$C7*AF7 -> 0 | AH7: =AF7 -> 0 | AI7: =$C7*AH7 -> 0 | AJ7: =AH7 -> 0 | AK7: =$C7*AJ7 -> 0 | AL7: =AJ7 -> 0 | AM7: =$C7*AL7 -> 0 | AN7: =AL7 -> 0 | AO7: =$C7*AN7 -> 0 | AP7: =AN7 -> 0 | AQ7: =$C7*AP7 -> 0 | AR7: =AP7 -> 0 | AS7: =$C7*AR7 -> 0 | AT7: =AR7 -> 0 | AU7: =$C7*AT7 -> 0 | AV7: =AT7 -> 0 | AW7: =$C7*AV7 -> 0 | AX7: =AV7 -> 0 | AY7: =$C7*AX7 -> 0 | AZ7: =AX7 -> 0 | BA7: =$C7*AZ7 -> 0
A8: =Реестр!D7 -> 1111111111 | B8: =Реестр!F7 -> зож | C8: =Реестр!H7 -> K8888.0 | E8: =D8*$C8 -> #VALUE! | F8: =D8 -> 0 | G8: =$C8*F8 -> #VALUE! | I8: =$C8*H8 -> #VALUE! | J8: =H8 -> 0 | K8: =$C8*J8 -> #VALUE! | L8: =J8 -> 0 | M8: =$C8*L8 -> #VALUE! | N8: =L8 -> 0 | O8: =$C8*N8 -> #VALUE! | P8: =N8 -> 0 | Q8: =$C8*P8 -> #VALUE! | R8: =P8 -> 0 | S8: =$C8*R8 -> #VALUE! | T8: =R8 -> 0 | U8: =$C8*T8 -> #VALUE! | V8: =T8 -> 0 | W8: =$C8*V8 -> #VALUE! | X8: =V8 -> 0 | Y8: =$C8*X8 -> #VALUE! | Z8: =X8 -> 0 | AA8: =$C8*Z8 -> #VALUE! | AB8: =Z8 -> 0 | AC8: =$C8*AB8 -> #VALUE! | AD8: =AB8 -> 0 | AE8: =$C8*AD8 -> #VALUE! | AG8: =$C8*AF8 -> #VALUE! | AH8: =AF8 -> 0 | AI8: =$C8*AH8 -> #VALUE! | AJ8: =AH8 -> 0 | AK8: =$C8*AJ8 -> #VALUE! | AL8: =AJ8 -> 0 | AM8: =$C8*AL8 -> #VALUE! | AN8: =AL8 -> 0 | AO8: =$C8*AN8 -> #VALUE! | AP8: =AN8 -> 0 | AQ8: =$C8*AP8 -> #VALUE! | AR8: =AP8 -> 0 | AS8: =$C8*AR8 -> #VALUE! | AT8: =AR8 -> 0 | AU8: =$C8*AT8 -> #VALUE! | AV8: =AT8 -> 0 | AW8: =$C8*AV8 -> #VALUE! | AX8: =AV8 -> 0 | AY8: =$C8*AX8 -> #VALUE! | AZ8: =AX8 -> 0 | BA8: =$C8*AZ8 -> #VALUE!
A9: =Реестр!#REF! -> #REF! | B9: =Реестр!#REF! -> #REF! | C9: =Реестр!#REF! -> #REF! | E9: =D9*$C9 -> #REF! | F9: =D9 -> 0 | G9: =$C9*F9 -> #REF! | I9: =$C9*H9 -> #REF! | J9: =H9 -> 0 | K9: =$C9*J9 -> #REF! | L9: =J9 -> 0 | M9: =$C9*L9 -> #REF! | N9: =L9 -> 0 | O9: =$C9*N9 -> #REF! | P9: =N9 -> 0 | Q9: =$C9*P9 -> #REF! | R9: =P9 -> 0 | S9: =$C9*R9 -> #REF! | T9: =R9 -> 0 | U9: =$C9*T9 -> #REF! | V9: =T9 -> 0 | W9: =$C9*V9 -> #REF! | X9: =V9 -> 0 | Y9: =$C9*X9 -> #REF! | Z9: =X9 -> 0 | AA9: =$C9*Z9 -> #REF! | AB9: =Z9 -> 0 | AC9: =$C9*AB9 -> #REF! | AD9: =AB9 -> 0 | AE9: =$C9*AD9 -> #REF! | AG9: =$C9*AF9 -> #REF! | AH9: =AF9 -> 0 | AI9: =$C9*AH9 -> #REF! | AJ9: =AH9 -> 0 | AK9: =$C9*AJ9 -> #REF! | AL9: =AJ9 -> 0 | AM9: =$C9*AL9 -> #REF! | AN9: =AL9 -> 0 | AO9: =$C9*AN9 -> #REF! | AP9: =AN9 -> 0 | AQ9: =$C9*AP9 -> #REF! | AR9: =AP9 -> 0 | AS9: =$C9*AR9 -> #REF! | AT9: =AR9 -> 0 | AU9: =$C9*AT9 -> #REF! | AV9: =AT9 -> 0 | AW9: =$C9*AV9 -> #REF! | AX9: =AV9 -> 0 | AY9: =$C9*AX9 -> #REF! | AZ9: =AX9 -> 0 | BA9: =$C9*AZ9 -> #REF!
A15: 30 или 1 го выставляется до 5 го увед

Sheet ЛИСТШАБЛОН
A1: ИНН | B1: =[1]Реестр!D2 -> 444 | C1: Месяц | D1: 45962 | E1: 45992 | F1: Потребл. | G1: 45962 | H1: 46023 | I1: Потребл. | J1: 45992 | K1: 46054 | L1: Потребл. | M1: 46023 | N1: 46082 | O1: Потребл. | P1: 46054 | Q1: 46113 | R1: Потребл. | S1: 46082 | T1: 46143 | U1: Потребл. | V1: 46113 | W1: 46174 | X1: Потребл. | Y1: 46143 | Z1: 46204 | AA1: Потребл. | AB1: 46174 | AC1: 46235 | AD1: Потребл. | AE1: 46204 | AF1: 46266 | AG1: Потребл. | AH1: 46235 | AI1: 46296 | AJ1: Потребл. | AK1: 46266 | AL1: 46327 | AM1: Потребл. | AN1: 46296 | AO1: 46357 | AP1: Потребл. | AQ1: 46327 | AR1: 46388 | AS1: Потребл. | AT1: 46357 | AU1: 46419 | AV1: Потребл. | AW1: 46388 | AX1: 46447 | AY1: Потребл. | AZ1: 46419 | BA1: 46478 | BB1: Потребл. | BC1: 46447 | BD1: 46508 | BE1: Потребл. | BF1: 46478 | BG1: 46539 | BH1: Потребл. | BI1: 46508 | BJ1: 46569 | BK1: Потребл. | BL1: 46539 | BM1: 46600 | BN1: Потребл. | BO1: 46569 | BP1: 46631 | BQ1: Потребл. | BR1: 46600 | BS1: 46661 | BT1: Потребл. | BU1: 46631 | BV1: 46692 | BW1: Потребл. | BX1: 46661 | BY1: 46722 | BZ1: Потребл. | CA1: 46692 | CB1: 46753 | CC1: Потребл. | CD1: 46722
A2: Кадастр | B2: =[2]Реестр!B2 -> 1006:3090 | D2: знач. | E2: знач. | F2: знач. | G2: руб. | H2: знач. | I2: знач. | J2: руб. | K2: знач. | L2: знач. | M2: руб. | N2: знач. | O2: знач | P2: руб. | Q2: знач. | R2: знач. | S2: руб. | T2: знач. | U2: знач. | V2: руб. | W2: знач. | X2: знач. | Y2: руб. | Z2: знач. | AA2: знач. | AB2: руб. | AC2: знач. | AD2: знач. | AE2: руб. | AF2: знач. | AG2: знач. | AH2: руб. | AI2: знач. | AJ2: знач. | AK2: руб. | AL2: знач. | AM2: знач. | AN2: руб. | AO2: знач. | AP2: знач. | AQ2: руб. | AR2: знач. | AS2: знач. | AT2: руб. | AU2: знач. | AV2: знач. | AW2: руб. | AX2: знач. | AY2: знач. | AZ2: руб. | BA2: знач. | BB2: знач. | BC2: руб. | BD2: знач. | BE2: знач. | BF2: руб. | BG2: знач. | BH2: знач. | BI2: руб. | BJ2: знач. | BK2: знач. | BL2: руб. | BM2: знач. | BN2: знач. | BO2: руб. | BP2: знач. | BQ2: знач. | BR2: руб. | BS2: знач. | BT2: знач. | BU2: руб. | BV2: знач. | BW2: знач. | BX2: руб. | BY2: знач. | BZ2: знач. | CA2: руб. | CB2: знач. | CC2: знач. | CD2: руб.
A3: Арендатор | B3: =[2]Реестр!F2 -> Гареева А.В. | C3: Электричество | D3: 0 | E3: 0 | F3: =E3-D3 -> 0 | G3: =F3*G4 -> 0 | H3: 0 | I3: =H3-E3 -> 0 | J3: =I3*J4 -> 0 | K3: 0 | L3: =K3-H3 -> 0 | M3: =L3*M4 -> 0 | O3: =N3-K3 -> 0 | P3: =O3*P4 -> 0 | R3: =Q3-N3 -> 0 | S3: =R3*S4 -> #DIV/0! | U3: =T3-Q3 -> 0 | V3: =U3*V4 -> #DIV/0! | X3: =W3-T3 -> 0 | Y3: =X3*Y4 -> #DIV/0! | AA3: =Z3-W3 -> 0 | AB3: =AA3*AB4 -> #DIV/0! | AD3: =AC3-Z3 -> 0 | AE3: =AD3*AE4 -> #DIV/0! | AG3: =AF3-AC3 -> 0 | AH3: =AG3*AH4 -> #DIV/0! | AJ3: =AI3-AF3 -> 0 | AK3: =AJ3*AK4 -> #DIV/0! | AM3: =AL3-AI3 -> 0 | AN3: =AM3*AN4 -> #DIV/0! | AP3: =AO3-AL3 -> 0 | AQ3: =AP3*AQ4 -> #DIV/0! | AS3: =AR3-AO3 -> 0 | AT3: =AS3*AT4 -> #DIV/0! | AV3: =AU3-AR3 -> 0 | AW3: =AV3*AW4 -> #DIV/0! | AY3: =AX3-AU3 -> 0 | AZ3: =AY3*AZ4 -> #DIV/0! | BB3: =BA3-AX3 -> 0 | BC3: =BB3*BC4 -> #DIV/0! | BE3: =BD3-BA3 -> 0 | BF3: =BE3*BF4 -> #DIV/0! | BH3: =BG3-BD3 -> 0 | BI3: =BH3*BI4 -> #DIV/0! | BK3: =BJ3-BG3 -> 0 | BL3: =BK3*BL4 -> #DIV/0! | BN3: =BM3-BJ3 -> 0 | BO3: =BN3*BO4 -> #DIV/0! | BQ3: =BP3-BM3 -> 0 | BR3: =BQ3*BR4 -> #DIV/0! | BT3: =BS3-BP3 -> 0 | BU3: =BT3*BU4 -> #DIV/0! | BW3: =BV3-BS3 -> 0 | BX3: =BW3*BX4 -> #DIV/0! | BZ3: =BY3-BV3 -> 0 | CA3: =BZ3*CA4 -> #DIV/0! | CC3: =CB3-BY3 -> 0 | CD3: =CC3*CD4 -> 0
A4: Площадь | B4: =[2]Реестр!H2 -> 123.4 | C4: Электричество тариф | G4: ='[1]0. ГИРА'!G4 -> 6 | J4: ='[1]0. ГИРА'!J4 -> 6 | M4: ='[1]0. ГИРА'!M4 -> 6 | P4: ='[1]0. ГИРА'!P4 -> 0 | S4: ='[1]0. ГИРА'!S4 -> #DIV/0! | V4: ='[1]0. ГИРА'!V4 -> #DIV/0! | Y4: ='[1]0. ГИРА'!Y4 -> #DIV/0! | AB4: ='[1]0. ГИРА'!AB4 -> #DIV/0! | AE4: ='[1]0. ГИРА'!AE4 -> #DIV/0! | AH4: ='[1]0. ГИРА'!AH4 -> #DIV/0! | AK4: ='[1]0. ГИРА'!AK4 -> #DIV/0! | AN4: ='[1]0. ГИРА'!AN4 -> #DIV/0! | AQ4: ='[1]0. ГИРА'!AQ4 -> #DIV/0! | AT4: ='[1]0. ГИРА'!AT4 -> #DIV/0! | AW4: ='[1]0. ГИРА'!AW4 -> #DIV/0! | AZ4: ='[1]0. ГИРА'!AZ4 -> #DIV/0! | BC4: ='[1]0. ГИРА'!BC4 -> #DIV/0! | BF4: ='[1]0. ГИРА'!BF4 -> #DIV/0! | BI4: ='[1]0. ГИРА'!BI4 -> #DIV/0! | BL4: ='[1]0. ГИРА'!BL4 -> #DIV/0! | BO4: ='[1]0. ГИРА'!BO4 -> #DIV/0! | BR4: ='[1]0. ГИРА'!BR4 -> #DIV/0! | BU4: ='[1]0. ГИРА'!BU4 -> #DIV/0! | BX4: ='[1]0. ГИРА'!BX4 -> #DIV/0! | CA4: ='[1]0. ГИРА'!CA4 -> #DIV/0! | CD4: ='[1]0. ГИРА'!CD4 -> 0
C5: Водоканал холодная вода | D5: 0 | E5: 0 | F5: =E5-D5 -> 0 | H5: 0 | I5: =H5-E5 -> 0 | J5: =I5*J6 -> 0 | K5: 0 | L5: =K5-H5 -> 0 | M5: =L5*M6 -> 0 | O5: =N5-K5 -> 0 | R5: =Q5-N5 -> 0 | U5: =T5-Q5 -> 0 | X5: =W5-T5 -> 0 | AA5: =Z5-W5 -> 0 | AD5: =AC5-Z5 -> 0 | AG5: =AF5-AC5 -> 0 | AJ5: =AI5-AF5 -> 0 | AM5: =AL5-AI5 -> 0 | AP5: =AO5-AL5 -> 0 | AS5: =AR5-AO5 -> 0 | AV5: =AU5-AR5 -> 0 | AY5: =AX5-AU5 -> 0 | BB5: =BA5-AX5 -> 0 | BE5: =BD5-BA5 -> 0 | BH5: =BG5-BD5 -> 0 | BK5: =BJ5-BG5 -> 0 | BN5: =BM5-BJ5 -> 0 | BQ5: =BP5-BM5 -> 0 | BT5: =BS5-BP5 -> 0 | BW5: =BV5-BS5 -> 0 | BZ5: =BY5-BV5 -> 0 | CC5: =CB5-BY5 -> 0
A6: Имя 1 | B6: =[1]Реестр!M2 -> Альфия | C6: Водоканал холодная Тариф | G6: ='[1]0. ГИРА'!G6 -> 60 | J6: ='[1]0. ГИРА'!J6 -> 60 | M6: ='[1]0. ГИРА'!M6 -> 60 | P6: ='[1]0. ГИРА'!P6 -> 0 | S6: ='[1]0. ГИРА'!S6 -> #DIV/0! | V6: ='[1]0. ГИРА'!V6 -> #DIV/0! | Y6: ='[1]0. ГИРА'!Y6 -> #DIV/0! | AB6: ='[1]0. ГИРА'!AB6 -> #DIV/0! | AE6: ='[1]0. ГИРА'!AE6 -> #DIV/0! | AH6: ='[1]0. ГИРА'!AH6 -> #DIV/0! | AK6: ='[1]0. ГИРА'!AK6 -> #DIV/0! | AN6: ='[1]0. ГИРА'!AN6 -> #DIV/0! | AQ6: ='[1]0. ГИРА'!AQ6 -> #DIV/0! | AT6: ='[1]0. ГИРА'!AT6 -> #DIV/0! | AW6: ='[1]0. ГИРА'!AW6 -> #DIV/0! | AZ6: ='[1]0. ГИРА'!AZ6 -> #DIV/0! | BC6: ='[1]0. ГИРА'!BC6 -> #DIV/0! | BF6: ='[1]0. ГИРА'!BF6 -> #DIV/0! | BI6: ='[1]0. ГИРА'!BI6 -> #DIV/0! | BL6: ='[1]0. ГИРА'!BL6 -> #DIV/0! | BO6: ='[1]0. ГИРА'!BO6 -> #DIV/0! | BR6: ='[1]0. ГИРА'!BR6 -> #DIV/0! | BU6: ='[1]0. ГИРА'!BU6 -> #DIV/0! | BX6: ='[1]0. ГИРА'!BX6 -> #DIV/0! | CA6: ='[1]0. ГИРА'!CA6 -> #DIV/0! | CD6: ='[1]0. ГИРА'!CD6 -> 0
A7: Контакт 1 | B7: =[1]Реестр!N2 -> 89503228511 | C7: Водоканал горячая вода | D7: 0 | E7: 0 | F7: =E7-D7 -> 0 | G7: =G8*F7 -> 0 | H7: 0 | I7: =H7-E7 -> 0 | J7: =J8*I7 -> 0 | K7: 0 | L7: =K7-H7 -> 0 | M7: =M8*L7 -> 0 | O7: =N7-K7 -> 0 | P7: =P8*O7 -> 0 | R7: =Q7-N7 -> 0 | S7: =S8*R7 -> #DIV/0! | U7: =T7-Q7 -> 0 | V7: =V8*U7 -> #DIV/0! | X7: =W7-T7 -> 0 | Y7: =Y8*X7 -> #DIV/0! | AA7: =Z7-W7 -> 0 | AB7: =AB8*AA7 -> #DIV/0! | AD7: =AC7-Z7 -> 0 | AE7: =AE8*AD7 -> #DIV/0! | AG7: =AF7-AC7 -> 0 | AH7: =AH8*AG7 -> #DIV/0! | AJ7: =AI7-AF7 -> 0 | AK7: =AK8*AJ7 -> #DIV/0! | AM7: =AL7-AI7 -> 0 | AN7: =AN8*AM7 -> #DIV/0! | AP7: =AO7-AL7 -> 0 | AQ7: =AQ8*AP7 -> #DIV/0! | AS7: =AR7-AO7 -> 0 | AT7: =AT8*AS7 -> #DIV/0! | AV7: =AU7-AR7 -> 0 | AW7: =AW8*AV7 -> #DIV/0! | AY7: =AX7-AU7 -> 0 | AZ7: =AZ8*AY7 -> #DIV/0! | BB7: =BA7-AX7 -> 0 | BC7: =BC8*BB7 -> #DIV/0! | BE7: =BD7-BA7 -> 0 | BF7: =BF8*BE7 -> #DIV/0! | BH7: =BG7-BD7 -> 0 | BI7: =BI8*BH7 -> #DIV/0! | BK7: =BJ7-BG7 -> 0 | BL7: =BL8*BK7 -> #DIV/0! | BN7: =BM7-BJ7 -> 0 | BO7: =BO8*BN7 -> #DIV/0! | BQ7: =BP7-BM7 -> 0 | BR7: =BR8*BQ7 -> #DIV/0! | BT7: =BS7-BP7 -> 0 | BU7: =BU8*BT7 -> #DIV/0! | BW7: =BV7-BS7 -> 0 | BX7: =BX8*BW7 -> #DIV/0! | BZ7: =BY7-BV7 -> 0 | CA7: =CA8*BZ7 -> #DIV/0! | CC7: =CB7-BY7 -> 0 | CD7: =CD8*CC7 -> 0
A8: Имя 2 | B8: =[1]Реестр!O2 -> Карина | C8: Водоканал горячая Тариф | G8: ='[1]0. ГИРА'!G8 -> 300 | J8: ='[1]0. ГИРА'!J8 -> 300 | M8: ='[1]0. ГИРА'!M8 -> 300 | P8: ='[1]0. ГИРА'!P8 -> 0 | S8: ='[1]0. ГИРА'!S8 -> #DIV/0! | V8: ='[1]0. ГИРА'!V8 -> #DIV/0! | Y8: ='[1]0. ГИРА'!Y8 -> #DIV/0! | AB8: ='[1]0. ГИРА'!AB8 -> #DIV/0! | AE8: ='[1]0. ГИРА'!AE8 -> #DIV/0! | AH8: ='[1]0. ГИРА'!AH8 -> #DIV/0! | AK8: ='[1]0. ГИРА'!AK8 -> #DIV/0! | AN8: ='[1]0. ГИРА'!AN8 -> #DIV/0! | AQ8: ='[1]0. ГИРА'!AQ8 -> #DIV/0! | AT8: ='[1]0. ГИРА'!AT8 -> #DIV/0! | AW8: ='[1]0. ГИРА'!AW8 -> #DIV/0! | AZ8: ='[1]0. ГИРА'!AZ8 -> #DIV/0! | BC8: ='[1]0. ГИРА'!BC8 -> #DIV/0! | BF8: ='[1]0. ГИРА'!BF8 -> #DIV/0! | BI8: ='[1]0. ГИРА'!BI8 -> #DIV/0! | BL8: ='[1]0. ГИРА'!BL8 -> #DIV/0! | BO8: ='[1]0. ГИРА'!BO8 -> #DIV/0! | BR8: ='[1]0. ГИРА'!BR8 -> #DIV/0! | BU8: ='[1]0. ГИРА'!BU8 -> #DIV/0! | BX8: ='[1]0. ГИРА'!BX8 -> #DIV/0! | CA8: ='[1]0. ГИРА'!CA8 -> #DIV/0! | CD8: ='[1]0. ГИРА'!CD8 -> 0
A9: Контакт 2 | B9: =[1]Реестр!P2 -> 89372840305 | C9: Тепло | F9: =E9-D9 -> 0 | G9: =G10*B4 -> 22150.99 | I9: =H9-E9 -> 0 | J9: =J10*E3 -> 0 | L9: =K9-H9 -> 0 | M9: =M10*$B4 -> 22150.99 | O9: =N9-K9 -> 0 | P9: =P10*K3 -> 0 | R9: =Q9-N9 -> 0 | S9: =S10*N3 -> 0 | U9: =T9-Q9 -> 0 | V9: =V10*Q3 -> 0 | X9: =W9-T9 -> 0 | Y9: =Y10*T3 -> 0 | AA9: =Z9-W9 -> 0 | AB9: =AB10*W3 -> 0 | AD9: =AC9-Z9 -> 0 | AE9: =AE10*Z3 -> 0 | AG9: =AF9-AC9 -> 0 | AH9: =AH10*AC3 -> 0 | AJ9: =AI9-AF9 -> 0 | AK9: =AK10*AF3 -> 0 | AM9: =AL9-AI9 -> 0 | AN9: =AN10*AI3 -> 0 | AP9: =AO9-AL9 -> 0 | AQ9: =AQ10*AL3 -> 0 | AS9: =AR9-AO9 -> 0 | AT9: =AT10*AO3 -> 0 | AV9: =AU9-AR9 -> 0 | AW9: =AW10*AR3 -> 0 | AY9: =AX9-AU9 -> 0 | AZ9: =AZ10*AU3 -> 0 | BB9: =BA9-AX9 -> 0 | BC9: =BC10*AX3 -> 0 | BE9: =BD9-BA9 -> 0 | BF9: =BF10*BA3 -> 0 | BH9: =BG9-BD9 -> 0 | BI9: =BI10*BD3 -> 0 | BK9: =BJ9-BG9 -> 0 | BL9: =BL10*BG3 -> 0 | BN9: =BM9-BJ9 -> 0 | BO9: =BO10*BJ3 -> 0 | BQ9: =BP9-BM9 -> 0 | BR9: =BR10*BM3 -> 0 | BT9: =BS9-BP9 -> 0 | BU9: =BU10*BP3 -> 0 | BW9: =BV9-BS9 -> 0 | BX9: =BX10*BS3 -> 0 | BZ9: =BY9-BV9 -> 0 | CA9: =CA10*BV3 -> 0 | CC9: =CB9-BY9 -> 0 | CD9: =CD10*BY3 -> 0
C10: Тепло тариф | G10: ='[1]0. ГИРА'!G10 -> 179.50559 | J10: ='[1]0. ГИРА'!J10 -> 215.40671 | M10: ='[1]0. ГИРА'!M10 -> 179.50559 | P10: ='[1]0. ГИРА'!P10 -> 0 | S10: ='[1]0. ГИРА'!S10 -> 0 | V10: ='[1]0. ГИРА'!V10 -> 0 | Y10: ='[1]0. ГИРА'!Y10 -> 0 | AB10: ='[1]0. ГИРА'!AB10 -> 0 | AE10: ='[1]0. ГИРА'!AE10 -> 0 | AH10: ='[1]0. ГИРА'!AH10 -> 0 | AK10: ='[1]0. ГИРА'!AK10 -> 0 | AN10: ='[1]0. ГИРА'!AN10 -> 0 | AQ10: ='[1]0. ГИРА'!AQ10 -> 0 | AT10: ='[1]0. ГИРА'!AT10 -> 0 | AW10: ='[1]0. ГИРА'!AW10 -> 0 | AZ10: ='[1]0. ГИРА'!AZ10 -> 0 | BC10: ='[1]0. ГИРА'!BC10 -> 0 | BF10: ='[1]0. ГИРА'!BF10 -> 0 | BI10: ='[1]0. ГИРА'!BI10 -> 0 | BL10: ='[1]0. ГИРА'!BL10 -> 0 | BO10: ='[1]0. ГИРА'!BO10 -> 0 | BR10: ='[1]0. ГИРА'!BR10 -> 0 | BU10: ='[1]0. ГИРА'!BU10 -> 0.043081342 | BX10: ='[1]0. ГИРА'!BX10 -> 0.045132834 | CA10: ='[1]0. ГИРА'!CA10 -> 0.047184327 | CD10: ='[1]0. ГИРА'!CD10 -> 0
A11: Номер счетчика | C11: Экспл. Услуги от УК | F11: =E11-D11 -> 0 | G11: ='[1]0. ГИРА'!G12 -> 174.37686 | I11: =H11-G11 -> -174.37686 | J11: ='[1]0. ГИРА'!J12 -> 174.37686 | L11: =K11-J11 -> -174.37686 | M11: ='[1]0. ГИРА'!M12 -> 164.1194 | O11: =N11-M11 -> -164.1194 | P11: ='[1]0. ГИРА'!P12 -> 0 | R11: =Q11-P11 -> 0 | S11: ='[1]0. ГИРА'!S12 -> 0 | U11: =T11-S11 -> 0 | V11: ='[1]0. ГИРА'!V12 -> 0 | X11: =W11-T11 -> 0 | Y11: =Y12*T3 -> 0 | AA11: =Z11-W11 -> 0 | AB11: =AB12*W3 -> 0 | AD11: =AC11-Z11 -> 0 | AE11: =AE12*Z3 -> 0 | AG11: =AF11-AC11 -> 0 | AH11: =AH12*AC3 -> 0 | AJ11: =AI11-AF11 -> 0 | AK11: =AK12*AF3 -> 0 | AM11: =AL11-AI11 -> 0 | AN11: =AN12*AI3 -> 0 | AP11: =AO11-AL11 -> 0 | AQ11: =AQ12*AL3 -> 0 | AS11: =AR11-AO11 -> 0 | AT11: =AT12*AO3 -> 0 | AV11: =AU11-AR11 -> 0 | AW11: =AW12*AR3 -> 0 | AY11: =AX11-AU11 -> 0 | AZ11: =AZ12*AU3 -> 0 | BB11: =BA11-AX11 -> 0 | BC11: =BC12*AX3 -> 0 | BE11: =BD11-BA11 -> 0 | BF11: =BF12*BA3 -> 0 | BH11: =BG11-BD11 -> 0 | BI11: =BI12*BD3 -> 0 | BK11: =BJ11-BG11 -> 0 | BL11: =BL12*BG3 -> 0 | BN11: =BM11-BJ11 -> 0 | BO11: =BO12*BJ3 -> 0 | BQ11: =BP11-BM11 -> 0 | BR11: =BR12*BM3 -> 0 | BT11: =BS11-BP11 -> 0 | BU11: =BU12*BP3 -> 0 | BW11: =BV11-BS11 -> 0 | BX11: =BX12*BS3 -> 0 | BZ11: =BY11-BV11 -> 0 | CA11: =CA12*BV3 -> 0 | CC11: =CB11-BY11 -> 0 | CD11: =CD12*BY3 -> 0
C12: Экспл. Услуги от УК тариф | G12: ='[1]0. ГИРА'!G12 -> 174.37686 | J12: ='[1]0. ГИРА'!J12 -> 174.37686 | M12: ='[1]0. ГИРА'!M12 -> 164.1194 | P12: ='[1]0. ГИРА'!P12 -> 0 | S12: ='[1]0. ГИРА'!S12 -> 0 | V12: ='[1]0. ГИРА'!V12 -> 0 | Y12: ='[1]0. ГИРА'!Y12 -> 0 | AB12: ='[1]0. ГИРА'!AB12 -> 0 | AE12: ='[1]0. ГИРА'!AE12 -> 0 | AH12: ='[1]0. ГИРА'!AH12 -> 0 | AK12: ='[1]0. ГИРА'!AK12 -> 0 | AN12: ='[1]0. ГИРА'!AN12 -> 0 | AQ12: ='[1]0. ГИРА'!AQ12 -> 0 | AT12: ='[1]0. ГИРА'!AT12 -> 0 | AW12: ='[1]0. ГИРА'!AW12 -> 0 | AZ12: ='[1]0. ГИРА'!AZ12 -> 0 | BC12: ='[1]0. ГИРА'!BC12 -> 0 | BF12: ='[1]0. ГИРА'!BF12 -> 0 | BI12: ='[1]0. ГИРА'!BI12 -> 0 | BL12: ='[1]0. ГИРА'!BL12 -> 0 | BO12: ='[1]0. ГИРА'!BO12 -> 0 | BR12: ='[1]0. ГИРА'!BR12 -> 0 | BU12: ='[1]0. ГИРА'!BU12 -> 0.043081342 | BX12: ='[1]0. ГИРА'!BX12 -> 0.045132834 | CA12: ='[1]0. ГИРА'!CA12 -> 0.047184327 | CD12: ='[1]0. ГИРА'!CD12 -> 0

Sheet K666.0
A1: ИНН | B1: =[1]Реестр!D2 -> 444 | C1: Месяц | D1: 45962 | E1: 45992 | F1: Потребл. | G1: 45962 | H1: 46023 | I1: Потребл. | J1: 45992 | K1: 46054 | L1: Потребл. | M1: 46023 | N1: 46082 | O1: Потребл. | P1: 46054 | Q1: 46113 | R1: Потребл. | S1: 46082 | T1: 46143 | U1: Потребл. | V1: 46113 | W1: 46174 | X1: Потребл. | Y1: 46143 | Z1: 46204 | AA1: Потребл. | AB1: 46174 | AC1: 46235 | AD1: Потребл. | AE1: 46204 | AF1: 46266 | AG1: Потребл. | AH1: 46235 | AI1: 46296 | AJ1: Потребл. | AK1: 46266 | AL1: 46327 | AM1: Потребл. | AN1: 46296 | AO1: 46357 | AP1: Потребл. | AQ1: 46327 | AR1: 46388 | AS1: Потребл. | AT1: 46357 | AU1: 46419 | AV1: Потребл. | AW1: 46388 | AX1: 46447 | AY1: Потребл. | AZ1: 46419 | BA1: 46478 | BB1: Потребл. | BC1: 46447 | BD1: 46508 | BE1: Потребл. | BF1: 46478 | BG1: 46539 | BH1: Потребл. | BI1: 46508 | BJ1: 46569 | BK1: Потребл. | BL1: 46539 | BM1: 46600 | BN1: Потребл. | BO1: 46569 | BP1: 46631 | BQ1: Потребл. | BR1: 46600 | BS1: 46661 | BT1: Потребл. | BU1: 46631 | BV1: 46692 | BW1: Потребл. | BX1: 46661 | BY1: 46722 | BZ1: Потребл. | CA1: 46692 | CB1: 46753 | CC1: Потребл. | CD1: 46722
A2: Кадастр | B2: =[2]Реестр!B2 -> 1006:3090 | D2: знач. | E2: знач. | F2: знач. | G2: руб. | H2: знач. | I2: знач. | J2: руб. | K2: знач. | L2: знач. | M2: руб. | N2: знач. | O2: знач | P2: руб. | Q2: знач. | R2: знач. | S2: руб. | T2: знач. | U2: знач. | V2: руб. | W2: знач. | X2: знач. | Y2: руб. | Z2: знач. | AA2: знач. | AB2: руб. | AC2: знач. | AD2: знач. | AE2: руб. | AF2: знач. | AG2: знач. | AH2: руб. | AI2: знач. | AJ2: знач. | AK2: руб. | AL2: знач. | AM2: знач. | AN2: руб. | AO2: знач. | AP2: знач. | AQ2: руб. | AR2: знач. | AS2: знач. | AT2: руб. | AU2: знач. | AV2: знач. | AW2: руб. | AX2: знач. | AY2: знач. | AZ2: руб. | BA2: знач. | BB2: знач. | BC2: руб. | BD2: знач. | BE2: знач. | BF2: руб. | BG2: знач. | BH2: знач. | BI2: руб. | BJ2: знач. | BK2: знач. | BL2: руб. | BM2: знач. | BN2: знач. | BO2: руб. | BP2: знач. | BQ2: знач. | BR2: руб. | BS2: знач. | BT2: знач. | BU2: руб. | BV2: знач. | BW2: знач. | BX2: руб. | BY2: знач. | BZ2: знач. | CA2: руб. | CB2: знач. | CC2: знач. | CD2: руб.
A3: Арендатор | B3: =[2]Реестр!F2 -> Гареева А.В. | C3: Электричество | D3: 0 | E3: 0 | F3: =E3-D3 -> 0 | G3: =F3*G4 -> 0 | H3: 0 | I3: =H3-E3 -> 0 | J3: =I3*J4 -> 0 | K3: 0 | L3: =K3-H3 -> 0 | M3: =L3*M4 -> 0 | O3: =N3-K3 -> 0 | P3: =O3*P4 -> 0 | R3: =Q3-N3 -> 0 | S3: =R3*S4 -> #DIV/0! | U3: =T3-Q3 -> 0 | V3: =U3*V4 -> #DIV/0! | X3: =W3-T3 -> 0 | Y3: =X3*Y4 -> #DIV/0! | AA3: =Z3-W3 -> 0 | AB3: =AA3*AB4 -> #DIV/0! | AD3: =AC3-Z3 -> 0 | AE3: =AD3*AE4 -> #DIV/0! | AG3: =AF3-AC3 -> 0 | AH3: =AG3*AH4 -> #DIV/0! | AJ3: =AI3-AF3 -> 0 | AK3: =AJ3*AK4 -> #DIV/0! | AM3: =AL3-AI3 -> 0 | AN3: =AM3*AN4 -> #DIV/0! | AP3: =AO3-AL3 -> 0 | AQ3: =AP3*AQ4 -> #DIV/0! | AS3: =AR3-AO3 -> 0 | AT3: =AS3*AT4 -> #DIV/0! | AV3: =AU3-AR3 -> 0 | AW3: =AV3*AW4 -> #DIV/0! | AY3: =AX3-AU3 -> 0 | AZ3: =AY3*AZ4 -> #DIV/0! | BB3: =BA3-AX3 -> 0 | BC3: =BB3*BC4 -> #DIV/0! | BE3: =BD3-BA3 -> 0 | BF3: =BE3*BF4 -> #DIV/0! | BH3: =BG3-BD3 -> 0 | BI3: =BH3*BI4 -> #DIV/0! | BK3: =BJ3-BG3 -> 0 | BL3: =BK3*BL4 -> #DIV/0! | BN3: =BM3-BJ3 -> 0 | BO3: =BN3*BO4 -> #DIV/0! | BQ3: =BP3-BM3 -> 0 | BR3: =BQ3*BR4 -> #DIV/0! | BT3: =BS3-BP3 -> 0 | BU3: =BT3*BU4 -> #DIV/0! | BW3: =BV3-BS3 -> 0 | BX3: =BW3*BX4 -> #DIV/0! | BZ3: =BY3-BV3 -> 0 | CA3: =BZ3*CA4 -> #DIV/0! | CC3: =CB3-BY3 -> 0 | CD3: =CC3*CD4 -> 0
A4: Площадь | B4: =[2]Реестр!H2 -> 123.4 | C4: Электричество тариф | G4: ='[1]0. ГИРА'!G4 -> 6 | J4: ='[1]0. ГИРА'!J4 -> 6 | M4: ='[1]0. ГИРА'!M4 -> 6 | P4: ='[1]0. ГИРА'!P4 -> 0 | S4: ='[1]0. ГИРА'!S4 -> #DIV/0! | V4: ='[1]0. ГИРА'!V4 -> #DIV/0! | Y4: ='[1]0. ГИРА'!Y4 -> #DIV/0! | AB4: ='[1]0. ГИРА'!AB4 -> #DIV/0! | AE4: ='[1]0. ГИРА'!AE4 -> #DIV/0! | AH4: ='[1]0. ГИРА'!AH4 -> #DIV/0! | AK4: ='[1]0. ГИРА'!AK4 -> #DIV/0! | AN4: ='[1]0. ГИРА'!AN4 -> #DIV/0! | AQ4: ='[1]0. ГИРА'!AQ4 -> #DIV/0! | AT4: ='[1]0. ГИРА'!AT4 -> #DIV/0! | AW4: ='[1]0. ГИРА'!AW4 -> #DIV/0! | AZ4: ='[1]0. ГИРА'!AZ4 -> #DIV/0! | BC4: ='[1]0. ГИРА'!BC4 -> #DIV/0! | BF4: ='[1]0. ГИРА'!BF4 -> #DIV/0! | BI4: ='[1]0. ГИРА'!BI4 -> #DIV/0! | BL4: ='[1]0. ГИРА'!BL4 -> #DIV/0! | BO4: ='[1]0. ГИРА'!BO4 -> #DIV/0! | BR4: ='[1]0. ГИРА'!BR4 -> #DIV/0! | BU4: ='[1]0. ГИРА'!BU4 -> #DIV/0! | BX4: ='[1]0. ГИРА'!BX4 -> #DIV/0! | CA4: ='[1]0. ГИРА'!CA4 -> #DIV/0! | CD4: ='[1]0. ГИРА'!CD4 -> 0
C5: Водоканал холодная вода | D5: 0 | E5: 0 | F5: =E5-D5 -> 0 | H5: 0 | I5: =H5-E5 -> 0 | J5: =I5*J6 -> 0 | K5: 0 | L5: =K5-H5 -> 0 | M5: =L5*M6 -> 0 | O5: =N5-K5 -> 0 | R5: =Q5-N5 -> 0 | U5: =T5-Q5 -> 0 | X5: =W5-T5 -> 0 | AA5: =Z5-W5 -> 0 | AD5: =AC5-Z5 -> 0 | AG5: =AF5-AC5 -> 0 | AJ5: =AI5-AF5 -> 0 | AM5: =AL5-AI5 -> 0 | AP5: =AO5-AL5 -> 0 | AS5: =AR5-AO5 -> 0 | AV5: =AU5-AR5 -> 0 | AY5: =AX5-AU5 -> 0 | BB5: =BA5-AX5 -> 0 | BE5: =BD5-BA5 -> 0 | BH5: =BG5-BD5 -> 0 | BK5: =BJ5-BG5 -> 0 | BN5: =BM5-BJ5 -> 0 | BQ5: =BP5-BM5 -> 0 | BT5: =BS5-BP5 -> 0 | BW5: =BV5-BS5 -> 0 | BZ5: =BY5-BV5 -> 0 | CC5: =CB5-BY5 -> 0
A6: Имя 1 | B6: =[1]Реестр!M2 -> Альфия | C6: Водоканал холодная Тариф | G6: ='[1]0. ГИРА'!G6 -> 60 | J6: ='[1]0. ГИРА'!J6 -> 60 | M6: ='[1]0. ГИРА'!M6 -> 60 | P6: ='[1]0. ГИРА'!P6 -> 0 | S6: ='[1]0. ГИРА'!S6 -> #DIV/0! | V6: ='[1]0. ГИРА'!V6 -> #DIV/0! | Y6: ='[1]0. ГИРА'!Y6 -> #DIV/0! | AB6: ='[1]0. ГИРА'!AB6 -> #DIV/0! | AE6: ='[1]0. ГИРА'!AE6 -> #DIV/0! | AH6: ='[1]0. ГИРА'!AH6 -> #DIV/0! | AK6: ='[1]0. ГИРА'!AK6 -> #DIV/0! | AN6: ='[1]0. ГИРА'!AN6 -> #DIV/0! | AQ6: ='[1]0. ГИРА'!AQ6 -> #DIV/0! | AT6: ='[1]0. ГИРА'!AT6 -> #DIV/0! | AW6: ='[1]0. ГИРА'!AW6 -> #DIV/0! | AZ6: ='[1]0. ГИРА'!AZ6 -> #DIV/0! | BC6: ='[1]0. ГИРА'!BC6 -> #DIV/0! | BF6: ='[1]0. ГИРА'!BF6 -> #DIV/0! | BI6: ='[1]0. ГИРА'!BI6 -> #DIV/0! | BL6: ='[1]0. ГИРА'!BL6 -> #DIV/0! | BO6: ='[1]0. ГИРА'!BO6 -> #DIV/0! | BR6: ='[1]0. ГИРА'!BR6 -> #DIV/0! | BU6: ='[1]0. ГИРА'!BU6 -> #DIV/0! | BX6: ='[1]0. ГИРА'!BX6 -> #DIV/0! | CA6: ='[1]0. ГИРА'!CA6 -> #DIV/0! | CD6: ='[1]0. ГИРА'!CD6 -> 0
A7: Контакт 1 | B7: =[1]Реестр!N2 -> 89503228511 | C7: Водоканал горячая вода | D7: 0 | E7: 0 | F7: =E7-D7 -> 0 | G7: =G8*F7 -> 0 | H7: 0 | I7: =H7-E7 -> 0 | J7: =J8*I7 -> 0 | K7: 0 | L7: =K7-H7 -> 0 | M7: =M8*L7 -> 0 | O7: =N7-K7 -> 0 | P7: =P8*O7 -> 0 | R7: =Q7-N7 -> 0 | S7: =S8*R7 -> #DIV/0! | U7: =T7-Q7 -> 0 | V7: =V8*U7 -> #DIV/0! | X7: =W7-T7 -> 0 | Y7: =Y8*X7 -> #DIV/0! | AA7: =Z7-W7 -> 0 | AB7: =AB8*AA7 -> #DIV/0! | AD7: =AC7-Z7 -> 0 | AE7: =AE8*AD7 -> #DIV/0! | AG7: =AF7-AC7 -> 0 | AH7: =AH8*AG7 -> #DIV/0! | AJ7: =AI7-AF7 -> 0 | AK7: =AK8*AJ7 -> #DIV/0! | AM7: =AL7-AI7 -> 0 | AN7: =AN8*AM7 -> #DIV/0! | AP7: =AO7-AL7 -> 0 | AQ7: =AQ8*AP7 -> #DIV/0! | AS7: =AR7-AO7 -> 0 | AT7: =AT8*AS7 -> #DIV/0! | AV7: =AU7-AR7 -> 0 | AW7: =AW8*AV7 -> #DIV/0! | AY7: =AX7-AU7 -> 0 | AZ7: =AZ8*AY7 -> #DIV/0! | BB7: =BA7-AX7 -> 0 | BC7: =BC8*BB7 -> #DIV/0! | BE7: =BD7-BA7 -> 0 | BF7: =BF8*BE7 -> #DIV/0! | BH7: =BG7-BD7 -> 0 | BI7: =BI8*BH7 -> #DIV/0! | BK7: =BJ7-BG7 -> 0 | BL7: =BL8*BK7 -> #DIV/0! | BN7: =BM7-BJ7 -> 0 | BO7: =BO8*BN7 -> #DIV/0! | BQ7: =BP7-BM7 -> 0 | BR7: =BR8*BQ7 -> #DIV/0! | BT7: =BS7-BP7 -> 0 | BU7: =BU8*BT7 -> #DIV/0! | BW7: =BV7-BS7 -> 0 | BX7: =BX8*BW7 -> #DIV/0! | BZ7: =BY7-BV7 -> 0 | CA7: =CA8*BZ7 -> #DIV/0! | CC7: =CB7-BY7 -> 0 | CD7: =CD8*CC7 -> 0
A8: Имя 2 | B8: =[1]Реестр!O2 -> Карина | C8: Водоканал горячая Тариф | G8: ='[1]0. ГИРА'!G8 -> 300 | J8: ='[1]0. ГИРА'!J8 -> 300 | M8: ='[1]0. ГИРА'!M8 -> 300 | P8: ='[1]0. ГИРА'!P8 -> 0 | S8: ='[1]0. ГИРА'!S8 -> #DIV/0! | V8: ='[1]0. ГИРА'!V8 -> #DIV/0! | Y8: ='[1]0. ГИРА'!Y8 -> #DIV/0! | AB8: ='[1]0. ГИРА'!AB8 -> #DIV/0! | AE8: ='[1]0. ГИРА'!AE8 -> #DIV/0! | AH8: ='[1]0. ГИРА'!AH8 -> #DIV/0! | AK8: ='[1]0. ГИРА'!AK8 -> #DIV/0! | AN8: ='[1]0. ГИРА'!AN8 -> #DIV/0! | AQ8: ='[1]0. ГИРА'!AQ8 -> #DIV/0! | AT8: ='[1]0. ГИРА'!AT8 -> #DIV/0! | AW8: ='[1]0. ГИРА'!AW8 -> #DIV/0! | AZ8: ='[1]0. ГИРА'!AZ8 -> #DIV/0! | BC8: ='[1]0. ГИРА'!BC8 -> #DIV/0! | BF8: ='[1]0. ГИРА'!BF8 -> #DIV/0! | BI8: ='[1]0. ГИРА'!BI8 -> #DIV/0! | BL8: ='[1]0. ГИРА'!BL8 -> #DIV/0! | BO8: ='[1]0. ГИРА'!BO8 -> #DIV/0! | BR8: ='[1]0. ГИРА'!BR8 -> #DIV/0! | BU8: ='[1]0. ГИРА'!BU8 -> #DIV/0! | BX8: ='[1]0. ГИРА'!BX8 -> #DIV/0! | CA8: ='[1]0. ГИРА'!CA8 -> #DIV/0! | CD8: ='[1]0. ГИРА'!CD8 -> 0
A9: Контакт 2 | B9: =[1]Реестр!P2 -> 89372840305 | C9: Тепло | F9: =E9-D9 -> 0 | G9: =G10*B4 -> 22150.99 | I9: =H9-E9 -> 0 | J9: =J10*E3 -> 0 | L9: =K9-H9 -> 0 | M9: =M10*$B4 -> 22150.99 | O9: =N9-K9 -> 0 | P9: =P10*K3 -> 0 | R9: =Q9-N9 -> 0 | S9: =S10*N3 -> 0 | U9: =T9-Q9 -> 0 | V9: =V10*Q3 -> 0 | X9: =W9-T9 -> 0 | Y9: =Y10*T3 -> 0 | AA9: =Z9-W9 -> 0 | AB9: =AB10*W3 -> 0 | AD9: =AC9-Z9 -> 0 | AE9: =AE10*Z3 -> 0 | AG9: =AF9-AC9 -> 0 | AH9: =AH10*AC3 -> 0 | AJ9: =AI9-AF9 -> 0 | AK9: =AK10*AF3 -> 0 | AM9: =AL9-AI9 -> 0 | AN9: =AN10*AI3 -> 0 | AP9: =AO9-AL9 -> 0 | AQ9: =AQ10*AL3 -> 0 | AS9: =AR9-AO9 -> 0 | AT9: =AT10*AO3 -> 0 | AV9: =AU9-AR9 -> 0 | AW9: =AW10*AR3 -> 0 | AY9: =AX9-AU9 -> 0 | AZ9: =AZ10*AU3 -> 0 | BB9: =BA9-AX9 -> 0 | BC9: =BC10*AX3 -> 0 | BE9: =BD9-BA9 -> 0 | BF9: =BF10*BA3 -> 0 | BH9: =BG9-BD9 -> 0 | BI9: =BI10*BD3 -> 0 | BK9: =BJ9-BG9 -> 0 | BL9: =BL10*BG3 -> 0 | BN9: =BM9-BJ9 -> 0 | BO9: =BO10*BJ3 -> 0 | BQ9: =BP9-BM9 -> 0 | BR9: =BR10*BM3 -> 0 | BT9: =BS9-BP9 -> 0 | BU9: =BU10*BP3 -> 0 | BW9: =BV9-BS9 -> 0 | BX9: =BX10*BS3 -> 0 | BZ9: =BY9-BV9 -> 0 | CA9: =CA10*BV3 -> 0 | CC9: =CB9-BY9 -> 0 | CD9: =CD10*BY3 -> 0
C10: Тепло тариф | G10: ='[1]0. ГИРА'!G10 -> 179.50559 | J10: ='[1]0. ГИРА'!J10 -> 215.40671 | M10: ='[1]0. ГИРА'!M10 -> 179.50559 | P10: ='[1]0. ГИРА'!P10 -> 0 | S10: ='[1]0. ГИРА'!S10 -> 0 | V10: ='[1]0. ГИРА'!V10 -> 0 | Y10: ='[1]0. ГИРА'!Y10 -> 0 | AB10: ='[1]0. ГИРА'!AB10 -> 0 | AE10: ='[1]0. ГИРА'!AE10 -> 0 | AH10: ='[1]0. ГИРА'!AH10 -> 0 | AK10: ='[1]0. ГИРА'!AK10 -> 0 | AN10: ='[1]0. ГИРА'!AN10 -> 0 | AQ10: ='[1]0. ГИРА'!AQ10 -> 0 | AT10: ='[1]0. ГИРА'!AT10 -> 0 | AW10: ='[1]0. ГИРА'!AW10 -> 0 | AZ10: ='[1]0. ГИРА'!AZ10 -> 0 | BC10: ='[1]0. ГИРА'!BC10 -> 0 | BF10: ='[1]0. ГИРА'!BF10 -> 0 | BI10: ='[1]0. ГИРА'!BI10 -> 0 | BL10: ='[1]0. ГИРА'!BL10 -> 0 | BO10: ='[1]0. ГИРА'!BO10 -> 0 | BR10: ='[1]0. ГИРА'!BR10 -> 0 | BU10: ='[1]0. ГИРА'!BU10 -> 0.043081342 | BX10: ='[1]0. ГИРА'!BX10 -> 0.045132834 | CA10: ='[1]0. ГИРА'!CA10 -> 0.047184327 | CD10: ='[1]0. ГИРА'!CD10 -> 0
A11: Номер счетчика | C11: Экспл. Услуги от УК | F11: =E11-D11 -> 0 | G11: ='[1]0. ГИРА'!G12 -> 174.37686 | I11: =H11-G11 -> -174.37686 | J11: ='[1]0. ГИРА'!J12 -> 174.37686 | L11: =K11-J11 -> -174.37686 | M11: ='[1]0. ГИРА'!M12 -> 164.1194 | O11: =N11-M11 -> -164.1194 | P11: ='[1]0. ГИРА'!P12 -> 0 | R11: =Q11-P11 -> 0 | S11: ='[1]0. ГИРА'!S12 -> 0 | U11: =T11-S11 -> 0 | V11: ='[1]0. ГИРА'!V12 -> 0 | X11: =W11-T11 -> 0 | Y11: =Y12*T3 -> 0 | AA11: =Z11-W11 -> 0 | AB11: =AB12*W3 -> 0 | AD11: =AC11-Z11 -> 0 | AE11: =AE12*Z3 -> 0 | AG11: =AF11-AC11 -> 0 | AH11: =AH12*AC3 -> 0 | AJ11: =AI11-AF11 -> 0 | AK11: =AK12*AF3 -> 0 | AM11: =AL11-AI11 -> 0 | AN11: =AN12*AI3 -> 0 | AP11: =AO11-AL11 -> 0 | AQ11: =AQ12*AL3 -> 0 | AS11: =AR11-AO11 -> 0 | AT11: =AT12*AO3 -> 0 | AV11: =AU11-AR11 -> 0 | AW11: =AW12*AR3 -> 0 | AY11: =AX11-AU11 -> 0 | AZ11: =AZ12*AU3 -> 0 | BB11: =BA11-AX11 -> 0 | BC11: =BC12*AX3 -> 0 | BE11: =BD11-BA11 -> 0 | BF11: =BF12*BA3 -> 0 | BH11: =BG11-BD11 -> 0 | BI11: =BI12*BD3 -> 0 | BK11: =BJ11-BG11 -> 0 | BL11: =BL12*BG3 -> 0 | BN11: =BM11-BJ11 -> 0 | BO11: =BO12*BJ3 -> 0 | BQ11: =BP11-BM11 -> 0 | BR11: =BR12*BM3 -> 0 | BT11: =BS11-BP11 -> 0 | BU11: =BU12*BP3 -> 0 | BW11: =BV11-BS11 -> 0 | BX11: =BX12*BS3 -> 0 | BZ11: =BY11-BV11 -> 0 | CA11: =CA12*BV3 -> 0 | CC11: =CB11-BY11 -> 0 | CD11: =CD12*BY3 -> 0
C12: Экспл. Услуги от УК тариф | G12: ='[1]0. ГИРА'!G12 -> 174.37686 | J12: ='[1]0. ГИРА'!J12 -> 174.37686 | M12: ='[1]0. ГИРА'!M12 -> 164.1194 | P12: ='[1]0. ГИРА'!P12 -> 0 | S12: ='[1]0. ГИРА'!S12 -> 0 | V12: ='[1]0. ГИРА'!V12 -> 0 | Y12: ='[1]0. ГИРА'!Y12 -> 0 | AB12: ='[1]0. ГИРА'!AB12 -> 0 | AE12: ='[1]0. ГИРА'!AE12 -> 0 | AH12: ='[1]0. ГИРА'!AH12 -> 0 | AK12: ='[1]0. ГИРА'!AK12 -> 0 | AN12: ='[1]0. ГИРА'!AN12 -> 0 | AQ12: ='[1]0. ГИРА'!AQ12 -> 0 | AT12: ='[1]0. ГИРА'!AT12 -> 0 | AW12: ='[1]0. ГИРА'!AW12 -> 0 | AZ12: ='[1]0. ГИРА'!AZ12 -> 0 | BC12: ='[1]0. ГИРА'!BC12 -> 0 | BF12: ='[1]0. ГИРА'!BF12 -> 0 | BI12: ='[1]0. ГИРА'!BI12 -> 0 | BL12: ='[1]0. ГИРА'!BL12 -> 0 | BO12: ='[1]0. ГИРА'!BO12 -> 0 | BR12: ='[1]0. ГИРА'!BR12 -> 0 | BU12: ='[1]0. ГИРА'!BU12 -> 0.043081342 | BX12: ='[1]0. ГИРА'!BX12 -> 0.045132834 | CA12: ='[1]0. ГИРА'!CA12 -> 0.047184327 | CD12: ='[1]0. ГИРА'!CD12 -> 0

Sheet K8888.0
A1: ИНН | B1: =[1]Реестр!D2 -> 444 | C1: Месяц | D1: 45962 | E1: 45992 | F1: Потребл. | G1: 45962 | H1: 46023 | I1: Потребл. | J1: 45992 | K1: 46054 | L1: Потребл. | M1: 46023 | N1: 46082 | O1: Потребл. | P1: 46054 | Q1: 46113 | R1: Потребл. | S1: 46082 | T1: 46143 | U1: Потребл. | V1: 46113 | W1: 46174 | X1: Потребл. | Y1: 46143 | Z1: 46204 | AA1: Потребл. | AB1: 46174 | AC1: 46235 | AD1: Потребл. | AE1: 46204 | AF1: 46266 | AG1: Потребл. | AH1: 46235 | AI1: 46296 | AJ1: Потребл. | AK1: 46266 | AL1: 46327 | AM1: Потребл. | AN1: 46296 | AO1: 46357 | AP1: Потребл. | AQ1: 46327 | AR1: 46388 | AS1: Потребл. | AT1: 46357 | AU1: 46419 | AV1: Потребл. | AW1: 46388 | AX1: 46447 | AY1: Потребл. | AZ1: 46419 | BA1: 46478 | BB1: Потребл. | BC1: 46447 | BD1: 46508 | BE1: Потребл. | BF1: 46478 | BG1: 46539 | BH1: Потребл. | BI1: 46508 | BJ1: 46569 | BK1: Потребл. | BL1: 46539 | BM1: 46600 | BN1: Потребл. | BO1: 46569 | BP1: 46631 | BQ1: Потребл. | BR1: 46600 | BS1: 46661 | BT1: Потребл. | BU1: 46631 | BV1: 46692 | BW1: Потребл. | BX1: 46661 | BY1: 46722 | BZ1: Потребл. | CA1: 46692 | CB1: 46753 | CC1: Потребл. | CD1: 46722
A2: Кадастр | B2: =[2]Реестр!B2 -> 1006:3090 | D2: знач. | E2: знач. | F2: знач. | G2: руб. | H2: знач. | I2: знач. | J2: руб. | K2: знач. | L2: знач. | M2: руб. | N2: знач. | O2: знач | P2: руб. | Q2: знач. | R2: знач. | S2: руб. | T2: знач. | U2: знач. | V2: руб. | W2: знач. | X2: знач. | Y2: руб. | Z2: знач. | AA2: знач. | AB2: руб. | AC2: знач. | AD2: знач. | AE2: руб. | AF2: знач. | AG2: знач. | AH2: руб. | AI2: знач. | AJ2: знач. | AK2: руб. | AL2: знач. | AM2: знач. | AN2: руб. | AO2: знач. | AP2: знач. | AQ2: руб. | AR2: знач. | AS2: знач. | AT2: руб. | AU2: знач. | AV2: знач. | AW2: руб. | AX2: знач. | AY2: знач. | AZ2: руб. | BA2: знач. | BB2: знач. | BC2: руб. | BD2: знач. | BE2: знач. | BF2: руб. | BG2: знач. | BH2: знач. | BI2: руб. | BJ2: знач. | BK2: знач. | BL2: руб. | BM2: знач. | BN2: знач. | BO2: руб. | BP2: знач. | BQ2: знач. | BR2: руб. | BS2: знач. | BT2: знач. | BU2: руб. | BV2: знач. | BW2: знач. | BX2: руб. | BY2: знач. | BZ2: знач. | CA2: руб. | CB2: знач. | CC2: знач. | CD2: руб.
A3: Арендатор | B3: =[2]Реестр!F2 -> Гареева А.В. | C3: Электричество | D3: 0 | E3: 0 | F3: =E3-D3 -> 0 | G3: =F3*G4 -> 0 | H3: 0 | I3: =H3-E3 -> 0 | J3: =I3*J4 -> 0 | K3: 0 | L3: =K3-H3 -> 0 | M3: =L3*M4 -> 0 | O3: =N3-K3 -> 0 | P3: =O3*P4 -> 0 | R3: =Q3-N3 -> 0 | S3: =R3*S4 -> #DIV/0! | U3: =T3-Q3 -> 0 | V3: =U3*V4 -> #DIV/0! | X3: =W3-T3 -> 0 | Y3: =X3*Y4 -> #DIV/0! | AA3: =Z3-W3 -> 0 | AB3: =AA3*AB4 -> #DIV/0! | AD3: =AC3-Z3 -> 0 | AE3: =AD3*AE4 -> #DIV/0! | AG3: =AF3-AC3 -> 0 | AH3: =AG3*AH4 -> #DIV/0! | AJ3: =AI3-AF3 -> 0 | AK3: =AJ3*AK4 -> #DIV/0! | AM3: =AL3-AI3 -> 0 | AN3: =AM3*AN4 -> #DIV/0! | AP3: =AO3-AL3 -> 0 | AQ3: =AP3*AQ4 -> #DIV/0! | AS3: =AR3-AO3 -> 0 | AT3: =AS3*AT4 -> #DIV/0! | AV3: =AU3-AR3 -> 0 | AW3: =AV3*AW4 -> #DIV/0! | AY3: =AX3-AU3 -> 0 | AZ3: =AY3*AZ4 -> #DIV/0! | BB3: =BA3-AX3 -> 0 | BC3: =BB3*BC4 -> #DIV/0! | BE3: =BD3-BA3 -> 0 | BF3: =BE3*BF4 -> #DIV/0! | BH3: =BG3-BD3 -> 0 | BI3: =BH3*BI4 -> #DIV/0! | BK3: =BJ3-BG3 -> 0 | BL3: =BK3*BL4 -> #DIV/0! | BN3: =BM3-BJ3 -> 0 | BO3: =BN3*BO4 -> #DIV/0! | BQ3: =BP3-BM3 -> 0 | BR3: =BQ3*BR4 -> #DIV/0! | BT3: =BS3-BP3 -> 0 | BU3: =BT3*BU4 -> #DIV/0! | BW3: =BV3-BS3 -> 0 | BX3: =BW3*BX4 -> #DIV/0! | BZ3: =BY3-BV3 -> 0 | CA3: =BZ3*CA4 -> #DIV/0! | CC3: =CB3-BY3 -> 0 | CD3: =CC3*CD4 -> 0
A4: Площадь | B4: =[2]Реестр!H2 -> 123.4 | C4: Электричество тариф | G4: ='[1]0. ГИРА'!G4 -> 6 | J4: ='[1]0. ГИРА'!J4 -> 6 | M4: ='[1]0. ГИРА'!M4 -> 6 | P4: ='[1]0. ГИРА'!P4 -> 0 | S4: ='[1]0. ГИРА'!S4 -> #DIV/0! | V4: ='[1]0. ГИРА'!V4 -> #DIV/0! | Y4: ='[1]0. ГИРА'!Y4 -> #DIV/0! | AB4: ='[1]0. ГИРА'!AB4 -> #DIV/0! | AE4: ='[1]0. ГИРА'!AE4 -> #DIV/0! | AH4: ='[1]0. ГИРА'!AH4 -> #DIV/0! | AK4: ='[1]0. ГИРА'!AK4 -> #DIV/0! | AN4: ='[1]0. ГИРА'!AN4 -> #DIV/0! | AQ4: ='[1]0. ГИРА'!AQ4 -> #DIV/0! | AT4: ='[1]0. ГИРА'!AT4 -> #DIV/0! | AW4: ='[1]0. ГИРА'!AW4 -> #DIV/0! | AZ4: ='[1]0. ГИРА'!AZ4 -> #DIV/0! | BC4: ='[1]0. ГИРА'!BC4 -> #DIV/0! | BF4: ='[1]0. ГИРА'!BF4 -> #DIV/0! | BI4: ='[1]0. ГИРА'!BI4 -> #DIV/0! | BL4: ='[1]0. ГИРА'!BL4 -> #DIV/0! | BO4: ='[1]0. ГИРА'!BO4 -> #DIV/0! | BR4: ='[1]0. ГИРА'!BR4 -> #DIV/0! | BU4: ='[1]0. ГИРА'!BU4 -> #DIV/0! | BX4: ='[1]0. ГИРА'!BX4 -> #DIV/0! | CA4: ='[1]0. ГИРА'!CA4 -> #DIV/0! | CD4: ='[1]0. ГИРА'!CD4 -> 0
C5: Водоканал холодная вода | D5: 0 | E5: 0 | F5: =E5-D5 -> 0 | H5: 0 | I5: =H5-E5 -> 0 | J5: =I5*J6 -> 0 | K5: 0 | L5: =K5-H5 -> 0 | M5: =L5*M6 -> 0 | O5: =N5-K5 -> 0 | R5: =Q5-N5 -> 0 | U5: =T5-Q5 -> 0 | X5: =W5-T5 -> 0 | AA5: =Z5-W5 -> 0 | AD5: =AC5-Z5 -> 0 | AG5: =AF5-AC5 -> 0 | AJ5: =AI5-AF5 -> 0 | AM5: =AL5-AI5 -> 0 | AP5: =AO5-AL5 -> 0 | AS5: =AR5-AO5 -> 0 | AV5: =AU5-AR5 -> 0 | AY5: =AX5-AU5 -> 0 | BB5: =BA5-AX5 -> 0 | BE5: =BD5-BA5 -> 0 | BH5: =BG5-BD5 -> 0 | BK5: =BJ5-BG5 -> 0 | BN5: =BM5-BJ5 -> 0 | BQ5: =BP5-BM5 -> 0 | BT5: =BS5-BP5 -> 0 | BW5: =BV5-BS5 -> 0 | BZ5: =BY5-BV5 -> 0 | CC5: =CB5-BY5 -> 0
A6: Имя 1 | B6: =[1]Реестр!M2 -> Альфия | C6: Водоканал холодная Тариф | G6: ='[1]0. ГИРА'!G6 -> 60 | J6: ='[1]0. ГИРА'!J6 -> 60 | M6: ='[1]0. ГИРА'!M6 -> 60 | P6: ='[1]0. ГИРА'!P6 -> 0 | S6: ='[1]0. ГИРА'!S6 -> #DIV/0! | V6: ='[1]0. ГИРА'!V6 -> #DIV/0! | Y6: ='[1]0. ГИРА'!Y6 -> #DIV/0! | AB6: ='[1]0. ГИРА'!AB6 -> #DIV/0! | AE6: ='[1]0. ГИРА'!AE6 -> #DIV/0! | AH6: ='[1]0. ГИРА'!AH6 -> #DIV/0! | AK6: ='[1]0. ГИРА'!AK6 -> #DIV/0! | AN6: ='[1]0. ГИРА'!AN6 -> #DIV/0! | AQ6: ='[1]0. ГИРА'!AQ6 -> #DIV/0! | AT6: ='[1]0. ГИРА'!AT6 -> #DIV/0! | AW6: ='[1]0. ГИРА'!AW6 -> #DIV/0! | AZ6: ='[1]0. ГИРА'!AZ6 -> #DIV/0! | BC6: ='[1]0. ГИРА'!BC6 -> #DIV/0! | BF6: ='[1]0. ГИРА'!BF6 -> #DIV/0! | BI6: ='[1]0. ГИРА'!BI6 -> #DIV/0! | BL6: ='[1]0. ГИРА'!BL6 -> #DIV/0! | BO6: ='[1]0. ГИРА'!BO6 -> #DIV/0! | BR6: ='[1]0. ГИРА'!BR6 -> #DIV/0! | BU6: ='[1]0. ГИРА'!BU6 -> #DIV/0! | BX6: ='[1]0. ГИРА'!BX6 -> #DIV/0! | CA6: ='[1]0. ГИРА'!CA6 -> #DIV/0! | CD6: ='[1]0. ГИРА'!CD6 -> 0
A7: Контакт 1 | B7: =[1]Реестр!N2 -> 89503228511 | C7: Водоканал горячая вода | D7: 0 | E7: 0 | F7: =E7-D7 -> 0 | G7: =G8*F7 -> 0 | H7: 0 | I7: =H7-E7 -> 0 | J7: =J8*I7 -> 0 | K7: 0 | L7: =K7-H7 -> 0 | M7: =M8*L7 -> 0 | O7: =N7-K7 -> 0 | P7: =P8*O7 -> 0 | R7: =Q7-N7 -> 0 | S7: =S8*R7 -> #DIV/0! | U7: =T7-Q7 -> 0 | V7: =V8*U7 -> #DIV/0! | X7: =W7-T7 -> 0 | Y7: =Y8*X7 -> #DIV/0! | AA7: =Z7-W7 -> 0 | AB7: =AB8*AA7 -> #DIV/0! | AD7: =AC7-Z7 -> 0 | AE7: =AE8*AD7 -> #DIV/0! | AG7: =AF7-AC7 -> 0 | AH7: =AH8*AG7 -> #DIV/0! | AJ7: =AI7-AF7 -> 0 | AK7: =AK8*AJ7 -> #DIV/0! | AM7: =AL7-AI7 -> 0 | AN7: =AN8*AM7 -> #DIV/0! | AP7: =AO7-AL7 -> 0 | AQ7: =AQ8*AP7 -> #DIV/0! | AS7: =AR7-AO7 -> 0 | AT7: =AT8*AS7 -> #DIV/0! | AV7: =AU7-AR7 -> 0 | AW7: =AW8*AV7 -> #DIV/0! | AY7: =AX7-AU7 -> 0 | AZ7: =AZ8*AY7 -> #DIV/0! | BB7: =BA7-AX7 -> 0 | BC7: =BC8*BB7 -> #DIV/0! | BE7: =BD7-BA7 -> 0 | BF7: =BF8*BE7 -> #DIV/0! | BH7: =BG7-BD7 -> 0 | BI7: =BI8*BH7 -> #DIV/0! | BK7: =BJ7-BG7 -> 0 | BL7: =BL8*BK7 -> #DIV/0! | BN7: =BM7-BJ7 -> 0 | BO7: =BO8*BN7 -> #DIV/0! | BQ7: =BP7-BM7 -> 0 | BR7: =BR8*BQ7 -> #DIV/0! | BT7: =BS7-BP7 -> 0 | BU7: =BU8*BT7 -> #DIV/0! | BW7: =BV7-BS7 -> 0 | BX7: =BX8*BW7 -> #DIV/0! | BZ7: =BY7-BV7 -> 0 | CA7: =CA8*BZ7 -> #DIV/0! | CC7: =CB7-BY7 -> 0 | CD7: =CD8*CC7 -> 0
A8: Имя 2 | B8: =[1]Реестр!O2 -> Карина | C8: Водоканал горячая Тариф | G8: ='[1]0. ГИРА'!G8 -> 300 | J8: ='[1]0. ГИРА'!J8 -> 300 | M8: ='[1]0. ГИРА'!M8 -> 300 | P8: ='[1]0. ГИРА'!P8 -> 0 | S8: ='[1]0. ГИРА'!S8 -> #DIV/0! | V8: ='[1]0. ГИРА'!V8 -> #DIV/0! | Y8: ='[1]0. ГИРА'!Y8 -> #DIV/0! | AB8: ='[1]0. ГИРА'!AB8 -> #DIV/0! | AE8: ='[1]0. ГИРА'!AE8 -> #DIV/0! | AH8: ='[1]0. ГИРА'!AH8 -> #DIV/0! | AK8: ='[1]0. ГИРА'!AK8 -> #DIV/0! | AN8: ='[1]0. ГИРА'!AN8 -> #DIV/0! | AQ8: ='[1]0. ГИРА'!AQ8 -> #DIV/0! | AT8: ='[1]0. ГИРА'!AT8 -> #DIV/0! | AW8: ='[1]0. ГИРА'!AW8 -> #DIV/0! | AZ8: ='[1]0. ГИРА'!AZ8 -> #DIV/0! | BC8: ='[1]0. ГИРА'!BC8 -> #DIV/0! | BF8: ='[1]0. ГИРА'!BF8 -> #DIV/0! | BI8: ='[1]0. ГИРА'!BI8 -> #DIV/0! | BL8: ='[1]0. ГИРА'!BL8 -> #DIV/0! | BO8: ='[1]0. ГИРА'!BO8 -> #DIV/0! | BR8: ='[1]0. ГИРА'!BR8 -> #DIV/0! | BU8: ='[1]0. ГИРА'!BU8 -> #DIV/0! | BX8: ='[1]0. ГИРА'!BX8 -> #DIV/0! | CA8: ='[1]0. ГИРА'!CA8 -> #DIV/0! | CD8: ='[1]0. ГИРА'!CD8 -> 0
A9: Контакт 2 | B9: =[1]Реестр!P2 -> 89372840305 | C9: Тепло | F9: =E9-D9 -> 0 | G9: =G10*B4 -> 22150.99 | I9: =H9-E9 -> 0 | J9: =J10*E3 -> 0 | L9: =K9-H9 -> 0 | M9: =M10*$B4 -> 22150.99 | O9: =N9-K9 -> 0 | P9: =P10*K3 -> 0 | R9: =Q9-N9 -> 0 | S9: =S10*N3 -> 0 | U9: =T9-Q9 -> 0 | V9: =V10*Q3 -> 0 | X9: =W9-T9 -> 0 | Y9: =Y10*T3 -> 0 | AA9: =Z9-W9 -> 0 | AB9: =AB10*W3 -> 0 | AD9: =AC9-Z9 -> 0 | AE9: =AE10*Z3 -> 0 | AG9: =AF9-AC9 -> 0 | AH9: =AH10*AC3 -> 0 | AJ9: =AI9-AF9 -> 0 | AK9: =AK10*AF3 -> 0 | AM9: =AL9-AI9 -> 0 | AN9: =AN10*AI3 -> 0 | AP9: =AO9-AL9 -> 0 | AQ9: =AQ10*AL3 -> 0 | AS9: =AR9-AO9 -> 0 | AT9: =AT10*AO3 -> 0 | AV9: =AU9-AR9 -> 0 | AW9: =AW10*AR3 -> 0 | AY9: =AX9-AU9 -> 0 | AZ9: =AZ10*AU3 -> 0 | BB9: =BA9-AX9 -> 0 | BC9: =BC10*AX3 -> 0 | BE9: =BD9-BA9 -> 0 | BF9: =BF10*BA3 -> 0 | BH9: =BG9-BD9 -> 0 | BI9: =BI10*BD3 -> 0 | BK9: =BJ9-BG9 -> 0 | BL9: =BL10*BG3 -> 0 | BN9: =BM9-BJ9 -> 0 | BO9: =BO10*BJ3 -> 0 | BQ9: =BP9-BM9 -> 0 | BR9: =BR10*BM3 -> 0 | BT9: =BS9-BP9 -> 0 | BU9: =BU10*BP3 -> 0 | BW9: =BV9-BS9 -> 0 | BX9: =BX10*BS3 -> 0 | BZ9: =BY9-BV9 -> 0 | CA9: =CA10*BV3 -> 0 | CC9: =CB9-BY9 -> 0 | CD9: =CD10*BY3 -> 0
C10: Тепло тариф | G10: ='[1]0. ГИРА'!G10 -> 179.50559 | J10: ='[1]0. ГИРА'!J10 -> 215.40671 | M10: ='[1]0. ГИРА'!M10 -> 179.50559 | P10: ='[1]0. ГИРА'!P10 -> 0 | S10: ='[1]0. ГИРА'!S10 -> 0 | V10: ='[1]0. ГИРА'!V10 -> 0 | Y10: ='[1]0. ГИРА'!Y10 -> 0 | AB10: ='[1]0. ГИРА'!AB10 -> 0 | AE10: ='[1]0. ГИРА'!AE10 -> 0 | AH10: ='[1]0. ГИРА'!AH10 -> 0 | AK10: ='[1]0. ГИРА'!AK10 -> 0 | AN10: ='[1]0. ГИРА'!AN10 -> 0 | AQ10: ='[1]0. ГИРА'!AQ10 -> 0 | AT10: ='[1]0. ГИРА'!AT10 -> 0 | AW10: ='[1]0. ГИРА'!AW10 -> 0 | AZ10: ='[1]0. ГИРА'!AZ10 -> 0 | BC10: ='[1]0. ГИРА'!BC10 -> 0 | BF10: ='[1]0. ГИРА'!BF10 -> 0 | BI10: ='[1]0. ГИРА'!BI10 -> 0 | BL10: ='[1]0. ГИРА'!BL10 -> 0 | BO10: ='[1]0. ГИРА'!BO10 -> 0 | BR10: ='[1]0. ГИРА'!BR10 -> 0 | BU10: ='[1]0. ГИРА'!BU10 -> 0.043081342 | BX10: ='[1]0. ГИРА'!BX10 -> 0.045132834 | CA10: ='[1]0. ГИРА'!CA10 -> 0.047184327 | CD10: ='[1]0. ГИРА'!CD10 -> 0
A11: Номер счетчика | C11: Экспл. Услуги от УК | F11: =E11-D11 -> 0 | G11: ='[1]0. ГИРА'!G12 -> 174.37686 | I11: =H11-G11 -> -174.37686 | J11: ='[1]0. ГИРА'!J12 -> 174.37686 | L11: =K11-J11 -> -174.37686 | M11: ='[1]0. ГИРА'!M12 -> 164.1194 | O11: =N11-M11 -> -164.1194 | P11: ='[1]0. ГИРА'!P12 -> 0 | R11: =Q11-P11 -> 0 | S11: ='[1]0. ГИРА'!S12 -> 0 | U11: =T11-S11 -> 0 | V11: ='[1]0. ГИРА'!V12 -> 0 | X11: =W11-T11 -> 0 | Y11: =Y12*T3 -> 0 | AA11: =Z11-W11 -> 0 | AB11: =AB12*W3 -> 0 | AD11: =AC11-Z11 -> 0 | AE11: =AE12*Z3 -> 0 | AG11: =AF11-AC11 -> 0 | AH11: =AH12*AC3 -> 0 | AJ11: =AI11-AF11 -> 0 | AK11: =AK12*AF3 -> 0 | AM11: =AL11-AI11 -> 0 | AN11: =AN12*AI3 -> 0 | AP11: =AO11-AL11 -> 0 | AQ11: =AQ12*AL3 -> 0 | AS11: =AR11-AO11 -> 0 | AT11: =AT12*AO3 -> 0 | AV11: =AU11-AR11 -> 0 | AW11: =AW12*AR3 -> 0 | AY11: =AX11-AU11 -> 0 | AZ11: =AZ12*AU3 -> 0 | BB11: =BA11-AX11 -> 0 | BC11: =BC12*AX3 -> 0 | BE11: =BD11-BA11 -> 0 | BF11: =BF12*BA3 -> 0 | BH11: =BG11-BD11 -> 0 | BI11: =BI12*BD3 -> 0 | BK11: =BJ11-BG11 -> 0 | BL11: =BL12*BG3 -> 0 | BN11: =BM11-BJ11 -> 0 | BO11: =BO12*BJ3 -> 0 | BQ11: =BP11-BM11 -> 0 | BR11: =BR12*BM3 -> 0 | BT11: =BS11-BP11 -> 0 | BU11: =BU12*BP3 -> 0 | BW11: =BV11-BS11 -> 0 | BX11: =BX12*BS3 -> 0 | BZ11: =BY11-BV11 -> 0 | CA11: =CA12*BV3 -> 0 | CC11: =CB11-BY11 -> 0 | CD11: =CD12*BY3 -> 0
C12: Экспл. Услуги от УК тариф | G12: ='[1]0. ГИРА'!G12 -> 174.37686 | J12: ='[1]0. ГИРА'!J12 -> 174.37686 | M12: ='[1]0. ГИРА'!M12 -> 164.1194 | P12: ='[1]0. ГИРА'!P12 -> 0 | S12: ='[1]0. ГИРА'!S12 -> 0 | V12: ='[1]0. ГИРА'!V12 -> 0 | Y12: ='[1]0. ГИРА'!Y12 -> 0 | AB12: ='[1]0. ГИРА'!AB12 -> 0 | AE12: ='[1]0. ГИРА'!AE12 -> 0 | AH12: ='[1]0. ГИРА'!AH12 -> 0 | AK12: ='[1]0. ГИРА'!AK12 -> 0 | AN12: ='[1]0. ГИРА'!AN12 -> 0 | AQ12: ='[1]0. ГИРА'!AQ12 -> 0 | AT12: ='[1]0. ГИРА'!AT12 -> 0 | AW12: ='[1]0. ГИРА'!AW12 -> 0 | AZ12: ='[1]0. ГИРА'!AZ12 -> 0 | BC12: ='[1]0. ГИРА'!BC12 -> 0 | BF12: ='[1]0. ГИРА'!BF12 -> 0 | BI12: ='[1]0. ГИРА'!BI12 -> 0 | BL12: ='[1]0. ГИРА'!BL12 -> 0 | BO12: ='[1]0. ГИРА'!BO12 -> 0 | BR12: ='[1]0. ГИРА'!BR12 -> 0 | BU12: ='[1]0. ГИРА'!BU12 -> 0.043081342 | BX12: ='[1]0. ГИРА'!BX12 -> 0.045132834 | CA12: ='[1]0. ГИРА'!CA12 -> 0.047184327 | CD12: ='[1]0. ГИРА'!CD12 -> 0

Sheet K100.0
A1: ИНН | B1: =[1]Реестр!D2 -> 444 | C1: Месяц | D1: 45962 | E1: 45992 | F1: Потребл. | G1: 45962 | H1: 46023 | I1: Потребл. | J1: 45992 | K1: 46054 | L1: Потребл. | M1: 46023 | N1: 46082 | O1: Потребл. | P1: 46054 | Q1: 46113 | R1: Потребл. | S1: 46082 | T1: 46143 | U1: Потребл. | V1: 46113 | W1: 46174 | X1: Потребл. | Y1: 46143 | Z1: 46204 | AA1: Потребл. | AB1: 46174 | AC1: 46235 | AD1: Потребл. | AE1: 46204 | AF1: 46266 | AG1: Потребл. | AH1: 46235 | AI1: 46296 | AJ1: Потребл. | AK1: 46266 | AL1: 46327 | AM1: Потребл. | AN1: 46296 | AO1: 46357 | AP1: Потребл. | AQ1: 46327 | AR1: 46388 | AS1: Потребл. | AT1: 46357 | AU1: 46419 | AV1: Потребл. | AW1: 46388 | AX1: 46447 | AY1: Потребл. | AZ1: 46419 | BA1: 46478 | BB1: Потребл. | BC1: 46447 | BD1: 46508 | BE1: Потребл. | BF1: 46478 | BG1: 46539 | BH1: Потребл. | BI1: 46508 | BJ1: 46569 | BK1: Потребл. | BL1: 46539 | BM1: 46600 | BN1: Потребл. | BO1: 46569 | BP1: 46631 | BQ1: Потребл. | BR1: 46600 | BS1: 46661 | BT1: Потребл. | BU1: 46631 | BV1: 46692 | BW1: Потребл. | BX1: 46661 | BY1: 46722 | BZ1: Потребл. | CA1: 46692 | CB1: 46753 | CC1: Потребл. | CD1: 46722
A2: Кадастр | B2: =[2]Реестр!B2 -> 1006:3090 | D2: знач. | E2: знач. | F2: знач. | G2: руб. | H2: знач. | I2: знач. | J2: руб. | K2: знач. | L2: знач. | M2: руб. | N2: знач. | O2: знач | P2: руб. | Q2: знач. | R2: знач. | S2: руб. | T2: знач. | U2: знач. | V2: руб. | W2: знач. | X2: знач. | Y2: руб. | Z2: знач. | AA2: знач. | AB2: руб. | AC2: знач. | AD2: знач. | AE2: руб. | AF2: знач. | AG2: знач. | AH2: руб. | AI2: знач. | AJ2: знач. | AK2: руб. | AL2: знач. | AM2: знач. | AN2: руб. | AO2: знач. | AP2: знач. | AQ2: руб. | AR2: знач. | AS2: знач. | AT2: руб. | AU2: знач. | AV2: знач. | AW2: руб. | AX2: знач. | AY2: знач. | AZ2: руб. | BA2: знач. | BB2: знач. | BC2: руб. | BD2: знач. | BE2: знач. | BF2: руб. | BG2: знач. | BH2: знач. | BI2: руб. | BJ2: знач. | BK2: знач. | BL2: руб. | BM2: знач. | BN2: знач. | BO2: руб. | BP2: знач. | BQ2: знач. | BR2: руб. | BS2: знач. | BT2: знач. | BU2: руб. | BV2: знач. | BW2: знач. | BX2: руб. | BY2: знач. | BZ2: знач. | CA2: руб. | CB2: знач. | CC2: знач. | CD2: руб.
A3: Арендатор | B3: =[2]Реестр!F2 -> Гареева А.В. | C3: Электричество | D3: 0 | E3: 0 | F3: =E3-D3 -> 0 | G3: =F3*G4 -> 0 | H3: 245077 | I3: =H3-E3 -> 245077 | J3: =I3*J4 -> 1470462 | K3: 246105 | L3: =K3-H3 -> 1028 | M3: =L3*M4 -> 6168 | O3: =N3-K3 -> -246105 | P3: =O3*P4 -> 0 | R3: =Q3-N3 -> 0 | S3: =R3*S4 -> #DIV/0! | U3: =T3-Q3 -> 0 | V3: =U3*V4 -> #DIV/0! | X3: =W3-T3 -> 0 | Y3: =X3*Y4 -> #DIV/0! | AA3: =Z3-W3 -> 0 | AB3: =AA3*AB4 -> #DIV/0! | AD3: =AC3-Z3 -> 0 | AE3: =AD3*AE4 -> #DIV/0! | AG3: =AF3-AC3 -> 0 | AH3: =AG3*AH4 -> #DIV/0! | AJ3: =AI3-AF3 -> 0 | AK3: =AJ3*AK4 -> #DIV/0! | AM3: =AL3-AI3 -> 0 | AN3: =AM3*AN4 -> #DIV/0! | AP3: =AO3-AL3 -> 0 | AQ3: =AP3*AQ4 -> #DIV/0! | AS3: =AR3-AO3 -> 0 | AT3: =AS3*AT4 -> #DIV/0! | AV3: =AU3-AR3 -> 0 | AW3: =AV3*AW4 -> #DIV/0! | AY3: =AX3-AU3 -> 0 | AZ3: =AY3*AZ4 -> #DIV/0! | BB3: =BA3-AX3 -> 0 | BC3: =BB3*BC4 -> #DIV/0! | BE3: =BD3-BA3 -> 0 | BF3: =BE3*BF4 -> #DIV/0! | BH3: =BG3-BD3 -> 0 | BI3: =BH3*BI4 -> #DIV/0! | BK3: =BJ3-BG3 -> 0 | BL3: =BK3*BL4 -> #DIV/0! | BN3: =BM3-BJ3 -> 0 | BO3: =BN3*BO4 -> #DIV/0! | BQ3: =BP3-BM3 -> 0 | BR3: =BQ3*BR4 -> #DIV/0! | BT3: =BS3-BP3 -> 0 | BU3: =BT3*BU4 -> #DIV/0! | BW3: =BV3-BS3 -> 0 | BX3: =BW3*BX4 -> #DIV/0! | BZ3: =BY3-BV3 -> 0 | CA3: =BZ3*CA4 -> #DIV/0! | CC3: =CB3-BY3 -> 0 | CD3: =CC3*CD4 -> 0
A4: Площадь | B4: =[2]Реестр!H2 -> 123.4 | C4: Электричество тариф | G4: ='[1]0. ГИРА'!G4 -> 6 | J4: ='[1]0. ГИРА'!J4 -> 6 | M4: ='[1]0. ГИРА'!M4 -> 6 | P4: ='[1]0. ГИРА'!P4 -> 0 | S4: ='[1]0. ГИРА'!S4 -> #DIV/0! | V4: ='[1]0. ГИРА'!V4 -> #DIV/0! | Y4: ='[1]0. ГИРА'!Y4 -> #DIV/0! | AB4: ='[1]0. ГИРА'!AB4 -> #DIV/0! | AE4: ='[1]0. ГИРА'!AE4 -> #DIV/0! | AH4: ='[1]0. ГИРА'!AH4 -> #DIV/0! | AK4: ='[1]0. ГИРА'!AK4 -> #DIV/0! | AN4: ='[1]0. ГИРА'!AN4 -> #DIV/0! | AQ4: ='[1]0. ГИРА'!AQ4 -> #DIV/0! | AT4: ='[1]0. ГИРА'!AT4 -> #DIV/0! | AW4: ='[1]0. ГИРА'!AW4 -> #DIV/0! | AZ4: ='[1]0. ГИРА'!AZ4 -> #DIV/0! | BC4: ='[1]0. ГИРА'!BC4 -> #DIV/0! | BF4: ='[1]0. ГИРА'!BF4 -> #DIV/0! | BI4: ='[1]0. ГИРА'!BI4 -> #DIV/0! | BL4: ='[1]0. ГИРА'!BL4 -> #DIV/0! | BO4: ='[1]0. ГИРА'!BO4 -> #DIV/0! | BR4: ='[1]0. ГИРА'!BR4 -> #DIV/0! | BU4: ='[1]0. ГИРА'!BU4 -> #DIV/0! | BX4: ='[1]0. ГИРА'!BX4 -> #DIV/0! | CA4: ='[1]0. ГИРА'!CA4 -> #DIV/0! | CD4: ='[1]0. ГИРА'!CD4 -> 0
C5: Водоканал холодная вода | D5: 0 | E5: 0 | F5: =E5-D5 -> 0 | H5: 32477 | I5: =H5-E5 -> 32477 | J5: =I5*J6 -> 1948620 | K5: 32480 | L5: =K5-H5 -> 3 | M5: =L5*M6 -> 180 | O5: =N5-K5 -> -32480 | R5: =Q5-N5 -> 0 | U5: =T5-Q5 -> 0 | X5: =W5-T5 -> 0 | AA5: =Z5-W5 -> 0 | AD5: =AC5-Z5 -> 0 | AG5: =AF5-AC5 -> 0 | AJ5: =AI5-AF5 -> 0 | AM5: =AL5-AI5 -> 0 | AP5: =AO5-AL5 -> 0 | AS5: =AR5-AO5 -> 0 | AV5: =AU5-AR5 -> 0 | AY5: =AX5-AU5 -> 0 | BB5: =BA5-AX5 -> 0 | BE5: =BD5-BA5 -> 0 | BH5: =BG5-BD5 -> 0 | BK5: =BJ5-BG5 -> 0 | BN5: =BM5-BJ5 -> 0 | BQ5: =BP5-BM5 -> 0 | BT5: =BS5-BP5 -> 0 | BW5: =BV5-BS5 -> 0 | BZ5: =BY5-BV5 -> 0 | CC5: =CB5-BY5 -> 0
A6: Имя 1 | B6: =[1]Реестр!M2 -> Альфия | C6: Водоканал холодная Тариф | G6: ='[1]0. ГИРА'!G6 -> 60 | J6: ='[1]0. ГИРА'!J6 -> 60 | M6: ='[1]0. ГИРА'!M6 -> 60 | P6: ='[1]0. ГИРА'!P6 -> 0 | S6: ='[1]0. ГИРА'!S6 -> #DIV/0! | V6: ='[1]0. ГИРА'!V6 -> #DIV/0! | Y6: ='[1]0. ГИРА'!Y6 -> #DIV/0! | AB6: ='[1]0. ГИРА'!AB6 -> #DIV/0! | AE6: ='[1]0. ГИРА'!AE6 -> #DIV/0! | AH6: ='[1]0. ГИРА'!AH6 -> #DIV/0! | AK6: ='[1]0. ГИРА'!AK6 -> #DIV/0! | AN6: ='[1]0. ГИРА'!AN6 -> #DIV/0! | AQ6: ='[1]0. ГИРА'!AQ6 -> #DIV/0! | AT6: ='[1]0. ГИРА'!AT6 -> #DIV/0! | AW6: ='[1]0. ГИРА'!AW6 -> #DIV/0! | AZ6: ='[1]0. ГИРА'!AZ6 -> #DIV/0! | BC6: ='[1]0. ГИРА'!BC6 -> #DIV/0! | BF6: ='[1]0. ГИРА'!BF6 -> #DIV/0! | BI6: ='[1]0. ГИРА'!BI6 -> #DIV/0! | BL6: ='[1]0. ГИРА'!BL6 -> #DIV/0! | BO6: ='[1]0. ГИРА'!BO6 -> #DIV/0! | BR6: ='[1]0. ГИРА'!BR6 -> #DIV/0! | BU6: ='[1]0. ГИРА'!BU6 -> #DIV/0! | BX6: ='[1]0. ГИРА'!BX6 -> #DIV/0! | CA6: ='[1]0. ГИРА'!CA6 -> #DIV/0! | CD6: ='[1]0. ГИРА'!CD6 -> 0
A7: Контакт 1 | B7: =[1]Реестр!N2 -> 89503228511 | C7: Водоканал горячая вода | D7: 0 | E7: 0 | F7: =E7-D7 -> 0 | G7: =G8*F7 -> 0 | H7: 17877 | I7: =H7-E7 -> 17877 | J7: =J8*I7 -> 5363100 | K7: 17931 | L7: =K7-H7 -> 54 | M7: =M8*L7 -> 16200 | O7: =N7-K7 -> -17931 | P7: =P8*O7 -> 0 | R7: =Q7-N7 -> 0 | S7: =S8*R7 -> #DIV/0! | U7: =T7-Q7 -> 0 | V7: =V8*U7 -> #DIV/0! | X7: =W7-T7 -> 0 | Y7: =Y8*X7 -> #DIV/0! | AA7: =Z7-W7 -> 0 | AB7: =AB8*AA7 -> #DIV/0! | AD7: =AC7-Z7 -> 0 | AE7: =AE8*AD7 -> #DIV/0! | AG7: =AF7-AC7 -> 0 | AH7: =AH8*AG7 -> #DIV/0! | AJ7: =AI7-AF7 -> 0 | AK7: =AK8*AJ7 -> #DIV/0! | AM7: =AL7-AI7 -> 0 | AN7: =AN8*AM7 -> #DIV/0! | AP7: =AO7-AL7 -> 0 | AQ7: =AQ8*AP7 -> #DIV/0! | AS7: =AR7-AO7 -> 0 | AT7: =AT8*AS7 -> #DIV/0! | AV7: =AU7-AR7 -> 0 | AW7: =AW8*AV7 -> #DIV/0! | AY7: =AX7-AU7 -> 0 | AZ7: =AZ8*AY7 -> #DIV/0! | BB7: =BA7-AX7 -> 0 | BC7: =BC8*BB7 -> #DIV/0! | BE7: =BD7-BA7 -> 0 | BF7: =BF8*BE7 -> #DIV/0! | BH7: =BG7-BD7 -> 0 | BI7: =BI8*BH7 -> #DIV/0! | BK7: =BJ7-BG7 -> 0 | BL7: =BL8*BK7 -> #DIV/0! | BN7: =BM7-BJ7 -> 0 | BO7: =BO8*BN7 -> #DIV/0! | BQ7: =BP7-BM7 -> 0 | BR7: =BR8*BQ7 -> #DIV/0! | BT7: =BS7-BP7 -> 0 | BU7: =BU8*BT7 -> #DIV/0! | BW7: =BV7-BS7 -> 0 | BX7: =BX8*BW7 -> #DIV/0! | BZ7: =BY7-BV7 -> 0 | CA7: =CA8*BZ7 -> #DIV/0! | CC7: =CB7-BY7 -> 0 | CD7: =CD8*CC7 -> 0
A8: Имя 2 | B8: =[1]Реестр!O2 -> Карина | C8: Водоканал горячая Тариф | G8: ='[1]0. ГИРА'!G8 -> 300 | J8: ='[1]0. ГИРА'!J8 -> 300 | M8: ='[1]0. ГИРА'!M8 -> 300 | P8: ='[1]0. ГИРА'!P8 -> 0 | S8: ='[1]0. ГИРА'!S8 -> #DIV/0! | V8: ='[1]0. ГИРА'!V8 -> #DIV/0! | Y8: ='[1]0. ГИРА'!Y8 -> #DIV/0! | AB8: ='[1]0. ГИРА'!AB8 -> #DIV/0! | AE8: ='[1]0. ГИРА'!AE8 -> #DIV/0! | AH8: ='[1]0. ГИРА'!AH8 -> #DIV/0! | AK8: ='[1]0. ГИРА'!AK8 -> #DIV/0! | AN8: ='[1]0. ГИРА'!AN8 -> #DIV/0! | AQ8: ='[1]0. ГИРА'!AQ8 -> #DIV/0! | AT8: ='[1]0. ГИРА'!AT8 -> #DIV/0! | AW8: ='[1]0. ГИРА'!AW8 -> #DIV/0! | AZ8: ='[1]0. ГИРА'!AZ8 -> #DIV/0! | BC8: ='[1]0. ГИРА'!BC8 -> #DIV/0! | BF8: ='[1]0. ГИРА'!BF8 -> #DIV/0! | BI8: ='[1]0. ГИРА'!BI8 -> #DIV/0! | BL8: ='[1]0. ГИРА'!BL8 -> #DIV/0! | BO8: ='[1]0. ГИРА'!BO8 -> #DIV/0! | BR8: ='[1]0. ГИРА'!BR8 -> #DIV/0! | BU8: ='[1]0. ГИРА'!BU8 -> #DIV/0! | BX8: ='[1]0. ГИРА'!BX8 -> #DIV/0! | CA8: ='[1]0. ГИРА'!CA8 -> #DIV/0! | CD8: ='[1]0. ГИРА'!CD8 -> 0
A9: Контакт 2 | B9: =[1]Реестр!P2 -> 89372840305 | C9: Тепло | F9: =E9-D9 -> 0 | G9: =G10*B4 -> 22150.99 | I9: =H9-E9 -> 0 | J9: =J10*E3 -> 0 | K9: 1234 | L9: =K9-H9 -> 1234 | M9: 12 | O9: =N9-K9 -> -1234 | P9: =P10*K3 -> 0 | R9: =Q9-N9 -> 0 | S9: =S10*N3 -> 0 | U9: =T9-Q9 -> 0 | V9: =V10*Q3 -> 0 | X9: =W9-T9 -> 0 | Y9: =Y10*T3 -> 0 | AA9: =Z9-W9 -> 0 | AB9: =AB10*W3 -> 0 | AD9: =AC9-Z9 -> 0 | AE9: =AE10*Z3 -> 0 | AG9: =AF9-AC9 -> 0 | AH9: =AH10*AC3 -> 0 | AJ9: =AI9-AF9 -> 0 | AK9: =AK10*AF3 -> 0 | AM9: =AL9-AI9 -> 0 | AN9: =AN10*AI3 -> 0 | AP9: =AO9-AL9 -> 0 | AQ9: =AQ10*AL3 -> 0 | AS9: =AR9-AO9 -> 0 | AT9: =AT10*AO3 -> 0 | AV9: =AU9-AR9 -> 0 | AW9: =AW10*AR3 -> 0 | AY9: =AX9-AU9 -> 0 | AZ9: =AZ10*AU3 -> 0 | BB9: =BA9-AX9 -> 0 | BC9: =BC10*AX3 -> 0 | BE9: =BD9-BA9 -> 0 | BF9: =BF10*BA3 -> 0 | BH9: =BG9-BD9 -> 0 | BI9: =BI10*BD3 -> 0 | BK9: =BJ9-BG9 -> 0 | BL9: =BL10*BG3 -> 0 | BN9: =BM9-BJ9 -> 0 | BO9: =BO10*BJ3 -> 0 | BQ9: =BP9-BM9 -> 0 | BR9: =BR10*BM3 -> 0 | BT9: =BS9-BP9 -> 0 | BU9: =BU10*BP3 -> 0 | BW9: =BV9-BS9 -> 0 | BX9: =BX10*BS3 -> 0 | BZ9: =BY9-BV9 -> 0 | CA9: =CA10*BV3 -> 0 | CC9: =CB9-BY9 -> 0 | CD9: =CD10*BY3 -> 0
C10: Тепло тариф | G10: ='[1]0. ГИРА'!G10 -> 179.50559 | J10: ='[1]0. ГИРА'!J10 -> 215.40671 | M10: ='[1]0. ГИРА'!M10 -> 179.50559 | P10: ='[1]0. ГИРА'!P10 -> 0 | S10: ='[1]0. ГИРА'!S10 -> 0 | V10: ='[1]0. ГИРА'!V10 -> 0 | Y10: ='[1]0. ГИРА'!Y10 -> 0 | AB10: ='[1]0. ГИРА'!AB10 -> 0 | AE10: ='[1]0. ГИРА'!AE10 -> 0 | AH10: ='[1]0. ГИРА'!AH10 -> 0 | AK10: ='[1]0. ГИРА'!AK10 -> 0 | AN10: ='[1]0. ГИРА'!AN10 -> 0 | AQ10: ='[1]0. ГИРА'!AQ10 -> 0 | AT10: ='[1]0. ГИРА'!AT10 -> 0 | AW10: ='[1]0. ГИРА'!AW10 -> 0 | AZ10: ='[1]0. ГИРА'!AZ10 -> 0 | BC10: ='[1]0. ГИРА'!BC10 -> 0 | BF10: ='[1]0. ГИРА'!BF10 -> 0 | BI10: ='[1]0. ГИРА'!BI10 -> 0 | BL10: ='[1]0. ГИРА'!BL10 -> 0 | BO10: ='[1]0. ГИРА'!BO10 -> 0 | BR10: ='[1]0. ГИРА'!BR10 -> 0 | BU10: ='[1]0. ГИРА'!BU10 -> 0.043081342 | BX10: ='[1]0. ГИРА'!BX10 -> 0.045132834 | CA10: ='[1]0. ГИРА'!CA10 -> 0.047184327 | CD10: ='[1]0. ГИРА'!CD10 -> 0
A11: Номер счетчика | B11: 789 | C11: Экспл. Услуги от УК | F11: =E11-D11 -> 0 | G11: ='[1]0. ГИРА'!G12 -> 174.37686 | I11: =H11-G11 -> -174.37686 | J11: ='[1]0. ГИРА'!J12 -> 174.37686 | L11: =K11-J11 -> -174.37686 | M11: ='[1]0. ГИРА'!M12 -> 164.1194 | O11: =N11-M11 -> -164.1194 | P11: ='[1]0. ГИРА'!P12 -> 0 | R11: =Q11-P11 -> 0 | S11: ='[1]0. ГИРА'!S12 -> 0 | U11: =T11-S11 -> 0 | V11: ='[1]0. ГИРА'!V12 -> 0 | X11: =W11-T11 -> 0 | Y11: =Y12*T3 -> 0 | AA11: =Z11-W11 -> 0 | AB11: =AB12*W3 -> 0 | AD11: =AC11-Z11 -> 0 | AE11: =AE12*Z3 -> 0 | AG11: =AF11-AC11 -> 0 | AH11: =AH12*AC3 -> 0 | AJ11: =AI11-AF11 -> 0 | AK11: =AK12*AF3 -> 0 | AM11: =AL11-AI11 -> 0 | AN11: =AN12*AI3 -> 0 | AP11: =AO11-AL11 -> 0 | AQ11: =AQ12*AL3 -> 0 | AS11: =AR11-AO11 -> 0 | AT11: =AT12*AO3 -> 0 | AV11: =AU11-AR11 -> 0 | AW11: =AW12*AR3 -> 0 | AY11: =AX11-AU11 -> 0 | AZ11: =AZ12*AU3 -> 0 | BB11: =BA11-AX11 -> 0 | BC11: =BC12*AX3 -> 0 | BE11: =BD11-BA11 -> 0 | BF11: =BF12*BA3 -> 0 | BH11: =BG11-BD11 -> 0 | BI11: =BI12*BD3 -> 0 | BK11: =BJ11-BG11 -> 0 | BL11: =BL12*BG3 -> 0 | BN11: =BM11-BJ11 -> 0 | BO11: =BO12*BJ3 -> 0 | BQ11: =BP11-BM11 -> 0 | BR11: =BR12*BM3 -> 0 | BT11: =BS11-BP11 -> 0 | BU11: =BU12*BP3 -> 0 | BW11: =BV11-BS11 -> 0 | BX11: =BX12*BS3 -> 0 | BZ11: =BY11-BV11 -> 0 | CA11: =CA12*BV3 -> 0 | CC11: =CB11-BY11 -> 0 | CD11: =CD12*BY3 -> 0
C12: Экспл. Услуги от УК тариф | G12: ='[1]0. ГИРА'!G12 -> 174.37686 | J12: ='[1]0. ГИРА'!J12 -> 174.37686 | M12: ='[1]0. ГИРА'!M12 -> 164.1194 | P12: ='[1]0. ГИРА'!P12 -> 0 | S12: ='[1]0. ГИРА'!S12 -> 0 | V12: ='[1]0. ГИРА'!V12 -> 0 | Y12: ='[1]0. ГИРА'!Y12 -> 0 | AB12: ='[1]0. ГИРА'!AB12 -> 0 | AE12: ='[1]0. ГИРА'!AE12 -> 0 | AH12: ='[1]0. ГИРА'!AH12 -> 0 | AK12: ='[1]0. ГИРА'!AK12 -> 0 | AN12: ='[1]0. ГИРА'!AN12 -> 0 | AQ12: ='[1]0. ГИРА'!AQ12 -> 0 | AT12: ='[1]0. ГИРА'!AT12 -> 0 | AW12: ='[1]0. ГИРА'!AW12 -> 0 | AZ12: ='[1]0. ГИРА'!AZ12 -> 0 | BC12: ='[1]0. ГИРА'!BC12 -> 0 | BF12: ='[1]0. ГИРА'!BF12 -> 0 | BI12: ='[1]0. ГИРА'!BI12 -> 0 | BL12: ='[1]0. ГИРА'!BL12 -> 0 | BO12: ='[1]0. ГИРА'!BO12 -> 0 | BR12: ='[1]0. ГИРА'!BR12 -> 0 | BU12: ='[1]0. ГИРА'!BU12 -> 0.043081342 | BX12: ='[1]0. ГИРА'!BX12 -> 0.045132834 | CA12: ='[1]0. ГИРА'!CA12 -> 0.047184327 | CD12: ='[1]0. ГИРА'!CD12 -> 0

Sheet K100.0_1
A1: ИНН | B1: =[1]Реестр!D2 -> 444 | C1: Месяц | D1: 45962 | E1: 45992 | F1: Потребл. | G1: 45962 | H1: 46023 | I1: Потребл. | J1: 45992 | K1: 46054 | L1: Потребл. | M1: 46023 | N1: 46082 | O1: Потребл. | P1: 46054 | Q1: 46113 | R1: Потребл. | S1: 46082 | T1: 46143 | U1: Потребл. | V1: 46113 | W1: 46174 | X1: Потребл. | Y1: 46143 | Z1: 46204 | AA1: Потребл. | AB1: 46174 | AC1: 46235 | AD1: Потребл. | AE1: 46204 | AF1: 46266 | AG1: Потребл. | AH1: 46235 | AI1: 46296 | AJ1: Потребл. | AK1: 46266 | AL1: 46327 | AM1: Потребл. | AN1: 46296 | AO1: 46357 | AP1: Потребл. | AQ1: 46327 | AR1: 46388 | AS1: Потребл. | AT1: 46357 | AU1: 46419 | AV1: Потребл. | AW1: 46388 | AX1: 46447 | AY1: Потребл. | AZ1: 46419 | BA1: 46478 | BB1: Потребл. | BC1: 46447 | BD1: 46508 | BE1: Потребл. | BF1: 46478 | BG1: 46539 | BH1: Потребл. | BI1: 46508 | BJ1: 46569 | BK1: Потребл. | BL1: 46539 | BM1: 46600 | BN1: Потребл. | BO1: 46569 | BP1: 46631 | BQ1: Потребл. | BR1: 46600 | BS1: 46661 | BT1: Потребл. | BU1: 46631 | BV1: 46692 | BW1: Потребл. | BX1: 46661 | BY1: 46722 | BZ1: Потребл. | CA1: 46692 | CB1: 46753 | CC1: Потребл. | CD1: 46722
A2: Кадастр | B2: =[2]Реестр!B2 -> 1006:3090 | D2: знач. | E2: знач. | F2: знач. | G2: руб. | H2: знач. | I2: знач. | J2: руб. | K2: знач. | L2: знач. | M2: руб. | N2: знач. | O2: знач | P2: руб. | Q2: знач. | R2: знач. | S2: руб. | T2: знач. | U2: знач. | V2: руб. | W2: знач. | X2: знач. | Y2: руб. | Z2: знач. | AA2: знач. | AB2: руб. | AC2: знач. | AD2: знач. | AE2: руб. | AF2: знач. | AG2: знач. | AH2: руб. | AI2: знач. | AJ2: знач. | AK2: руб. | AL2: знач. | AM2: знач. | AN2: руб. | AO2: знач. | AP2: знач. | AQ2: руб. | AR2: знач. | AS2: знач. | AT2: руб. | AU2: знач. | AV2: знач. | AW2: руб. | AX2: знач. | AY2: знач. | AZ2: руб. | BA2: знач. | BB2: знач. | BC2: руб. | BD2: знач. | BE2: знач. | BF2: руб. | BG2: знач. | BH2: знач. | BI2: руб. | BJ2: знач. | BK2: знач. | BL2: руб. | BM2: знач. | BN2: знач. | BO2: руб. | BP2: знач. | BQ2: знач. | BR2: руб. | BS2: знач. | BT2: знач. | BU2: руб. | BV2: знач. | BW2: знач. | BX2: руб. | BY2: знач. | BZ2: знач. | CA2: руб. | CB2: знач. | CC2: знач. | CD2: руб.
A3: Арендатор | B3: =[2]Реестр!F2 -> Гареева А.В. | C3: Электричество | D3: 0 | E3: 0 | F3: =E3-D3 -> 0 | G3: =F3*G4 -> 0 | H3: 0 | I3: =H3-E3 -> 0 | J3: =I3*J4 -> 0 | K3: 0 | L3: =K3-H3 -> 0 | M3: =L3*M4 -> 0 | O3: =N3-K3 -> 0 | P3: =O3*P4 -> 0 | R3: =Q3-N3 -> 0 | S3: =R3*S4 -> #DIV/0! | U3: =T3-Q3 -> 0 | V3: =U3*V4 -> #DIV/0! | X3: =W3-T3 -> 0 | Y3: =X3*Y4 -> #DIV/0! | AA3: =Z3-W3 -> 0 | AB3: =AA3*AB4 -> #DIV/0! | AD3: =AC3-Z3 -> 0 | AE3: =AD3*AE4 -> #DIV/0! | AG3: =AF3-AC3 -> 0 | AH3: =AG3*AH4 -> #DIV/0! | AJ3: =AI3-AF3 -> 0 | AK3: =AJ3*AK4 -> #DIV/0! | AM3: =AL3-AI3 -> 0 | AN3: =AM3*AN4 -> #DIV/0! | AP3: =AO3-AL3 -> 0 | AQ3: =AP3*AQ4 -> #DIV/0! | AS3: =AR3-AO3 -> 0 | AT3: =AS3*AT4 -> #DIV/0! | AV3: =AU3-AR3 -> 0 | AW3: =AV3*AW4 -> #DIV/0! | AY3: =AX3-AU3 -> 0 | AZ3: =AY3*AZ4 -> #DIV/0! | BB3: =BA3-AX3 -> 0 | BC3: =BB3*BC4 -> #DIV/0! | BE3: =BD3-BA3 -> 0 | BF3: =BE3*BF4 -> #DIV/0! | BH3: =BG3-BD3 -> 0 | BI3: =BH3*BI4 -> #DIV/0! | BK3: =BJ3-BG3 -> 0 | BL3: =BK3*BL4 -> #DIV/0! | BN3: =BM3-BJ3 -> 0 | BO3: =BN3*BO4 -> #DIV/0! | BQ3: =BP3-BM3 -> 0 | BR3: =BQ3*BR4 -> #DIV/0! | BT3: =BS3-BP3 -> 0 | BU3: =BT3*BU4 -> #DIV/0! | BW3: =BV3-BS3 -> 0 | BX3: =BW3*BX4 -> #DIV/0! | BZ3: =BY3-BV3 -> 0 | CA3: =BZ3*CA4 -> #DIV/0! | CC3: =CB3-BY3 -> 0 | CD3: =CC3*CD4 -> 0
A4: Площадь | B4: =[2]Реестр!H2 -> 123.4 | C4: Электричество тариф | G4: ='[1]0. ГИРА'!G4 -> 6 | J4: ='[1]0. ГИРА'!J4 -> 6 | M4: ='[1]0. ГИРА'!M4 -> 6 | P4: ='[1]0. ГИРА'!P4 -> 0 | S4: ='[1]0. ГИРА'!S4 -> #DIV/0! | V4: ='[1]0. ГИРА'!V4 -> #DIV/0! | Y4: ='[1]0. ГИРА'!Y4 -> #DIV/0! | AB4: ='[1]0. ГИРА'!AB4 -> #DIV/0! | AE4: ='[1]0. ГИРА'!AE4 -> #DIV/0! | AH4: ='[1]0. ГИРА'!AH4 -> #DIV/0! | AK4: ='[1]0. ГИРА'!AK4 -> #DIV/0! | AN4: ='[1]0. ГИРА'!AN4 -> #DIV/0! | AQ4: ='[1]0. ГИРА'!AQ4 -> #DIV/0! | AT4: ='[1]0. ГИРА'!AT4 -> #DIV/0! | AW4: ='[1]0. ГИРА'!AW4 -> #DIV/0! | AZ4: ='[1]0. ГИРА'!AZ4 -> #DIV/0! | BC4: ='[1]0. ГИРА'!BC4 -> #DIV/0! | BF4: ='[1]0. ГИРА'!BF4 -> #DIV/0! | BI4: ='[1]0. ГИРА'!BI4 -> #DIV/0! | BL4: ='[1]0. ГИРА'!BL4 -> #DIV/0! | BO4: ='[1]0. ГИРА'!BO4 -> #DIV/0! | BR4: ='[1]0. ГИРА'!BR4 -> #DIV/0! | BU4: ='[1]0. ГИРА'!BU4 -> #DIV/0! | BX4: ='[1]0. ГИРА'!BX4 -> #DIV/0! | CA4: ='[1]0. ГИРА'!CA4 -> #DIV/0! | CD4: ='[1]0. ГИРА'!CD4 -> 0
C5: Водоканал холодная вода | D5: 0 | E5: 0 | F5: =E5-D5 -> 0 | H5: 0 | I5: =H5-E5 -> 0 | J5: =I5*J6 -> 0 | K5: 0 | L5: =K5-H5 -> 0 | M5: =L5*M6 -> 0 | O5: =N5-K5 -> 0 | R5: =Q5-N5 -> 0 | U5: =T5-Q5 -> 0 | X5: =W5-T5 -> 0 | AA5: =Z5-W5 -> 0 | AD5: =AC5-Z5 -> 0 | AG5: =AF5-AC5 -> 0 | AJ5: =AI5-AF5 -> 0 | AM5: =AL5-AI5 -> 0 | AP5: =AO5-AL5 -> 0 | AS5: =AR5-AO5 -> 0 | AV5: =AU5-AR5 -> 0 | AY5: =AX5-AU5 -> 0 | BB5: =BA5-AX5 -> 0 | BE5: =BD5-BA5 -> 0 | BH5: =BG5-BD5 -> 0 | BK5: =BJ5-BG5 -> 0 | BN5: =BM5-BJ5 -> 0 | BQ5: =BP5-BM5 -> 0 | BT5: =BS5-BP5 -> 0 | BW5: =BV5-BS5 -> 0 | BZ5: =BY5-BV5 -> 0 | CC5: =CB5-BY5 -> 0
A6: Имя 1 | B6: =[1]Реестр!M2 -> Альфия | C6: Водоканал холодная Тариф | G6: ='[1]0. ГИРА'!G6 -> 60 | J6: ='[1]0. ГИРА'!J6 -> 60 | M6: ='[1]0. ГИРА'!M6 -> 60 | P6: ='[1]0. ГИРА'!P6 -> 0 | S6: ='[1]0. ГИРА'!S6 -> #DIV/0! | V6: ='[1]0. ГИРА'!V6 -> #DIV/0! | Y6: ='[1]0. ГИРА'!Y6 -> #DIV/0! | AB6: ='[1]0. ГИРА'!AB6 -> #DIV/0! | AE6: ='[1]0. ГИРА'!AE6 -> #DIV/0! | AH6: ='[1]0. ГИРА'!AH6 -> #DIV/0! | AK6: ='[1]0. ГИРА'!AK6 -> #DIV/0! | AN6: ='[1]0. ГИРА'!AN6 -> #DIV/0! | AQ6: ='[1]0. ГИРА'!AQ6 -> #DIV/0! | AT6: ='[1]0. ГИРА'!AT6 -> #DIV/0! | AW6: ='[1]0. ГИРА'!AW6 -> #DIV/0! | AZ6: ='[1]0. ГИРА'!AZ6 -> #DIV/0! | BC6: ='[1]0. ГИРА'!BC6 -> #DIV/0! | BF6: ='[1]0. ГИРА'!BF6 -> #DIV/0! | BI6: ='[1]0. ГИРА'!BI6 -> #DIV/0! | BL6: ='[1]0. ГИРА'!BL6 -> #DIV/0! | BO6: ='[1]0. ГИРА'!BO6 -> #DIV/0! | BR6: ='[1]0. ГИРА'!BR6 -> #DIV/0! | BU6: ='[1]0. ГИРА'!BU6 -> #DIV/0! | BX6: ='[1]0. ГИРА'!BX6 -> #DIV/0! | CA6: ='[1]0. ГИРА'!CA6 -> #DIV/0! | CD6: ='[1]0. ГИРА'!CD6 -> 0
A7: Контакт 1 | B7: =[1]Реестр!N2 -> 89503228511 | C7: Водоканал горячая вода | D7: 0 | E7: 0 | F7: =E7-D7 -> 0 | G7: =G8*F7 -> 0 | H7: 0 | I7: =H7-E7 -> 0 | J7: =J8*I7 -> 0 | K7: 0 | L7: =K7-H7 -> 0 | M7: =M8*L7 -> 0 | O7: =N7-K7 -> 0 | P7: =P8*O7 -> 0 | R7: =Q7-N7 -> 0 | S7: =S8*R7 -> #DIV/0! | U7: =T7-Q7 -> 0 | V7: =V8*U7 -> #DIV/0! | X7: =W7-T7 -> 0 | Y7: =Y8*X7 -> #DIV/0! | AA7: =Z7-W7 -> 0 | AB7: =AB8*AA7 -> #DIV/0! | AD7: =AC7-Z7 -> 0 | AE7: =AE8*AD7 -> #DIV/0! | AG7: =AF7-AC7 -> 0 | AH7: =AH8*AG7 -> #DIV/0! | AJ7: =AI7-AF7 -> 0 | AK7: =AK8*AJ7 -> #DIV/0! | AM7: =AL7-AI7 -> 0 | AN7: =AN8*AM7 -> #DIV/0! | AP7: =AO7-AL7 -> 0 | AQ7: =AQ8*AP7 -> #DIV/0! | AS7: =AR7-AO7 -> 0 | AT7: =AT8*AS7 -> #DIV/0! | AV7: =AU7-AR7 -> 0 | AW7: =AW8*AV7 -> #DIV/0! | AY7: =AX7-AU7 -> 0 | AZ7: =AZ8*AY7 -> #DIV/0! | BB7: =BA7-AX7 -> 0 | BC7: =BC8*BB7 -> #DIV/0! | BE7: =BD7-BA7 -> 0 | BF7: =BF8*BE7 -> #DIV/0! | BH7: =BG7-BD7 -> 0 | BI7: =BI8*BH7 -> #DIV/0! | BK7: =BJ7-BG7 -> 0 | BL7: =BL8*BK7 -> #DIV/0! | BN7: =BM7-BJ7 -> 0 | BO7: =BO8*BN7 -> #DIV/0! | BQ7: =BP7-BM7 -> 0 | BR7: =BR8*BQ7 -> #DIV/0! | BT7: =BS7-BP7 -> 0 | BU7: =BU8*BT7 -> #DIV/0! | BW7: =BV7-BS7 -> 0 | BX7: =BX8*BW7 -> #DIV/0! | BZ7: =BY7-BV7 -> 0 | CA7: =CA8*BZ7 -> #DIV/0! | CC7: =CB7-BY7 -> 0 | CD7: =CD8*CC7 -> 0
A8: Имя 2 | B8: =[1]Реестр!O2 -> Карина | C8: Водоканал горячая Тариф | G8: ='[1]0. ГИРА'!G8 -> 300 | J8: ='[1]0. ГИРА'!J8 -> 300 | M8: ='[1]0. ГИРА'!M8 -> 300 | P8: ='[1]0. ГИРА'!P8 -> 0 | S8: ='[1]0. ГИРА'!S8 -> #DIV/0! | V8: ='[1]0. ГИРА'!V8 -> #DIV/0! | Y8: ='[1]0. ГИРА'!Y8 -> #DIV/0! | AB8: ='[1]0. ГИРА'!AB8 -> #DIV/0! | AE8: ='[1]0. ГИРА'!AE8 -> #DIV/0! | AH8: ='[1]0. ГИРА'!AH8 -> #DIV/0! | AK8: ='[1]0. ГИРА'!AK8 -> #DIV/0! | AN8: ='[1]0. ГИРА'!AN8 -> #DIV/0! | AQ8: ='[1]0. ГИРА'!AQ8 -> #DIV/0! | AT8: ='[1]0. ГИРА'!AT8 -> #DIV/0! | AW8: ='[1]0. ГИРА'!AW8 -> #DIV/0! | AZ8: ='[1]0. ГИРА'!AZ8 -> #DIV/0! | BC8: ='[1]0. ГИРА'!BC8 -> #DIV/0! | BF8: ='[1]0. ГИРА'!BF8 -> #DIV/0! | BI8: ='[1]0. ГИРА'!BI8 -> #DIV/0! | BL8: ='[1]0. ГИРА'!BL8 -> #DIV/0! | BO8: ='[1]0. ГИРА'!BO8 -> #DIV/0! | BR8: ='[1]0. ГИРА'!BR8 -> #DIV/0! | BU8: ='[1]0. ГИРА'!BU8 -> #DIV/0! | BX8: ='[1]0. ГИРА'!BX8 -> #DIV/0! | CA8: ='[1]0. ГИРА'!CA8 -> #DIV/0! | CD8: ='[1]0. ГИРА'!CD8 -> 0
A9: Контакт 2 | B9: =[1]Реестр!P2 -> 89372840305 | C9: Тепло | F9: =E9-D9 -> 0 | G9: =G10*B4 -> 22150.99 | I9: =H9-E9 -> 0 | J9: =J10*E3 -> 0 | L9: =K9-H9 -> 0 | M9: =M10*$B4 -> 22150.99 | O9: =N9-K9 -> 0 | P9: =P10*K3 -> 0 | R9: =Q9-N9 -> 0 | S9: =S10*N3 -> 0 | U9: =T9-Q9 -> 0 | V9: =V10*Q3 -> 0 | X9: =W9-T9 -> 0 | Y9: =Y10*T3 -> 0 | AA9: =Z9-W9 -> 0 | AB9: =AB10*W3 -> 0 | AD9: =AC9-Z9 -> 0 | AE9: =AE10*Z3 -> 0 | AG9: =AF9-AC9 -> 0 | AH9: =AH10*AC3 -> 0 | AJ9: =AI9-AF9 -> 0 | AK9: =AK10*AF3 -> 0 | AM9: =AL9-AI9 -> 0 | AN9: =AN10*AI3 -> 0 | AP9: =AO9-AL9 -> 0 | AQ9: =AQ10*AL3 -> 0 | AS9: =AR9-AO9 -> 0 | AT9: =AT10*AO3 -> 0 | AV9: =AU9-AR9 -> 0 | AW9: =AW10*AR3 -> 0 | AY9: =AX9-AU9 -> 0 | AZ9: =AZ10*AU3 -> 0 | BB9: =BA9-AX9 -> 0 | BC9: =BC10*AX3 -> 0 | BE9: =BD9-BA9 -> 0 | BF9: =BF10*BA3 -> 0 | BH9: =BG9-BD9 -> 0 | BI9: =BI10*BD3 -> 0 | BK9: =BJ9-BG9 -> 0 | BL9: =BL10*BG3 -> 0 | BN9: =BM9-BJ9 -> 0 | BO9: =BO10*BJ3 -> 0 | BQ9: =BP9-BM9 -> 0 | BR9: =BR10*BM3 -> 0 | BT9: =BS9-BP9 -> 0 | BU9: =BU10*BP3 -> 0 | BW9: =BV9-BS9 -> 0 | BX9: =BX10*BS3 -> 0 | BZ9: =BY9-BV9 -> 0 | CA9: =CA10*BV3 -> 0 | CC9: =CB9-BY9 -> 0 | CD9: =CD10*BY3 -> 0
C10: Тепло тариф | G10: ='[1]0. ГИРА'!G10 -> 179.50559 | J10: ='[1]0. ГИРА'!J10 -> 215.40671 | M10: ='[1]0. ГИРА'!M10 -> 179.50559 | P10: ='[1]0. ГИРА'!P10 -> 0 | S10: ='[1]0. ГИРА'!S10 -> 0 | V10: ='[1]0. ГИРА'!V10 -> 0 | Y10: ='[1]0. ГИРА'!Y10 -> 0 | AB10: ='[1]0. ГИРА'!AB10 -> 0 | AE10: ='[1]0. ГИРА'!AE10 -> 0 | AH10: ='[1]0. ГИРА'!AH10 -> 0 | AK10: ='[1]0. ГИРА'!AK10 -> 0 | AN10: ='[1]0. ГИРА'!AN10 -> 0 | AQ10: ='[1]0. ГИРА'!AQ10 -> 0 | AT10: ='[1]0. ГИРА'!AT10 -> 0 | AW10: ='[1]0. ГИРА'!AW10 -> 0 | AZ10: ='[1]0. ГИРА'!AZ10 -> 0 | BC10: ='[1]0. ГИРА'!BC10 -> 0 | BF10: ='[1]0. ГИРА'!BF10 -> 0 | BI10: ='[1]0. ГИРА'!BI10 -> 0 | BL10: ='[1]0. ГИРА'!BL10 -> 0 | BO10: ='[1]0. ГИРА'!BO10 -> 0 | BR10: ='[1]0. ГИРА'!BR10 -> 0 | BU10: ='[1]0. ГИРА'!BU10 -> 0.043081342 | BX10: ='[1]0. ГИРА'!BX10 -> 0.045132834 | CA10: ='[1]0. ГИРА'!CA10 -> 0.047184327 | CD10: ='[1]0. ГИРА'!CD10 -> 0
A11: Номер счетчика | C11: Экспл. Услуги от УК | F11: =E11-D11 -> 0 | G11: ='[1]0. ГИРА'!G12 -> 174.37686 | I11: =H11-G11 -> -174.37686 | J11: ='[1]0. ГИРА'!J12 -> 174.37686 | L11: =K11-J11 -> -174.37686 | M11: ='[1]0. ГИРА'!M12 -> 164.1194 | O11: =N11-M11 -> -164.1194 | P11: ='[1]0. ГИРА'!P12 -> 0 | R11: =Q11-P11 -> 0 | S11: ='[1]0. ГИРА'!S12 -> 0 | U11: =T11-S11 -> 0 | V11: ='[1]0. ГИРА'!V12 -> 0 | X11: =W11-T11 -> 0 | Y11: =Y12*T3 -> 0 | AA11: =Z11-W11 -> 0 | AB11: =AB12*W3 -> 0 | AD11: =AC11-Z11 -> 0 | AE11: =AE12*Z3 -> 0 | AG11: =AF11-AC11 -> 0 | AH11: =AH12*AC3 -> 0 | AJ11: =AI11-AF11 -> 0 | AK11: =AK12*AF3 -> 0 | AM11: =AL11-AI11 -> 0 | AN11: =AN12*AI3 -> 0 | AP11: =AO11-AL11 -> 0 | AQ11: =AQ12*AL3 -> 0 | AS11: =AR11-AO11 -> 0 | AT11: =AT12*AO3 -> 0 | AV11: =AU11-AR11 -> 0 | AW11: =AW12*AR3 -> 0 | AY11: =AX11-AU11 -> 0 | AZ11: =AZ12*AU3 -> 0 | BB11: =BA11-AX11 -> 0 | BC11: =BC12*AX3 -> 0 | BE11: =BD11-BA11 -> 0 | BF11: =BF12*BA3 -> 0 | BH11: =BG11-BD11 -> 0 | BI11: =BI12*BD3 -> 0 | BK11: =BJ11-BG11 -> 0 | BL11: =BL12*BG3 -> 0 | BN11: =BM11-BJ11 -> 0 | BO11: =BO12*BJ3 -> 0 | BQ11: =BP11-BM11 -> 0 | BR11: =BR12*BM3 -> 0 | BT11: =BS11-BP11 -> 0 | BU11: =BU12*BP3 -> 0 | BW11: =BV11-BS11 -> 0 | BX11: =BX12*BS3 -> 0 | BZ11: =BY11-BV11 -> 0 | CA11: =CA12*BV3 -> 0 | CC11: =CB11-BY11 -> 0 | CD11: =CD12*BY3 -> 0
C12: Экспл. Услуги от УК тариф | G12: ='[1]0. ГИРА'!G12 -> 174.37686 | J12: ='[1]0. ГИРА'!J12 -> 174.37686 | M12: ='[1]0. ГИРА'!M12 -> 164.1194 | P12: ='[1]0. ГИРА'!P12 -> 0 | S12: ='[1]0. ГИРА'!S12 -> 0 | V12: ='[1]0. ГИРА'!V12 -> 0 | Y12: ='[1]0. ГИРА'!Y12 -> 0 | AB12: ='[1]0. ГИРА'!AB12 -> 0 | AE12: ='[1]0. ГИРА'!AE12 -> 0 | AH12: ='[1]0. ГИРА'!AH12 -> 0 | AK12: ='[1]0. ГИРА'!AK12 -> 0 | AN12: ='[1]0. ГИРА'!AN12 -> 0 | AQ12: ='[1]0. ГИРА'!AQ12 -> 0 | AT12: ='[1]0. ГИРА'!AT12 -> 0 | AW12: ='[1]0. ГИРА'!AW12 -> 0 | AZ12: ='[1]0. ГИРА'!AZ12 -> 0 | BC12: ='[1]0. ГИРА'!BC12 -> 0 | BF12: ='[1]0. ГИРА'!BF12 -> 0 | BI12: ='[1]0. ГИРА'!BI12 -> 0 | BL12: ='[1]0. ГИРА'!BL12 -> 0 | BO12: ='[1]0. ГИРА'!BO12 -> 0 | BR12: ='[1]0. ГИРА'!BR12 -> 0 | BU12: ='[1]0. ГИРА'!BU12 -> 0.043081342 | BX12: ='[1]0. ГИРА'!BX12 -> 0.045132834 | CA12: ='[1]0. ГИРА'!CA12 -> 0.047184327 | CD12: ='[1]0. ГИРА'!CD12 -> 0

Sheet K100.0_2
A1: ИНН | B1: =[1]Реестр!D2 -> 444 | C1: Месяц | D1: 45962 | E1: 45992 | F1: Потребл. | G1: 45962 | H1: 46023 | I1: Потребл. | J1: 45992 | K1: 46054 | L1: Потребл. | M1: 46023 | N1: 46082 | O1: Потребл. | P1: 46054 | Q1: 46113 | R1: Потребл. | S1: 46082 | T1: 46143 | U1: Потребл. | V1: 46113 | W1: 46174 | X1: Потребл. | Y1: 46143 | Z1: 46204 | AA1: Потребл. | AB1: 46174 | AC1: 46235 | AD1: Потребл. | AE1: 46204 | AF1: 46266 | AG1: Потребл. | AH1: 46235 | AI1: 46296 | AJ1: Потребл. | AK1: 46266 | AL1: 46327 | AM1: Потребл. | AN1: 46296 | AO1: 46357 | AP1: Потребл. | AQ1: 46327 | AR1: 46388 | AS1: Потребл. | AT1: 46357 | AU1: 46419 | AV1: Потребл. | AW1: 46388 | AX1: 46447 | AY1: Потребл. | AZ1: 46419 | BA1: 46478 | BB1: Потребл. | BC1: 46447 | BD1: 46508 | BE1: Потребл. | BF1: 46478 | BG1: 46539 | BH1: Потребл. | BI1: 46508 | BJ1: 46569 | BK1: Потребл. | BL1: 46539 | BM1: 46600 | BN1: Потребл. | BO1: 46569 | BP1: 46631 | BQ1: Потребл. | BR1: 46600 | BS1: 46661 | BT1: Потребл. | BU1: 46631 | BV1: 46692 | BW1: Потребл. | BX1: 46661 | BY1: 46722 | BZ1: Потребл. | CA1: 46692 | CB1: 46753 | CC1: Потребл. | CD1: 46722
A2: Кадастр | B2: =[2]Реестр!B2 -> 1006:3090 | D2: знач. | E2: знач. | F2: знач. | G2: руб. | H2: знач. | I2: знач. | J2: руб. | K2: знач. | L2: знач. | M2: руб. | N2: знач. | O2: знач | P2: руб. | Q2: знач. | R2: знач. | S2: руб. | T2: знач. | U2: знач. | V2: руб. | W2: знач. | X2: знач. | Y2: руб. | Z2: знач. | AA2: знач. | AB2: руб. | AC2: знач. | AD2: знач. | AE2: руб. | AF2: знач. | AG2: знач. | AH2: руб. | AI2: знач. | AJ2: знач. | AK2: руб. | AL2: знач. | AM2: знач. | AN2: руб. | AO2: знач. | AP2: знач. | AQ2: руб. | AR2: знач. | AS2: знач. | AT2: руб. | AU2: знач. | AV2: знач. | AW2: руб. | AX2: знач. | AY2: знач. | AZ2: руб. | BA2: знач. | BB2: знач. | BC2: руб. | BD2: знач. | BE2: знач. | BF2: руб. | BG2: знач. | BH2: знач. | BI2: руб. | BJ2: знач. | BK2: знач. | BL2: руб. | BM2: знач. | BN2: знач. | BO2: руб. | BP2: знач. | BQ2: знач. | BR2: руб. | BS2: знач. | BT2: знач. | BU2: руб. | BV2: знач. | BW2: знач. | BX2: руб. | BY2: знач. | BZ2: знач. | CA2: руб. | CB2: знач. | CC2: знач. | CD2: руб.
A3: Арендатор | B3: =[2]Реестр!F2 -> Гареева А.В. | C3: Электричество | D3: 0 | E3: 0 | F3: =E3-D3 -> 0 | G3: =F3*G4 -> 0 | H3: 0 | I3: =H3-E3 -> 0 | J3: =I3*J4 -> 0 | K3: 0 | L3: =K3-H3 -> 0 | M3: =L3*M4 -> 0 | O3: =N3-K3 -> 0 | P3: =O3*P4 -> 0 | R3: =Q3-N3 -> 0 | S3: =R3*S4 -> #DIV/0! | U3: =T3-Q3 -> 0 | V3: =U3*V4 -> #DIV/0! | X3: =W3-T3 -> 0 | Y3: =X3*Y4 -> #DIV/0! | AA3: =Z3-W3 -> 0 | AB3: =AA3*AB4 -> #DIV/0! | AD3: =AC3-Z3 -> 0 | AE3: =AD3*AE4 -> #DIV/0! | AG3: =AF3-AC3 -> 0 | AH3: =AG3*AH4 -> #DIV/0! | AJ3: =AI3-AF3 -> 0 | AK3: =AJ3*AK4 -> #DIV/0! | AM3: =AL3-AI3 -> 0 | AN3: =AM3*AN4 -> #DIV/0! | AP3: =AO3-AL3 -> 0 | AQ3: =AP3*AQ4 -> #DIV/0! | AS3: =AR3-AO3 -> 0 | AT3: =AS3*AT4 -> #DIV/0! | AV3: =AU3-AR3 -> 0 | AW3: =AV3*AW4 -> #DIV/0! | AY3: =AX3-AU3 -> 0 | AZ3: =AY3*AZ4 -> #DIV/0! | BB3: =BA3-AX3 -> 0 | BC3: =BB3*BC4 -> #DIV/0! | BE3: =BD3-BA3 -> 0 | BF3: =BE3*BF4 -> #DIV/0! | BH3: =BG3-BD3 -> 0 | BI3: =BH3*BI4 -> #DIV/0! | BK3: =BJ3-BG3 -> 0 | BL3: =BK3*BL4 -> #DIV/0! | BN3: =BM3-BJ3 -> 0 | BO3: =BN3*BO4 -> #DIV/0! | BQ3: =BP3-BM3 -> 0 | BR3: =BQ3*BR4 -> #DIV/0! | BT3: =BS3-BP3 -> 0 | BU3: =BT3*BU4 -> #DIV/0! | BW3: =BV3-BS3 -> 0 | BX3: =BW3*BX4 -> #DIV/0! | BZ3: =BY3-BV3 -> 0 | CA3: =BZ3*CA4 -> #DIV/0! | CC3: =CB3-BY3 -> 0 | CD3: =CC3*CD4 -> 0
A4: Площадь | B4: =[2]Реестр!H2 -> 123.4 | C4: Электричество тариф | G4: ='[1]0. ГИРА'!G4 -> 6 | J4: ='[1]0. ГИРА'!J4 -> 6 | M4: ='[1]0. ГИРА'!M4 -> 6 | P4: ='[1]0. ГИРА'!P4 -> 0 | S4: ='[1]0. ГИРА'!S4 -> #DIV/0! | V4: ='[1]0. ГИРА'!V4 -> #DIV/0! | Y4: ='[1]0. ГИРА'!Y4 -> #DIV/0! | AB4: ='[1]0. ГИРА'!AB4 -> #DIV/0! | AE4: ='[1]0. ГИРА'!AE4 -> #DIV/0! | AH4: ='[1]0. ГИРА'!AH4 -> #DIV/0! | AK4: ='[1]0. ГИРА'!AK4 -> #DIV/0! | AN4: ='[1]0. ГИРА'!AN4 -> #DIV/0! | AQ4: ='[1]0. ГИРА'!AQ4 -> #DIV/0! | AT4: ='[1]0. ГИРА'!AT4 -> #DIV/0! | AW4: ='[1]0. ГИРА'!AW4 -> #DIV/0! | AZ4: ='[1]0. ГИРА'!AZ4 -> #DIV/0! | BC4: ='[1]0. ГИРА'!BC4 -> #DIV/0! | BF4: ='[1]0. ГИРА'!BF4 -> #DIV/0! | BI4: ='[1]0. ГИРА'!BI4 -> #DIV/0! | BL4: ='[1]0. ГИРА'!BL4 -> #DIV/0! | BO4: ='[1]0. ГИРА'!BO4 -> #DIV/0! | BR4: ='[1]0. ГИРА'!BR4 -> #DIV/0! | BU4: ='[1]0. ГИРА'!BU4 -> #DIV/0! | BX4: ='[1]0. ГИРА'!BX4 -> #DIV/0! | CA4: ='[1]0. ГИРА'!CA4 -> #DIV/0! | CD4: ='[1]0. ГИРА'!CD4 -> 0
C5: Водоканал холодная вода | D5: 0 | E5: 0 | F5: =E5-D5 -> 0 | H5: 0 | I5: =H5-E5 -> 0 | J5: =I5*J6 -> 0 | K5: 0 | L5: =K5-H5 -> 0 | M5: =L5*M6 -> 0 | O5: =N5-K5 -> 0 | R5: =Q5-N5 -> 0 | U5: =T5-Q5 -> 0 | X5: =W5-T5 -> 0 | AA5: =Z5-W5 -> 0 | AD5: =AC5-Z5 -> 0 | AG5: =AF5-AC5 -> 0 | AJ5: =AI5-AF5 -> 0 | AM5: =AL5-AI5 -> 0 | AP5: =AO5-AL5 -> 0 | AS5: =AR5-AO5 -> 0 | AV5: =AU5-AR5 -> 0 | AY5: =AX5-AU5 -> 0 | BB5: =BA5-AX5 -> 0 | BE5: =BD5-BA5 -> 0 | BH5: =BG5-BD5 -> 0 | BK5: =BJ5-BG5 -> 0 | BN5: =BM5-BJ5 -> 0 | BQ5: =BP5-BM5 -> 0 | BT5: =BS5-BP5 -> 0 | BW5: =BV5-BS5 -> 0 | BZ5: =BY5-BV5 -> 0 | CC5: =CB5-BY5 -> 0
A6: Имя 1 | B6: =[1]Реестр!M2 -> Альфия | C6: Водоканал холодная Тариф | G6: ='[1]0. ГИРА'!G6 -> 60 | J6: ='[1]0. ГИРА'!J6 -> 60 | M6: ='[1]0. ГИРА'!M6 -> 60 | P6: ='[1]0. ГИРА'!P6 -> 0 | S6: ='[1]0. ГИРА'!S6 -> #DIV/0! | V6: ='[1]0. ГИРА'!V6 -> #DIV/0! | Y6: ='[1]0. ГИРА'!Y6 -> #DIV/0! | AB6: ='[1]0. ГИРА'!AB6 -> #DIV/0! | AE6: ='[1]0. ГИРА'!AE6 -> #DIV/0! | AH6: ='[1]0. ГИРА'!AH6 -> #DIV/0! | AK6: ='[1]0. ГИРА'!AK6 -> #DIV/0! | AN6: ='[1]0. ГИРА'!AN6 -> #DIV/0! | AQ6: ='[1]0. ГИРА'!AQ6 -> #DIV/0! | AT6: ='[1]0. ГИРА'!AT6 -> #DIV/0! | AW6: ='[1]0. ГИРА'!AW6 -> #DIV/0! | AZ6: ='[1]0. ГИРА'!AZ6 -> #DIV/0! | BC6: ='[1]0. ГИРА'!BC6 -> #DIV/0! | BF6: ='[1]0. ГИРА'!BF6 -> #DIV/0! | BI6: ='[1]0. ГИРА'!BI6 -> #DIV/0! | BL6: ='[1]0. ГИРА'!BL6 -> #DIV/0! | BO6: ='[1]0. ГИРА'!BO6 -> #DIV/0! | BR6: ='[1]0. ГИРА'!BR6 -> #DIV/0! | BU6: ='[1]0. ГИРА'!BU6 -> #DIV/0! | BX6: ='[1]0. ГИРА'!BX6 -> #DIV/0! | CA6: ='[1]0. ГИРА'!CA6 -> #DIV/0! | CD6: ='[1]0. ГИРА'!CD6 -> 0
A7: Контакт 1 | B7: =[1]Реестр!N2 -> 89503228511 | C7: Водоканал горячая вода | D7: 0 | E7: 0 | F7: =E7-D7 -> 0 | G7: =G8*F7 -> 0 | H7: 0 | I7: =H7-E7 -> 0 | J7: =J8*I7 -> 0 | K7: 0 | L7: =K7-H7 -> 0 | M7: =M8*L7 -> 0 | O7: =N7-K7 -> 0 | P7: =P8*O7 -> 0 | R7: =Q7-N7 -> 0 | S7: =S8*R7 -> #DIV/0! | U7: =T7-Q7 -> 0 | V7: =V8*U7 -> #DIV/0! | X7: =W7-T7 -> 0 | Y7: =Y8*X7 -> #DIV/0! | AA7: =Z7-W7 -> 0 | AB7: =AB8*AA7 -> #DIV/0! | AD7: =AC7-Z7 -> 0 | AE7: =AE8*AD7 -> #DIV/0! | AG7: =AF7-AC7 -> 0 | AH7: =AH8*AG7 -> #DIV/0! | AJ7: =AI7-AF7 -> 0 | AK7: =AK8*AJ7 -> #DIV/0! | AM7: =AL7-AI7 -> 0 | AN7: =AN8*AM7 -> #DIV/0! | AP7: =AO7-AL7 -> 0 | AQ7: =AQ8*AP7 -> #DIV/0! | AS7: =AR7-AO7 -> 0 | AT7: =AT8*AS7 -> #DIV/0! | AV7: =AU7-AR7 -> 0 | AW7: =AW8*AV7 -> #DIV/0! | AY7: =AX7-AU7 -> 0 | AZ7: =AZ8*AY7 -> #DIV/0! | BB7: =BA7-AX7 -> 0 | BC7: =BC8*BB7 -> #DIV/0! | BE7: =BD7-BA7 -> 0 | BF7: =BF8*BE7 -> #DIV/0! | BH7: =BG7-BD7 -> 0 | BI7: =BI8*BH7 -> #DIV/0! | BK7: =BJ7-BG7 -> 0 | BL7: =BL8*BK7 -> #DIV/0! | BN7: =BM7-BJ7 -> 0 | BO7: =BO8*BN7 -> #DIV/0! | BQ7: =BP7-BM7 -> 0 | BR7: =BR8*BQ7 -> #DIV/0! | BT7: =BS7-BP7 -> 0 | BU7: =BU8*BT7 -> #DIV/0! | BW7: =BV7-BS7 -> 0 | BX7: =BX8*BW7 -> #DIV/0! | BZ7: =BY7-BV7 -> 0 | CA7: =CA8*BZ7 -> #DIV/0! | CC7: =CB7-BY7 -> 0 | CD7: =CD8*CC7 -> 0
A8: Имя 2 | B8: =[1]Реестр!O2 -> Карина | C8: Водоканал горячая Тариф | G8: ='[1]0. ГИРА'!G8 -> 300 | J8: ='[1]0. ГИРА'!J8 -> 300 | M8: ='[1]0. ГИРА'!M8 -> 300 | P8: ='[1]0. ГИРА'!P8 -> 0 | S8: ='[1]0. ГИРА'!S8 -> #DIV/0! | V8: ='[1]0. ГИРА'!V8 -> #DIV/0! | Y8: ='[1]0. ГИРА'!Y8 -> #DIV/0! | AB8: ='[1]0. ГИРА'!AB8 -> #DIV/0! | AE8: ='[1]0. ГИРА'!AE8 -> #DIV/0! | AH8: ='[1]0. ГИРА'!AH8 -> #DIV/0! | AK8: ='[1]0. ГИРА'!AK8 -> #DIV/0! | AN8: ='[1]0. ГИРА'!AN8 -> #DIV/0! | AQ8: ='[1]0. ГИРА'!AQ8 -> #DIV/0! | AT8: ='[1]0. ГИРА'!AT8 -> #DIV/0! | AW8: ='[1]0. ГИРА'!AW8 -> #DIV/0! | AZ8: ='[1]0. ГИРА'!AZ8 -> #DIV/0! | BC8: ='[1]0. ГИРА'!BC8 -> #DIV/0! | BF8: ='[1]0. ГИРА'!BF8 -> #DIV/0! | BI8: ='[1]0. ГИРА'!BI8 -> #DIV/0! | BL8: ='[1]0. ГИРА'!BL8 -> #DIV/0! | BO8: ='[1]0. ГИРА'!BO8 -> #DIV/0! | BR8: ='[1]0. ГИРА'!BR8 -> #DIV/0! | BU8: ='[1]0. ГИРА'!BU8 -> #DIV/0! | BX8: ='[1]0. ГИРА'!BX8 -> #DIV/0! | CA8: ='[1]0. ГИРА'!CA8 -> #DIV/0! | CD8: ='[1]0. ГИРА'!CD8 -> 0
A9: Контакт 2 | B9: =[1]Реестр!P2 -> 89372840305 | C9: Тепло | F9: =E9-D9 -> 0 | G9: =G10*B4 -> 22150.99 | I9: =H9-E9 -> 0 | J9: =J10*E3 -> 0 | L9: =K9-H9 -> 0 | M9: =M10*$B4 -> 22150.99 | O9: =N9-K9 -> 0 | P9: =P10*K3 -> 0 | R9: =Q9-N9 -> 0 | S9: =S10*N3 -> 0 | U9: =T9-Q9 -> 0 | V9: =V10*Q3 -> 0 | X9: =W9-T9 -> 0 | Y9: =Y10*T3 -> 0 | AA9: =Z9-W9 -> 0 | AB9: =AB10*W3 -> 0 | AD9: =AC9-Z9 -> 0 | AE9: =AE10*Z3 -> 0 | AG9: =AF9-AC9 -> 0 | AH9: =AH10*AC3 -> 0 | AJ9: =AI9-AF9 -> 0 | AK9: =AK10*AF3 -> 0 | AM9: =AL9-AI9 -> 0 | AN9: =AN10*AI3 -> 0 | AP9: =AO9-AL9 -> 0 | AQ9: =AQ10*AL3 -> 0 | AS9: =AR9-AO9 -> 0 | AT9: =AT10*AO3 -> 0 | AV9: =AU9-AR9 -> 0 | AW9: =AW10*AR3 -> 0 | AY9: =AX9-AU9 -> 0 | AZ9: =AZ10*AU3 -> 0 | BB9: =BA9-AX9 -> 0 | BC9: =BC10*AX3 -> 0 | BE9: =BD9-BA9 -> 0 | BF9: =BF10*BA3 -> 0 | BH9: =BG9-BD9 -> 0 | BI9: =BI10*BD3 -> 0 | BK9: =BJ9-BG9 -> 0 | BL9: =BL10*BG3 -> 0 | BN9: =BM9-BJ9 -> 0 | BO9: =BO10*BJ3 -> 0 | BQ9: =BP9-BM9 -> 0 | BR9: =BR10*BM3 -> 0 | BT9: =BS9-BP9 -> 0 | BU9: =BU10*BP3 -> 0 | BW9: =BV9-BS9 -> 0 | BX9: =BX10*BS3 -> 0 | BZ9: =BY9-BV9 -> 0 | CA9: =CA10*BV3 -> 0 | CC9: =CB9-BY9 -> 0 | CD9: =CD10*BY3 -> 0
C10: Тепло тариф | G10: ='[1]0. ГИРА'!G10 -> 179.50559 | J10: ='[1]0. ГИРА'!J10 -> 215.40671 | M10: ='[1]0. ГИРА'!M10 -> 179.50559 | P10: ='[1]0. ГИРА'!P10 -> 0 | S10: ='[1]0. ГИРА'!S10 -> 0 | V10: ='[1]0. ГИРА'!V10 -> 0 | Y10: ='[1]0. ГИРА'!Y10 -> 0 | AB10: ='[1]0. ГИРА'!AB10 -> 0 | AE10: ='[1]0. ГИРА'!AE10 -> 0 | AH10: ='[1]0. ГИРА'!AH10 -> 0 | AK10: ='[1]0. ГИРА'!AK10 -> 0 | AN10: ='[1]0. ГИРА'!AN10 -> 0 | AQ10: ='[1]0. ГИРА'!AQ10 -> 0 | AT10: ='[1]0. ГИРА'!AT10 -> 0 | AW10: ='[1]0. ГИРА'!AW10 -> 0 | AZ10: ='[1]0. ГИРА'!AZ10 -> 0 | BC10: ='[1]0. ГИРА'!BC10 -> 0 | BF10: ='[1]0. ГИРА'!BF10 -> 0 | BI10: ='[1]0. ГИРА'!BI10 -> 0 | BL10: ='[1]0. ГИРА'!BL10 -> 0 | BO10: ='[1]0. ГИРА'!BO10 -> 0 | BR10: ='[1]0. ГИРА'!BR10 -> 0 | BU10: ='[1]0. ГИРА'!BU10 -> 0.043081342 | BX10: ='[1]0. ГИРА'!BX10 -> 0.045132834 | CA10: ='[1]0. ГИРА'!CA10 -> 0.047184327 | CD10: ='[1]0. ГИРА'!CD10 -> 0
A11: Номер счетчика | C11: Экспл. Услуги от УК | F11: =E11-D11 -> 0 | G11: ='[1]0. ГИРА'!G12 -> 174.37686 | I11: =H11-G11 -> -174.37686 | J11: ='[1]0. ГИРА'!J12 -> 174.37686 | L11: =K11-J11 -> -174.37686 | M11: ='[1]0. ГИРА'!M12 -> 164.1194 | O11: =N11-M11 -> -164.1194 | P11: ='[1]0. ГИРА'!P12 -> 0 | R11: =Q11-P11 -> 0 | S11: ='[1]0. ГИРА'!S12 -> 0 | U11: =T11-S11 -> 0 | V11: ='[1]0. ГИРА'!V12 -> 0 | X11: =W11-T11 -> 0 | Y11: =Y12*T3 -> 0 | AA11: =Z11-W11 -> 0 | AB11: =AB12*W3 -> 0 | AD11: =AC11-Z11 -> 0 | AE11: =AE12*Z3 -> 0 | AG11: =AF11-AC11 -> 0 | AH11: =AH12*AC3 -> 0 | AJ11: =AI11-AF11 -> 0 | AK11: =AK12*AF3 -> 0 | AM11: =AL11-AI11 -> 0 | AN11: =AN12*AI3 -> 0 | AP11: =AO11-AL11 -> 0 | AQ11: =AQ12*AL3 -> 0 | AS11: =AR11-AO11 -> 0 | AT11: =AT12*AO3 -> 0 | AV11: =AU11-AR11 -> 0 | AW11: =AW12*AR3 -> 0 | AY11: =AX11-AU11 -> 0 | AZ11: =AZ12*AU3 -> 0 | BB11: =BA11-AX11 -> 0 | BC11: =BC12*AX3 -> 0 | BE11: =BD11-BA11 -> 0 | BF11: =BF12*BA3 -> 0 | BH11: =BG11-BD11 -> 0 | BI11: =BI12*BD3 -> 0 | BK11: =BJ11-BG11 -> 0 | BL11: =BL12*BG3 -> 0 | BN11: =BM11-BJ11 -> 0 | BO11: =BO12*BJ3 -> 0 | BQ11: =BP11-BM11 -> 0 | BR11: =BR12*BM3 -> 0 | BT11: =BS11-BP11 -> 0 | BU11: =BU12*BP3 -> 0 | BW11: =BV11-BS11 -> 0 | BX11: =BX12*BS3 -> 0 | BZ11: =BY11-BV11 -> 0 | CA11: =CA12*BV3 -> 0 | CC11: =CB11-BY11 -> 0 | CD11: =CD12*BY3 -> 0
C12: Экспл. Услуги от УК тариф | G12: ='[1]0. ГИРА'!G12 -> 174.37686 | J12: ='[1]0. ГИРА'!J12 -> 174.37686 | M12: ='[1]0. ГИРА'!M12 -> 164.1194 | P12: ='[1]0. ГИРА'!P12 -> 0 | S12: ='[1]0. ГИРА'!S12 -> 0 | V12: ='[1]0. ГИРА'!V12 -> 0 | Y12: ='[1]0. ГИРА'!Y12 -> 0 | AB12: ='[1]0. ГИРА'!AB12 -> 0 | AE12: ='[1]0. ГИРА'!AE12 -> 0 | AH12: ='[1]0. ГИРА'!AH12 -> 0 | AK12: ='[1]0. ГИРА'!AK12 -> 0 | AN12: ='[1]0. ГИРА'!AN12 -> 0 | AQ12: ='[1]0. ГИРА'!AQ12 -> 0 | AT12: ='[1]0. ГИРА'!AT12 -> 0 | AW12: ='[1]0. ГИРА'!AW12 -> 0 | AZ12: ='[1]0. ГИРА'!AZ12 -> 0 | BC12: ='[1]0. ГИРА'!BC12 -> 0 | BF12: ='[1]0. ГИРА'!BF12 -> 0 | BI12: ='[1]0. ГИРА'!BI12 -> 0 | BL12: ='[1]0. ГИРА'!BL12 -> 0 | BO12: ='[1]0. ГИРА'!BO12 -> 0 | BR12: ='[1]0. ГИРА'!BR12 -> 0 | BU12: ='[1]0. ГИРА'!BU12 -> 0.043081342 | BX12: ='[1]0. ГИРА'!BX12 -> 0.045132834 | CA12: ='[1]0. ГИРА'!CA12 -> 0.047184327 | CD12: ='[1]0. ГИРА'!CD12 -> 0
